Data;NATUREZA;EQUIPAMENTO;VALOR;Descrição material utilizado
01/01/2026;RTG Material Maitenance;SERVIÇO TERCEIRO;-8.859,20;
05/01/2026;RTG Material Maitenance;SERVIÇO TERCEIRO;2.450,00;AUTO VIDROS CURITIBA
05/01/2026;RTG Material Maitenance;SERVIÇO TERCEIRO;4.790,00;AUTO VIDROS CURITIBA
06/01/2026;RTG Maintenance Services;SERVIÇO TERCEIRO;6.900,00;METALURGICA MARMO
06/01/2026;RTG Maintenance Services;SERVIÇO TERCEIRO;6.900,00;METALURGICA MARMO
06/01/2026;RTG Material Maitenance;SERVIÇO TERCEIRO;9.339,44;ZPMC PANAMA
19/01/2026;RTG Material Maitenance;SERVIÇO TERCEIRO;20.400,00;DHL SOLUTIONS
20/01/2026;RTG Maintenance Services;SERVIÇO TERCEIRO;450,00;TROPICAL
20/01/2026;RTG Maintenance Services;SERVIÇO TERCEIRO;12.918,57;MASTER SUL COMEX LTD
21/01/2026;RTG Material Maitenance;SERVIÇO TERCEIRO;116,28;ATUALFLEX
22/01/2026;RTG Material Maitenance;SERVIÇO TERCEIRO;4.575,00;AUTO VIDROS CURITIBA
23/01/2026;RTG Maintenance Services;SERVIÇO TERCEIRO;999,00;OFICINA SAO LUIZ
27/01/2026;RTG Maintenance Services;SERVIÇO TERCEIRO;435,00;D&P SOLUCOES
27/01/2026;RTG Maintenance Services;SERVIÇO TERCEIRO;1.509,00;MASTER SUL COMEX LTD
27/01/2026;RTG Maintenance Services;SERVIÇO TERCEIRO;12.180,00;KKARSON ENDS SERVIÇO
31/01/2026;RTG Material Maitenance;SERVIÇO TERCEIRO;6.315,66;PROV. OUTRAS DESPESAS JANEIRO 2026
31/01/2026;RTG Material Maitenance;701;610,29;"PARAFUSO CAB QUADRADA;10.9;ANSI/ASME B18 2 1;UNC3/"
31/01/2026;RTG Material Maitenance;701;152,57;"PARAFUSO CAB QUADRADA;10.9;ANSI/ASME B18 2 1;UNC3/"
31/01/2026;RTG Material Maitenance;702;13,02;FITA ISOLAR AREA ,AMA/PRETO
31/01/2026;RTG Material Maitenance;702;1.908,10;"CABO ACO PREFORM;IPH/16MM6X41W"
31/01/2026;RTG Material Maitenance;702;1.826,89;"CABO ACO PREFORM;IPH/16MM6X41W"
31/01/2026;RTG Material Maitenance;702;200,47;"SPRAY;DETECTOR;VAZAMENTO;BUBBL"
31/01/2026;RTG Material Maitenance;702;1.051,16;"GAS REFRIGERANTE;R-410A;CIL 11"
31/01/2026;RTG Material Maitenance;702;3.782,37;"CODIFICADOR;INCR;BID;LEINE E L"
31/01/2026;RTG Material Maitenance;703;-3.017,74;BOBINA FREIO ANTIBALANCO/ AUX
31/01/2026;RTG Material Maitenance;703;154,75;"HASTE;VARETA;ACO;INOX;3.0MM;TA"
31/01/2026;RTG Material Maitenance;703;3.249,83;"MOTOR;CA;TRIFASICO;460V-60HZ;1"
31/01/2026;RTG Material Maitenance;703;25,13;"ADESIVO VED;BRASCOLA/BRASCOVED"
31/01/2026;RTG Material Maitenance;703;3.126,03;"ACOPLAMENTO;BROMMA/BR700758"
31/01/2026;RTG Material Maitenance;703;3.017,74;BOBINA FREIO ANTIBALANCO/ AUX
31/01/2026;RTG Material Maitenance;704;-37,43;"TRAVA;ARANHA;BOGGIE/KONECRANES"
31/01/2026;RTG Material Maitenance;704;-2.178,00;JOYSTICK GESSMANN/V85 B32D
31/01/2026;RTG Material Maitenance;704;6.088,42;"POLIA;AUXILIAR;DO TR;KONECRANE"
31/01/2026;RTG Material Maitenance;704;95,20;"FILTRO;SEPAR;CUMMINS/FS19763"
31/01/2026;RTG Material Maitenance;704;95,20;"FILTRO;SEPAR;CUMMINS/FS19763"
31/01/2026;RTG Material Maitenance;704;251,23;"OLEO LUBRIFICANTE;P/ ENGRENAGE"
31/01/2026;RTG Material Maitenance;704;610,54;"OLEO LUBRIF;MOTOR 15W40"
31/01/2026;RTG Material Maitenance;704;1.041,10;"ADITIVO;P/ RADIADOR;COR:AZUL"
31/01/2026;RTG Material Maitenance;704;109,38;"FILTRO;CART;AG;11/16-16UN;BALD"
31/01/2026;RTG Material Maitenance;704;238,07;"FILTRO;P/ OLEO LUBRIFICANTE;FI"
31/01/2026;RTG Material Maitenance;704;367,31;"ELEMENTO FILTR;AR;FLEETGUARD/A"
31/01/2026;RTG Material Maitenance;704;95,20;"FILTRO;SEPAR;CUMMINS/FS19763"
31/01/2026;RTG Material Maitenance;704;309,51;"HASTE;VARETA;ACO;INOX;3.0MM;TA"
31/01/2026;RTG Material Maitenance;704;1.497,37;"CHAVE FIM CURS;ACE SCHMERSAL/M"
31/01/2026;RTG Material Maitenance;704;51,80;"GRAXA;NAUTICA;LIT;INGRAX/UNILI"
31/01/2026;RTG Material Maitenance;704;190,58;"PORCA P/ROLAM;ROSC DIR;M90X2;B"
31/01/2026;RTG Material Maitenance;704;37,43;"TRAVA;ARANHA;BOGGIE/KONECRANES"
31/01/2026;RTG Material Maitenance;704;63,52;"TRAVA ARANHA;KONECRANES/606800"
31/01/2026;RTG Material Maitenance;704;35,85;"VASELINA;SOLID;LAT 1KG"
31/01/2026;RTG Material Maitenance;704;53,30;"FITA ADES PE;C/TRAMA TECID;PR;"
31/01/2026;RTG Material Maitenance;704;25,41;"FITA ISOL ELETR;750V;ADES;PVC;"
31/01/2026;RTG Material Maitenance;704;369,74;"ACOPLAMENTO FOL;ALU;ALU;2,20NM"
31/01/2026;RTG Material Maitenance;704;95,20;"FILTRO;SEPAR;CUMMINS/FS19763"
31/01/2026;RTG Material Maitenance;704;95,20;"FILTRO;SEPAR;CUMMINS/FS19763"
31/01/2026;RTG Material Maitenance;704;95,20;"FILTRO;SEPAR;CUMMINS/FS19763"
31/01/2026;RTG Material Maitenance;704;95,20;"FILTRO;SEPAR;CUMMINS/FS19763"
31/01/2026;RTG Material Maitenance;704;122,34;"FRASCO;PLAS;INCOL;CIL;250ML;C/"
31/01/2026;RTG Material Maitenance;704;61,17;"FRASCO;PLAS;INCOL;CIL;250ML;C/"
31/01/2026;RTG Material Maitenance;704;2.178,00;JOYSTICK GESSMANN/V85 B32D
31/01/2026;RTG Material Maitenance;704;367,31;"ELEMENTO FILTR;AR;FLEETGUARD/A"
31/01/2026;RTG Material Maitenance;704;190,39;"FILTRO;SEPAR;CUMMINS/FS19763"
31/01/2026;RTG Material Maitenance;704;95,20;"FILTRO;SEPAR;CUMMINS/FS19763"
31/01/2026;RTG Material Maitenance;704;95,20;"FILTRO;SEPAR;CUMMINS/FS19763"
31/01/2026;RTG Material Maitenance;704;95,19;"FILTRO;SEPAR;CUMMINS/FS19763"
31/01/2026;RTG Material Maitenance;704;95,20;"FILTRO;SEPAR;CUMMINS/FS19763"
31/01/2026;RTG Material Maitenance;705;-1.174,08;"DISCO;KONECRANES/NM34008NR2"
31/01/2026;RTG Material Maitenance;705;95,20;"FILTRO;SEPAR;CUMMINS/FS19763"
31/01/2026;RTG Material Maitenance;705;95,20;"FILTRO;SEPAR;CUMMINS/FS19763"
31/01/2026;RTG Material Maitenance;705;95,20;"FILTRO;SEPAR;CUMMINS/FS19763"
31/01/2026;RTG Material Maitenance;705;95,20;"FILTRO;SEPAR;CUMMINS/FS19763"
31/01/2026;RTG Material Maitenance;705;610,54;"OLEO LUBRIF;MOTOR 15W40"
31/01/2026;RTG Material Maitenance;705;109,38;"FILTRO;CART;AG;11/16-16UN;BALD"
31/01/2026;RTG Material Maitenance;705;238,07;"FILTRO;P/ OLEO LUBRIFICANTE;FI"
31/01/2026;RTG Material Maitenance;705;95,20;"FILTRO;SEPAR;CUMMINS/FS19763"
31/01/2026;RTG Material Maitenance;705;152,57;"PARAFUSO CAB QUADRADA;10.9;ANSI/ASME B18 2 1;UNC3/"
31/01/2026;RTG Material Maitenance;705;18,77;"TINTA;PRATA;SPR 200ML;MUNDIAL"
31/01/2026;RTG Material Maitenance;705;1.174,08;"DISCO;KONECRANES/NM34008NR2"
31/01/2026;RTG Material Maitenance;705;1.001,49;"MODULO;KONE/V0003740"
31/01/2026;RTG Material Maitenance;705;5.148,10;"BOBINA;COMPLETA;P/FREIO;GANTRY"
31/01/2026;RTG Material Maitenance;705;35,85;"VASELINA;SOLID;LAT 1KG"
31/01/2026;RTG Material Maitenance;705;5.148,10;"BOBINA;COMPLETA;P/FREIO;GANTRY"
31/01/2026;RTG Material Maitenance;705;1.861,11;"BATERIA AUTO;SELAD;12V;180A"
31/01/2026;RTG Material Maitenance;705;1.576,47;"SENSOR;BIDUK/I7CF-M3016A-OEL4"
31/01/2026;RTG Material Maitenance;705;19,15;"RELE;AUX;12V;DNI/8112"
31/01/2026;RTG Material Maitenance;705;2.542,16;ALTERNADOR 24V TRs 01 A 07 (Re
31/01/2026;RTG Material Maitenance;705;305,27;"OLEO LUBRIF;MOTOR 15W40"
31/01/2026;RTG Material Maitenance;705;198,17;"RELE AUX ENC;TERMIN;24VCC;FIND"
31/01/2026;RTG Material Maitenance;705;198,17;"RELE AUX ENC;TERMIN;24VCC;FIND"
31/01/2026;RTG Material Maitenance;705;23.144,89;GERADOR ELETRICO DE CORRENTE A
31/01/2026;RTG Material Maitenance;705;704,68;"REGULADOR TENS;ENCAPSULADO;GRAMEYER/RT7-TH4 E 5A-A"
31/01/2026;RTG Material Maitenance;705;23.144,89;GERADOR ELETRICO DE CORRENTE A
31/01/2026;RTG Material Maitenance;705;29,71;"ARRUELA;1/2POL;APLICACAO:MOTOR"
31/01/2026;RTG Material Maitenance;705;118,85;"ARRUELA;1/2POL;APLICACAO:MOTOR"
31/01/2026;RTG Material Maitenance;706;-1.383,71;"SUPORTE;P/ ALTERNADOR;DO MOTOR"
31/01/2026;RTG Material Maitenance;706;-190,58;"PORCA P/ROLAM;ROSC DIR;M90X2;B"
31/01/2026;RTG Material Maitenance;706;1.383,71;"SUPORTE;P/ ALTERNADOR;DO MOTOR"
31/01/2026;RTG Material Maitenance;706;41,96;PARAFUSO SEXTAVADO FLANGEADO 8
31/01/2026;RTG Material Maitenance;706;73,31;"CHAVETA;KALMAR/9238280841"
31/01/2026;RTG Material Maitenance;706;3.638,04;"LUMINARIA;LATINA/LT.BIL.A050.60"
31/01/2026;RTG Material Maitenance;706;3.059,10;"FILTRO DUPLO; F/R:77656002"
31/01/2026;RTG Material Maitenance;706;610,54;"OLEO LUBRIF;MOTOR 15W40"
31/01/2026;RTG Material Maitenance;706;109,38;"FILTRO;CART;AG;11/16-16UN;BALD"
31/01/2026;RTG Material Maitenance;706;238,07;"FILTRO;P/ OLEO LUBRIFICANTE;FI"
31/01/2026;RTG Material Maitenance;706;95,20;"FILTRO;SEPAR;CUMMINS/FS19763"
31/01/2026;RTG Material Maitenance;706;167,89;"TOALHA IND;BR;KIMBERLY CLARK/W"
31/01/2026;RTG Material Maitenance;706;5.148,10;"BOBINA;COMPLETA;P/FREIO;GANTRY"
31/01/2026;RTG Material Maitenance;706;2.313,10;"MOTOR;LOCK;PIN;REPARADO;KONECR"
31/01/2026;RTG Material Maitenance;706;74,87;"TRAVA;ARANHA;BOGGIE/KONECRANES"
31/01/2026;RTG Material Maitenance;706;381,15;"PORCA P/ROLAM;ROSC DIR;M90X2;B"
31/01/2026;RTG Material Maitenance;706;68,97;"KIT;VALVULA;ADCIONADORA;SHRADER;1/4X1/4;1/4X5/16;R"
31/01/2026;RTG Material Maitenance;706;198,74;"OLEO;COMPRESSOR;POE;BASE;32;1LITRO;F/R;ERRECOM;VF0"
31/01/2026;RTG Material Maitenance;706;157,68;"FLUIDO;LIMPEZA;MASTERCOOL/9105"
31/01/2026;RTG Material Maitenance;706;2.002,98;"MODULO;KONE/V0003740"
31/01/2026;RTG Material Maitenance;706;251,23;"OLEO LUBRIFICANTE;P/ ENGRENAGE"
31/01/2026;RTG Material Maitenance;706;95,20;"FILTRO;SEPAR;CUMMINS/FS19763"
31/01/2026;RTG Material Maitenance;706;95,19;"FILTRO;SEPAR;CUMMINS/FS19763"
31/01/2026;RTG Material Maitenance;708;-3.702,60;"MODULO;ELETRONICO;POTENCIA;COM"
31/01/2026;RTG Material Maitenance;708;3.702,60;"MODULO;ELETRONICO;POTENCIA;COM"
31/01/2026;RTG Material Maitenance;708;167,89;"TOALHA IND;BR;KIMBERLY CLARK/W"
31/01/2026;RTG Material Maitenance;708;95,20;"FILTRO;SEPAR;CUMMINS/FS19763"
31/01/2026;RTG Material Maitenance;708;611,06;"FILTRO;AR;CUMMINS/AF25708M"
31/01/2026;RTG Material Maitenance;708;263,97;"FILTRO;AG;FLEETGUARD/WF2126;DO"
31/01/2026;RTG Material Maitenance;708;248,57;"FILTRO;F/R:FLEETGUARD/LF9070"
31/01/2026;RTG Material Maitenance;708;1.007,29;"FILTRO;DIESEL;CUMMINS/FF63010"
31/01/2026;RTG Material Maitenance;708;1.007,29;"FILTRO;DIESEL;CUMMINS/FF63010"
31/01/2026;RTG Material Maitenance;708;42.700,92;"BOMBA;COMBUSTIVEL;INJETORA;APL"
31/01/2026;RTG Material Maitenance;708;93,23;"LUBRIFICANTE;MOLYGRAFIT/ACAERO"
31/01/2026;RTG Material Maitenance;708;1.526,36;"OLEO LUBRIF;MOTOR 15W40"
31/01/2026;RTG Material Maitenance;708;61,17;"FRASCO;PLAS;INCOL;CIL;250ML;C/"
31/01/2026;RTG Material Maitenance;708;263,97;"FILTRO;AG;FLEETGUARD/WF2126;DO"
31/01/2026;RTG Material Maitenance;708;1.007,29;"FILTRO;DIESEL;CUMMINS/FF63010"
31/01/2026;RTG Material Maitenance;708;95,20;"FILTRO;SEPAR;CUMMINS/FS19763"
31/01/2026;RTG Material Maitenance;708;1.434,17;"SAPATA;FREIO;UNITARIO; ESPESSU"
31/01/2026;RTG Material Maitenance;708;141,57;"VASSOURA;LAVA;ONIBUS;30CM;CERDAS;PET;C/CABO;2M;F/R"
31/01/2026;RTG Material Maitenance;708;51,80;"GRAXA;NAUTICA;LIT;INGRAX/UNILI"
31/01/2026;RTG Material Maitenance;708;2.168,93;"KIT;REPARO;FREIO;KALMAR;BOBINA"
31/01/2026;RTG Material Maitenance;708;580,80;"COXIM;BORRACHA;M10;ROSCA MACHO"
31/01/2026;RTG Material Maitenance;709;611,06;"FILTRO;AR;CUMMINS/AF25708M"
31/01/2026;RTG Material Maitenance;709;1.526,36;"OLEO LUBRIF;MOTOR 15W40"
31/01/2026;RTG Material Maitenance;709;93,23;"LUBRIFICANTE;MOLYGRAFIT/ACAERO"
31/01/2026;RTG Material Maitenance;709;1.007,29;"FILTRO;DIESEL;CUMMINS/FF63010"
31/01/2026;RTG Material Maitenance;709;263,97;"FILTRO;AG;FLEETGUARD/WF2126;DO"
31/01/2026;RTG Material Maitenance;709;95,20;"FILTRO;SEPAR;CUMMINS/FS19763"
31/01/2026;RTG Material Maitenance;709;248,57;"FILTRO;F/R:FLEETGUARD/LF9070"
31/01/2026;RTG Material Maitenance;709;15,53;"CADEADO;LAT MACIC;25MM;S/INVOL"
31/01/2026;RTG Material Maitenance;709;62,61;"FITA ADES DU FACE;ESP ACRIL;LI"
31/01/2026;RTG Material Maitenance;709;261,70;"CONTATOR TRIP;17A;230VCA;SIEME"
31/01/2026;RTG Material Maitenance;709;7.638,16;"CONJUNTO;PASTILHA;FREIO;ELEVAC"
31/01/2026;RTG Material Maitenance;709;7.638,16;"CONJUNTO;PASTILHA;FREIO;ELEVAC"
31/01/2026;RTG Material Maitenance;709;40,16;"BARRA ROSC AC INOX;AISI 304;M1"
31/01/2026;RTG Material Maitenance;709;154,75;"HASTE;VARETA;ACO;INOX;3.0MM;TA"
31/01/2026;RTG Material Maitenance;709;117,88;ALCOOL ISOPROPILICO 5 LT GALAO
31/01/2026;RTG Material Maitenance;709;95,20;"FILTRO;SEPAR;CUMMINS/FS19763"
31/01/2026;RTG Material Maitenance;709;61,17;"FRASCO;PLAS;INCOL;CIL;250ML;C/"
31/01/2026;RTG Material Maitenance;709;150,64;"CORREIA;TERBERG/3290051"
31/01/2026;RTG Material Maitenance;709;26,95;"FLUIDO LIMP CONT;WURTH/3895653"
31/01/2026;RTG Material Maitenance;709;33,51;"ADESIVO VED;BRASCOLA/BRASCOVED"
31/01/2026;RTG Material Maitenance;709;95,20;"FILTRO;SEPAR;CUMMINS/FS19763"
31/01/2026;RTG Material Maitenance;709;95,20;"FILTRO;SEPAR;CUMMINS/FS19763"
31/01/2026;RTG Material Maitenance;710;450,04;"RELE AUX ENC;PIN;24VCC;10A;REL"
31/01/2026;RTG Material Maitenance;710;3.212,17;"MODULO ELET SAI;SIEMENS/6ES732"
31/01/2026;RTG Material Maitenance;710;124,84;"BUZINA;ELET 24VCC;S/CORNETA;BO"
31/01/2026;RTG Material Maitenance;710;119,30;"RELE AUX ENC;SOQ;24VCC;FINDER/"
31/01/2026;RTG Material Maitenance;710;33,28;"BASE RELE;FINDER SER 6013;SOQ;"
31/01/2026;RTG Material Maitenance;710;807,67;"ENGRENAGEM;MOTOR;SKEW;ARMENIO/"
31/01/2026;RTG Material Maitenance;710;286,85;"ANTENA;CAMERA;MONITOR;APLICACA"
31/01/2026;RTG Material Maitenance;710;4.409,33;"MOTOR:SEW;KALMAR;SKEW;SEW EURO"
31/01/2026;RTG Material Maitenance;710;807,67;"ENGRENAGEM;MOTOR;SKEW;ARMENIO/"
31/01/2026;RTG Material Maitenance;710;17,14;"PRENSA CABO;PHOENIX/1424472"
31/01/2026;RTG Material Maitenance;710;611,06;"FILTRO;AR;CUMMINS/AF25708M"
31/01/2026;RTG Material Maitenance;710;95,20;"FILTRO;SEPAR;CUMMINS/FS19763"
31/01/2026;RTG Material Maitenance;710;95,19;"FILTRO;SEPAR;CUMMINS/FS19763"
31/01/2026;RTG Material Maitenance;710;1.007,29;"FILTRO;DIESEL;CUMMINS/FF63010"
31/01/2026;RTG Material Maitenance;710;1.526,36;"OLEO LUBRIF;MOTOR 15W40"
31/01/2026;RTG Material Maitenance;710;93,23;"LUBRIFICANTE;MOLYGRAFIT/ACAERO"
31/01/2026;RTG Material Maitenance;710;263,97;"FILTRO;AG;FLEETGUARD/WF2126;DO"
31/01/2026;RTG Material Maitenance;710;61,17;"FRASCO;PLAS;INCOL;CIL;250ML;C/"
31/01/2026;RTG Material Maitenance;710;35,85;"VASELINA;SOLID;LAT 1KG"
31/01/2026;RTG Material Maitenance;710;15,26;"OLEO LUBRIF;MOTOR 15W40"
31/01/2026;RTG Material Maitenance;710;76,32;"OLEO LUBRIF;MOTOR 15W40"
31/01/2026;RTG Material Maitenance;710;935,88;"VALVULA HIDR DIREC;EATON/DG4V3"
31/01/2026;RTG Material Maitenance;711;5.197,25;"MOTOR;KONECRANES/MFXP200212BB5"
31/01/2026;RTG Material Maitenance;711;95,20;"FILTRO;SEPAR;CUMMINS/FS19763"
31/01/2026;RTG Material Maitenance;711;22,32;"RELE AUX ENC;SOQ;12VCC;40A;1NA"
31/01/2026;RTG Material Maitenance;711;797,65;"CONECTOR REDE;PROFIBUS;90 GR;1"
31/01/2026;RTG Material Maitenance;711;95,20;"FILTRO;SEPAR;CUMMINS/FS19763"
31/01/2026;RTG Material Maitenance;711;2.770,57;"MOTOR PARTID;7,5KW;24VCC;DELCO"
31/01/2026;RTG Material Maitenance;711;95,20;"FILTRO;SEPAR;CUMMINS/FS19763"
31/01/2026;RTG Material Maitenance;711;294,93;"FILTRO;PRIMAR;AR;DONALDSON/P78"
31/01/2026;RTG Material Maitenance;711;19.204,50;"TURBO;CUMMINS/4955240"
31/01/2026;RTG Material Maitenance;711;20,32;"ADESIVO INST;CIANOACR;HENKEL/S"
31/01/2026;RTG Material Maitenance;711;6.186,36;"CONDICIONADOR AR;SPLIT;24000BT"
31/01/2026;RTG Material Maitenance;711;21,31;"TUBO;BLINDADO;5/8;BRANCO/PRETO"
31/01/2026;RTG Material Maitenance;711;17,20;"TUBO;BLINDADO;1/4;BRANCO/PRETO"
31/01/2026;RTG Material Maitenance;711;263,97;"FILTRO;AG;FLEETGUARD/WF2126;DO"
31/01/2026;RTG Material Maitenance;711;14,70;"PLUGUE;MACHO;P/TOMADA;20A;250V"
31/01/2026;RTG Material Maitenance;711;20,51;"PLUGUE;FEMEA; P/TOMADA;20 A;25"
31/01/2026;RTG Material Maitenance;711;36,04;PILHA(AAA) CONJUNTO 2 UNIDADES
31/01/2026;RTG Material Maitenance;711;11,66;"SILICONE SPRAY;MUNDIAL PRIME/A"
31/01/2026;RTG Material Maitenance;711;1.526,36;"OLEO LUBRIF;MOTOR 15W40"
31/01/2026;RTG Material Maitenance;711;61,17;"FRASCO;PLAS;INCOL;CIL;250ML;C/"
31/01/2026;RTG Material Maitenance;711;228,45;"ELEMENTO FILTR;OLEO DIESEL;FLE"
31/01/2026;RTG Material Maitenance;711;263,97;"FILTRO;AG;FLEETGUARD/WF2126;DO"
31/01/2026;RTG Material Maitenance;711;95,20;"FILTRO;SEPAR;CUMMINS/FS19763"
31/01/2026;RTG Material Maitenance;711;7.505,18;"BOBINA;KONECRANES/60/891.080.1"
31/01/2026;RTG Material Maitenance;711;1.151,64;"ANEL;LEINE E LINDE/66451901"
31/01/2026;RTG Material Maitenance;711;1.079,92;"DESENGRAXANTE;20L;CERTIFIED/DA"
31/01/2026;RTG Material Maitenance;711;1.223,45;"DESENGRAXANTE;DIELETRICO;WURTH"
31/01/2026;RTG Material Maitenance;711;26,95;"FLUIDO LIMP CONT;WURTH/3895653"
31/01/2026;RTG Material Maitenance;711;22,04;"ADESIVO EPOXI;LIQ;BRASCOLA/ARA"
31/01/2026;RTG Material Maitenance;711;17,58;"GRAMPO P/CAB AC;LEV;1/2POL;SAE"
31/01/2026;RTG Material Maitenance;711;5.197,25;"MOTOR;KONECRANES/MFXP200212BB5"
31/01/2026;RTG Material Maitenance;711;1.426,00;"MODULO;RETIFICADOR;RGM100"
31/01/2026;RTG Material Maitenance;711;1.001,49;"MODULO;KONE/V0003740"
31/01/2026;RTG Material Maitenance;711;4,54;"FUSIVEL;VIDRO;GRANDE;2A"
31/01/2026;RTG Material Maitenance;711;167,89;"TOALHA IND;BR;KIMBERLY CLARK/W"
31/01/2026;RTG Material Maitenance;711;27.029,62;"CHAVE;FIM;CURSO;KONECRANES/524"
31/01/2026;RTG Material Maitenance;711;248,57;"FILTRO;F/R:FLEETGUARD/LF9070"
31/01/2026;RTG Material Maitenance;711;11.616,00;"RADIADOR;AGUA;APLICACAO;GR"
31/01/2026;RTG Material Maitenance;712;223,09;"ADITIVO;P/ RADIADOR;COR:AZUL"
31/01/2026;RTG Material Maitenance;712;19,08;"OLEO DESENGRIP;AEROSSOL 300ML;"
31/01/2026;RTG Material Maitenance;712;95,20;"FILTRO;SEPAR;CUMMINS/FS19763"
31/01/2026;RTG Material Maitenance;712;2.770,57;"MOTOR PARTID;7,5KW;24VCC;DELCO"
31/01/2026;RTG Material Maitenance;712;40,43;"FLUIDO LIMP CONT;WURTH/3895653"
31/01/2026;RTG Material Maitenance;712;95,20;"FILTRO;SEPAR;CUMMINS/FS19763"
31/01/2026;RTG Material Maitenance;712;95,20;"FILTRO;SEPAR;CUMMINS/FS19763"
31/01/2026;RTG Material Maitenance;712;275,50;"FILTRO;DIESEL;CUMMINS/FF63046N"
31/01/2026;RTG Material Maitenance;712;2.770,57;"MOTOR PARTID;7,5KW;24VCC;DELCO"
31/01/2026;RTG Material Maitenance;712;1.434,86;"CORREIA;CUMMINS/3106099"
31/01/2026;RTG Material Maitenance;712;2.259,67;"TENSOR;KONECRANES/3104029"
31/01/2026;RTG Material Maitenance;712;1.027,60;"CORREIA;CUMMINS/3681636"
31/01/2026;RTG Material Maitenance;712;2.369,02;ALTERNADOR 24V 4936879
31/01/2026;RTG Material Maitenance;712;3.852,34;"SUPORTE;DONALDSON/G180031"
31/01/2026;RTG Material Maitenance;712;1.434,86;"CORREIA;CUMMINS/3106099"
31/01/2026;RTG Material Maitenance;712;190,39;"FILTRO;SEPAR;CUMMINS/FS19763"
31/01/2026;RTG Material Maitenance;712;190,39;"FILTRO;SEPAR;CUMMINS/FS19763"
31/01/2026;RTG Material Maitenance;712;95,20;"FILTRO;SEPAR;CUMMINS/FS19763"
31/01/2026;RTG Material Maitenance;712;248,57;"FILTRO;F/R:FLEETGUARD/LF9070"
31/01/2026;RTG Material Maitenance;712;1.526,36;"OLEO LUBRIF;MOTOR 15W40"
31/01/2026;RTG Material Maitenance;712;228,45;"ELEMENTO FILTR;OLEO DIESEL;FLE"
31/01/2026;RTG Material Maitenance;712;263,97;"FILTRO;AG;FLEETGUARD/WF2126;DO"
31/01/2026;RTG Material Maitenance;712;95,20;"FILTRO;SEPAR;CUMMINS/FS19763"
31/01/2026;RTG Material Maitenance;712;651,57;"DOBRADICA;DHL/DPTR-DHL-2360"
31/01/2026;RTG Material Maitenance;712;615,18;PARAFUSO F/R:DHL/PAR-2581
31/01/2026;RTG Material Maitenance;712;4.532,91;"ACOPLAMENTO;ACO;MOTOR;GANTRY;A"
31/01/2026;RTG Material Maitenance;712;325,79;"DOBRADICA;DHL/DPTR-DHL-2360"
31/01/2026;RTG Material Maitenance;712;3.332,48;"MANCAL;140X48MM;RASGO;70X46MM"
31/01/2026;RTG Material Maitenance;712;95,20;"FILTRO;SEPAR;CUMMINS/FS19763"
31/01/2026;RTG Material Maitenance;712;1.426,00;"MODULO;RETIFICADOR;RGM100"
31/01/2026;RTG Material Maitenance;712;2,72;"FUSIVEL;VIDRO;GRANDE;2A"
31/01/2026;RTG Material Maitenance;712;7.066,53;"FREIO;GANTRY/TRANSLADO;TR-11-2"
31/01/2026;RTG Material Maitenance;713;95,20;"FILTRO;SEPAR;CUMMINS/FS19763"
31/01/2026;RTG Material Maitenance;713;95,20;"FILTRO;SEPAR;CUMMINS/FS19763"
31/01/2026;RTG Material Maitenance;713;5.197,25;"MOTOR;KONECRANES/MFXP200212BB5"
31/01/2026;RTG Material Maitenance;713;21.199,58;"FREIO;GANTRY/TRANSLADO;TR-11-2"
31/01/2026;RTG Material Maitenance;713;11.848,08;"MOTOR;KONECRANES/MF13G200210AA"
31/01/2026;RTG Material Maitenance;713;3.004,47;"MODULO;KONE/V0003740"
31/01/2026;RTG Material Maitenance;713;21,60;"ANEL ELASTICO;FURO;35MM;DOBER"
31/01/2026;RTG Material Maitenance;713;1.506,45;"VENTILADOR;HELICE;POSITIVO/100"
31/01/2026;RTG Material Maitenance;713;1.359,41;"BLOCO CONT AUX TEMPORIZ;SCHNEI"
31/01/2026;RTG Material Maitenance;713;679,70;"BLOCO CONT AUX TEMPORIZ;SCHNEI"
31/01/2026;RTG Material Maitenance;713;109,43;"BLOCO CONT AUX INST;2NA;SCHNEI"
31/01/2026;RTG Material Maitenance;713;7.066,53;"FREIO;GANTRY/TRANSLADO;TR-11-2"
31/01/2026;RTG Material Maitenance;713;247,61;"CONTATOR TRIP;12A;120VCA;SCHNE"
31/01/2026;RTG Material Maitenance;713;33,55;"ESTILETE;RETRAT;LARG;AZ/AM;ABS"
31/01/2026;RTG Material Maitenance;713;6,36;"SACO LIX;PVC;100L;EMBAL C/100"
31/01/2026;RTG Material Maitenance;713;15,53;"CADEADO;LAT MACIC;25MM;S/INVOL"
31/01/2026;RTG Material Maitenance;713;95,20;"FILTRO;SEPAR;CUMMINS/FS19763"
31/01/2026;RTG Material Maitenance;713;95,20;"FILTRO;SEPAR;CUMMINS/FS19763"
31/01/2026;RTG Material Maitenance;713;10.099,38;"ATUADOR;CUMMINS/4089980"
31/01/2026;RTG Material Maitenance;713;1.487,28;"ADITIVO;P/ RADIADOR;COR:AZUL"
31/01/2026;RTG Material Maitenance;713;1.526,36;"OLEO LUBRIF;MOTOR 15W40"
31/01/2026;RTG Material Maitenance;713;61,17;"FRASCO;PLAS;INCOL;CIL;250ML;C/"
31/01/2026;RTG Material Maitenance;713;228,45;"ELEMENTO FILTR;OLEO DIESEL;FLE"
31/01/2026;RTG Material Maitenance;713;263,97;"FILTRO;AG;FLEETGUARD/WF2126;DO"
31/01/2026;RTG Material Maitenance;713;95,19;"FILTRO;SEPAR;CUMMINS/FS19763"
31/01/2026;RTG Material Maitenance;713;3.739,87;"CABO;P/ ESTEIRA PORTA CABO; ES"
31/01/2026;RTG Material Maitenance;713;136,58;"PROTECAO;CONECTOR;BATERIA;PAR"
31/01/2026;RTG Material Maitenance;713;11,16;"RELE AUX ENC;SOQ;12VCC;40A;1NA"
31/01/2026;RTG Material Maitenance;713;24,96;"TRAVA;ARANHA;BOGGIE/KONECRANES"
31/01/2026;RTG Material Maitenance;713;63,53;"PORCA P/ROLAM;ROSC DIR;M90X2;B"
31/01/2026;RTG Material Maitenance;713;266,15;"CABO ACO PREFORM;CABOPEC/CABOA"
31/01/2026;RTG Material Maitenance;713;17,58;"GRAMPO P/CAB AC;LEV;1/2POL;SAE"
31/01/2026;RTG Material Maitenance;713;13,47;"RELE AUTOMOT;C/SUPORT;24V;4PIN"
31/01/2026;RTG Material Maitenance;713;63,52;"TRAVA ARANHA;KONECRANES/606800"
31/01/2026;RTG Material Maitenance;713;71,71;"VASELINA;SOLID;LAT 1KG"
31/01/2026;RTG Material Maitenance;713;35,85;"VASELINA;SOLID;LAT 1KG"
31/01/2026;RTG Material Maitenance;713;95,20;"FILTRO;SEPAR;CUMMINS/FS19763"
31/01/2026;RTG Material Maitenance;714;1.434,86;"CORREIA;CUMMINS/3106099"
31/01/2026;RTG Material Maitenance;714;30,72;"ANEL;VEDACAO;TURBO;CUMMINS/368"
31/01/2026;RTG Material Maitenance;714;25,13;"ADESIVO VED;BRASCOLA/BRASCOVED"
31/01/2026;RTG Material Maitenance;714;156,41;"JUNTA;CUMMINS/3171368"
31/01/2026;RTG Material Maitenance;714;3,56;"JUNTA;CUMMINS/3202117"
31/01/2026;RTG Material Maitenance;714;1.294,88;"KIT SOLDA;A FRIO;PLASTEEL"
31/01/2026;RTG Material Maitenance;714;819,54;"SUPORTE;CUMMINS/3681191"
31/01/2026;RTG Material Maitenance;714;78,75;"SOLDA FRIA;F/R: 15000001839"
31/01/2026;RTG Material Maitenance;714;117,60;"RETENTOR;CUMMINS/200307"
31/01/2026;RTG Material Maitenance;714;963,48;"CONE ROL CON;EIX 34,92MM;30811"
31/01/2026;RTG Material Maitenance;714;30,59;"ARRUELA;CUMMINS/3012467"
31/01/2026;RTG Material Maitenance;714;29,46;"PORCA;CUMMINS/142176"
31/01/2026;RTG Material Maitenance;714;93,23;"LUBRIFICANTE;MOLYGRAFIT/ACAERO"
31/01/2026;RTG Material Maitenance;714;95,20;"FILTRO;SEPAR;CUMMINS/FS19763"
31/01/2026;RTG Material Maitenance;714;4.419,33;"INDICADOR NIVEL;OLEO;ESCALA MI"
31/01/2026;RTG Material Maitenance;714;2.369,02;ALTERNADOR 24V 4936879
31/01/2026;RTG Material Maitenance;714;1.861,11;"BATERIA AUTO;SELAD;12V;180A"
31/01/2026;RTG Material Maitenance;714;172,35;"ELEMENTO FILTR;AR SEC;DONALDSO"
31/01/2026;RTG Material Maitenance;714;95,20;"FILTRO;SEPAR;CUMMINS/FS19763"
31/01/2026;RTG Material Maitenance;714;238,98;"CHAVE;GERAL;OSPINA/094004"
31/01/2026;RTG Material Maitenance;714;1.861,11;"BATERIA AUTO;SELAD;12V;180A"
31/01/2026;RTG Material Maitenance;714;2.770,57;"MOTOR PARTID;7,5KW;24VCC;DELCO"
31/01/2026;RTG Material Maitenance;714;238,98;"CHAVE;GERAL;OSPINA/094004"
31/01/2026;RTG Material Maitenance;714;5.197,25;"MOTOR;KONECRANES/MFXP200212BB5"
31/01/2026;RTG Material Maitenance;714;615,18;PARAFUSO F/R:DHL/PAR-2581
31/01/2026;RTG Material Maitenance;714;7,20;"ANEL ELASTICO;FURO;35MM;DOBER"
31/01/2026;RTG Material Maitenance;714;7.276,06;"INVERSOR;KONECRANES/D2C005FT58"
31/01/2026;RTG Material Maitenance;714;95,20;"FILTRO;SEPAR;CUMMINS/FS19763"
31/01/2026;RTG Material Maitenance;714;2.851,99;"MODULO;RETIFICADOR;RGM100"
31/01/2026;RTG Material Maitenance;714;3.752,59;"BOBINA;KONECRANES/60/891.080.1"
31/01/2026;RTG Material Maitenance;714;1.908,10;"CABO ACO PREFORM;IPH/16MM6X41W"
31/01/2026;RTG Material Maitenance;714;1.826,89;"CABO ACO PREFORM;IPH/16MM6X41W"
31/01/2026;RTG Material Maitenance;714;4.281,60;"CABO ACO PREFORM;IPH/26MM6X41W"
31/01/2026;RTG Material Maitenance;714;1.908,10;"CABO ACO PREFORM;IPH/16MM6X41W"
31/01/2026;RTG Material Maitenance;714;3.782,37;"CODIFICADOR;INCR;BID;LEINE E L"
31/01/2026;RTG Material Maitenance;715;23,06;"ADESIVO VED; INCOLOR;WURTH/089"
31/01/2026;RTG Material Maitenance;715;95,20;"FILTRO;SEPAR;CUMMINS/FS19763"
31/01/2026;RTG Material Maitenance;715;152,64;"OLEO LUBRIF;MOTOR 15W40"
31/01/2026;RTG Material Maitenance;715;294,93;"FILTRO;PRIMAR;AR;DONALDSON/P78"
31/01/2026;RTG Material Maitenance;715;172,35;"ELEMENTO FILTR;AR SEC;DONALDSO"
31/01/2026;RTG Material Maitenance;715;556,69;"CONECTOR P/CAB COMUNIC RED;6ES"
31/01/2026;RTG Material Maitenance;715;4.011,37;"REGULADOR TENS;5A;STAMFORD;AVR"
31/01/2026;RTG Material Maitenance;715;4.331,19;"ACOPLAMENTO;KONECRANES/5G4408"
31/01/2026;RTG Material Maitenance;715;330,33;"ALAVANCA;AJUSTAVEL;APLICACAO;L"
31/01/2026;RTG Material Maitenance;715;263,97;"FILTRO;AG;FLEETGUARD/WF2126;DO"
31/01/2026;RTG Material Maitenance;715;228,95;"OLEO LUBRIF;MOTOR 15W40"
31/01/2026;RTG Material Maitenance;715;1.526,36;"OLEO LUBRIF;MOTOR 15W40"
31/01/2026;RTG Material Maitenance;715;1.041,10;"ADITIVO;P/ RADIADOR;COR:AZUL"
31/01/2026;RTG Material Maitenance;715;61,17;"FRASCO;PLAS;INCOL;CIL;250ML;C/"
31/01/2026;RTG Material Maitenance;715;228,45;"ELEMENTO FILTR;OLEO DIESEL;FLE"
31/01/2026;RTG Material Maitenance;715;263,97;"FILTRO;AG;FLEETGUARD/WF2126;DO"
31/01/2026;RTG Material Maitenance;715;172,35;"ELEMENTO FILTR;AR SEC;DONALDSO"
31/01/2026;RTG Material Maitenance;715;2.851,99;"MODULO;RETIFICADOR;RGM100"
31/01/2026;RTG Material Maitenance;715;14.133,05;"FREIO;GANTRY/TRANSLADO;TR-11-2"
31/01/2026;RTG Material Maitenance;715;162,78;"BUCHA;KONECRANES/52490100"
31/01/2026;RTG Material Maitenance;715;162,78;"BUCHA;KONECRANES/52490100"
31/01/2026;RTG Material Maitenance;715;1.983,26;"GRAXA;OLEO MINER;ROCOL/RDOFFSH"
31/01/2026;RTG Material Maitenance;715;35,96;"RETENTOR;45X72X9,50MM;SABO/015"
31/01/2026;RTG Material Maitenance;715;44,08;"ADESIVO EPOXI;LIQ;BRASCOLA/ARA"
31/01/2026;RTG Material Maitenance;715;20,32;"ADESIVO INST;CIANOACR;HENKEL/S"
31/01/2026;RTG Material Maitenance;715;9.065,82;"ACOPLAMENTO;ACO;MOTOR;GANTRY;A"
31/01/2026;RTG Material Maitenance;715;551,30;"CONTATOR TRIP;18A;110VCA;SCHNE"
31/01/2026;RTG Material Maitenance;715;1.359,41;"BLOCO CONT AUX TEMPORIZ;SCHNEI"
31/01/2026;RTG Material Maitenance;715;679,70;"BLOCO CONT AUX TEMPORIZ;SCHNEI"
31/01/2026;RTG Material Maitenance;715;551,30;"CONTATOR TRIP;18A;110VCA;SCHNE"
31/01/2026;RTG Material Maitenance;715;615,18;PARAFUSO F/R:DHL/PAR-2581
31/01/2026;RTG Material Maitenance;715;294,93;"FILTRO;PRIMAR;AR;DONALDSON/P78"
31/01/2026;RTG Material Maitenance;715;1.826,89;"CABO ACO PREFORM;IPH/16MM6X41W"
31/01/2026;RTG Material Maitenance;716;-5.197,25;"MOTOR;KONECRANES/MFXP200212BB5"
31/01/2026;RTG Material Maitenance;716;5.277,87;"MODULO ELET ENT;SIEMENS/6ES732"
31/01/2026;RTG Material Maitenance;716;5.277,87;"MODULO ELET ENT;SIEMENS/6ES732"
31/01/2026;RTG Material Maitenance;716;930,55;"BATERIA AUTO;SELAD;12V;180A"
31/01/2026;RTG Material Maitenance;716;11.730,35;"CABO;P/ ESTEIRA PORTA CABO;ESP"
31/01/2026;RTG Material Maitenance;716;29,44;"INSETICIDA;RECKITT/SBPMULTIINS"
31/01/2026;RTG Material Maitenance;716;5.197,25;"MOTOR;KONECRANES/MFXP200212BB5"
31/01/2026;RTG Material Maitenance;716;5.197,25;"MOTOR;KONECRANES/MFXP200212BB5"
31/01/2026;RTG Material Maitenance;716;18,02;PILHA(AAA) CONJUNTO 2 UNIDADES
31/01/2026;RTG Material Maitenance;716;113,17;"ARAME SOLD ESTANH;SN 63PCT/PB"
31/01/2026;RTG Material Maitenance;716;35,85;"VASELINA;SOLID;LAT 1KG"
31/01/2026;RTG Material Maitenance;716;122,34;"FRASCO;PLAS;INCOL;CIL;250ML;C/"
31/01/2026;RTG Material Maitenance;716;95,20;"FILTRO;SEPAR;CUMMINS/FS19763"
31/01/2026;RTG Material Maitenance;716;1.526,36;"OLEO LUBRIF;MOTOR 15W40"
31/01/2026;RTG Material Maitenance;716;61,17;"FRASCO;PLAS;INCOL;CIL;250ML;C/"
31/01/2026;RTG Material Maitenance;716;1.007,29;"FILTRO;DIESEL;CUMMINS/FF63010"
31/01/2026;RTG Material Maitenance;716;263,97;"FILTRO;AG;FLEETGUARD/WF2126;DO"
31/01/2026;RTG Material Maitenance;716;466,44;"CABO;SISTEMA;BUS;SAC-2P-15,0-9"
31/01/2026;RTG Material Maitenance;716;248,57;"FILTRO;F/R:FLEETGUARD/LF9070"
31/01/2026;RTG Material Maitenance;716;96,91;"RETENTOR;48X55X9MM;VITON;LISO;"
31/01/2026;RTG Material Maitenance;716;325,56;"BUCHA;KONECRANES/52490100"
31/01/2026;RTG Material Maitenance;716;191,02;"RETENTOR;150X180X15MM;NBR;LISO"
31/01/2026;RTG Material Maitenance;716;5.162,94;"ROLAMENTO AUTOC ROL;RAD/AXI;AC"
31/01/2026;RTG Material Maitenance;716;615,18;PARAFUSO F/R:DHL/PAR-2581
31/01/2026;RTG Material Maitenance;716;45,92;"PARAFUSO;ALLEN;M12X70MM;ROSCA:"
31/01/2026;RTG Material Maitenance;716;77,68;"ARRUELA;ESTR;M12;DIN-25201"
31/01/2026;RTG Material Maitenance;716;4.532,91;"ACOPLAMENTO;ACO;MOTOR;GANTRY;A"
31/01/2026;RTG Material Maitenance;716;534,23;"OLEO LUBRIF;MOTOR 15W40"
31/01/2026;RTG Material Maitenance;716;167,89;"TOALHA IND;BR;KIMBERLY CLARK/W"
31/01/2026;RTG Material Maitenance;716;0,64;"SACO LIX;PVC;100L;EMBAL C/100"
31/01/2026;RTG Material Maitenance;717;95,20;"FILTRO;SEPAR;CUMMINS/FS19763"
31/01/2026;RTG Material Maitenance;717;95,20;"FILTRO;SEPAR;CUMMINS/FS19763"
31/01/2026;RTG Material Maitenance;717;611,06;"FILTRO;AR;CUMMINS/AF25708M"
31/01/2026;RTG Material Maitenance;717;95,20;"FILTRO;SEPAR;CUMMINS/FS19763"
31/01/2026;RTG Material Maitenance;717;316,64;"PINO;DRAWING/RTGHBA3OP2"
31/01/2026;RTG Material Maitenance;717;95,20;"FILTRO;SEPAR;CUMMINS/FS19763"
31/01/2026;RTG Material Maitenance;717;1.007,29;"FILTRO;DIESEL;CUMMINS/FF63010"
31/01/2026;RTG Material Maitenance;717;1.526,36;"OLEO LUBRIF;MOTOR 15W40"
31/01/2026;RTG Material Maitenance;717;61,17;"FRASCO;PLAS;INCOL;CIL;250ML;C/"
31/01/2026;RTG Material Maitenance;717;263,97;"FILTRO;AG;FLEETGUARD/WF2126;DO"
31/01/2026;RTG Material Maitenance;717;2.851,99;"MODULO;RETIFICADOR;RGM100"
31/01/2026;RTG Material Maitenance;717;14.133,05;"FREIO;GANTRY/TRANSLADO;TR-11-2"
31/01/2026;RTG Material Maitenance;717;862,13;"MICRO;FIM DE CURSO;TELEMECANIQ"
31/01/2026;RTG Material Maitenance;717;3.752,59;"BOBINA;KONECRANES/60/891.080.1"
31/01/2026;RTG Material Maitenance;717;14,72;"INSETICIDA;RECKITT/SBPMULTIINS"
31/01/2026;RTG Material Maitenance;717;611,06;"FILTRO;AR;CUMMINS/AF25708M"
31/01/2026;RTG Material Maitenance;718;-7.066,53;"FREIO;GANTRY/TRANSLADO;TR-11-2"
31/01/2026;RTG Material Maitenance;718;611,72;"DESENGRAXANTE;DIELETRICO;WURTH"
31/01/2026;RTG Material Maitenance;718;16,77;"ESTILETE;RETRAT;LARG;AZ/AM;ABS"
31/01/2026;RTG Material Maitenance;718;40.323,45;"BICO;INJETOR;COMBUSTIVEL;APLIC"
31/01/2026;RTG Material Maitenance;718;3.033,73;"MEDIDOR DIG P/OLEO;C/GAT;PIUSI"
31/01/2026;RTG Material Maitenance;718;921,80;"ROLAMENTO AUTOC ROL;RAD;55X120"
31/01/2026;RTG Material Maitenance;718;372,10;"ROLAMENTO;AUTOCOMP;ROLOS;RADIA"
31/01/2026;RTG Material Maitenance;718;6.781,56;"ROLAMENTO AUTOC ROL;RAD;CIL;BR"
31/01/2026;RTG Material Maitenance;718;372,10;"ROLAMENTO;AUTOCOMP;ROLOS;RADIA"
31/01/2026;RTG Material Maitenance;718;921,80;"ROLAMENTO AUTOC ROL;RAD;55X120"
31/01/2026;RTG Material Maitenance;718;2.331,62;"PORTA;RADIO;FABRICADO;RLOPES/2"
31/01/2026;RTG Material Maitenance;718;335,77;"TOALHA IND;BR;KIMBERLY CLARK/W"
31/01/2026;RTG Material Maitenance;718;26,95;"FLUIDO LIMP CONT;WURTH/3895653"
31/01/2026;RTG Material Maitenance;718;16,85;"LIMPADOR SUPERF;MULTI-USO;AZULIM;500ML"
31/01/2026;RTG Material Maitenance;718;25,41;"FITA ISOL ELETR;750V;ADES;PVC;"
31/01/2026;RTG Material Maitenance;718;524,71;"ESCADA;AL;13 DEGR;4M;LARG;46CM"
31/01/2026;RTG Material Maitenance;718;28.553,12;INVERSOR DYNAC VECTOR II D2C04
31/01/2026;RTG Material Maitenance;718;6.421,23;"FUSIVEL NH;3;800A;690V;UR;EATO"
31/01/2026;RTG Material Maitenance;718;99,60;"FUSIVEL CART;30A;700V;UR;BUSSM"
31/01/2026;RTG Material Maitenance;718;14.552,12;"INVERSOR;KONECRANES/D2C005FT58"
31/01/2026;RTG Material Maitenance;718;1.257,77;"FUSIVEL NH;000;250A;690V;UR;BU"
31/01/2026;RTG Material Maitenance;718;5.308,87;"UNIDADE; CONTROLE DYNAHOYST; I"
31/01/2026;RTG Material Maitenance;718;28.553,12;INVERSOR DYNAC VECTOR II D2C04
31/01/2026;RTG Material Maitenance;718;3.498,41;"UNIDADE;CONTROLE;DYNAC;MODELO:"
31/01/2026;RTG Material Maitenance;718;2.940,20;"RESISTENCIA;TIPO TUBULAR;250W;250V"
31/01/2026;RTG Material Maitenance;718;49.465,69;"FREIO;GANTRY/TRANSLADO;TR-11-2"
31/01/2026;RTG Material Maitenance;718;495,50;"ALAVANCA;AJUSTAVEL;APLICACAO;L"
31/01/2026;RTG Material Maitenance;718;861,68;CORPO CHAVE FIM CURSO
31/01/2026;RTG Material Maitenance;718;165,17;"ALAVANCA;AJUSTAVEL;APLICACAO;L"
31/01/2026;RTG Material Maitenance;718;4.011,37;"REGULADOR TENS;5A;STAMFORD;AVR"
31/01/2026;RTG Material Maitenance;718;6.025,80;"VENTILADOR;HELICE;POSITIVO/100"
31/01/2026;RTG Material Maitenance;718;102,03;"CABO CON;EXTENS;PUR PT;0,30M;P"
31/01/2026;RTG Material Maitenance;718;41,65;"BLOCO;CONTATO;SIEMENS/3SU1400"
31/01/2026;RTG Material Maitenance;718;533,06;"BOTOEIRA MONT;1 BOT;SIEMENS/3S"
31/01/2026;RTG Material Maitenance;718;7.066,53;"FREIO;GANTRY/TRANSLADO;TR-11-2"
31/01/2026;RTG Material Maitenance;718;861,68;CORPO CHAVE FIM CURSO
31/01/2026;RTG Material Maitenance;718;368,22;CONECTOR SENSOR MACHO RETO
31/01/2026;RTG Material Maitenance;718;163,78;"PRENSA CABO;PHOENIX/1415125"
31/01/2026;RTG Material Maitenance;718;2.313,10;"MOTOR;LOCK;PIN;REPARADO;KONECR"
31/01/2026;RTG Material Maitenance;718;1.001,49;"MODULO;KONE/V0003740"
31/01/2026;RTG Material Maitenance;718;679,70;"BLOCO CONT AUX TEMPORIZ;SCHNEI"
31/01/2026;RTG Material Maitenance;718;3.782,37;"CODIFICADOR;INCR;BID;LEINE E L"
31/01/2026;RTG Material Maitenance;718;81,37;"BLOCO CONTAT AUX P/DISJ;SCHNEI"
31/01/2026;RTG Material Maitenance;718;126,51;"BLOCO CONTAT AUX P/DISJ;SIPA/5"
31/01/2026;RTG Material Maitenance;718;1.001,49;"MODULO;KONE/V0003740"
31/01/2026;RTG Material Maitenance;718;443,12;"BLOCO CONT AUX TEMPORIZ;SCHNEI"
31/01/2026;RTG Material Maitenance;718;679,70;"BLOCO CONT AUX TEMPORIZ;SCHNEI"
31/01/2026;RTG Material Maitenance;718;243,17;"PROTETOR;CAMARA DE AR;ARO 24 P"
31/01/2026;RTG Material Maitenance;718;1.190,71;"SACO;AR;PNEU;12.00X24;EV;KONEC"
31/01/2026;RTG Material Maitenance;718;3.118,17;"VENT;MOTOR;HOIST;REP;KONECRANE"
31/01/2026;RTG Material Maitenance;718;80,22;"CABO CU FLEX;CL 4;SIL/FLEXSIL7"
31/01/2026;RTG Material Maitenance;718;1.308,25;"BASE RELE;FINDER SER 56;TRILH"
31/01/2026;RTG Material Maitenance;718;132,50;"CABO COBRE FLEXIVEL;CL 5;PRT"
31/01/2026;RTG Material Maitenance;718;127,05;"CABO CU FLEX;CL 5;EPROTENAXGSE"
31/01/2026;RTG Material Maitenance;718;40,11;"CABO CU FLEX;CL 4;SIL/FLEXSIL7"
31/01/2026;RTG Material Maitenance;718;10.018,80;"RELE;AUXILIAR;ENCAIXE;RELECO/C"
31/01/2026;RTG Material Maitenance;718;2.347,35;"FONTE ALIM;100-240VCA;24VCC;PH"
31/01/2026;RTG Material Maitenance;718;10,16;"ADESIVO INST;CIANOACR;HENKEL/S"
31/01/2026;RTG Material Maitenance;718;62,61;"FITA ADES DU FACE;ESP ACRIL;LI"
31/01/2026;RTG Material Maitenance;718;909,51;"LUMINARIA;LATINA/LT.BIL.A050.60"
31/01/2026;RTG Material Maitenance;718;83,23;"BUZINA;ELET 24VCC;S/CORNETA;BO"
31/01/2026;RTG Material Maitenance;718;14.133,05;"FREIO;GANTRY/TRANSLADO;TR-11-2"
31/01/2026;RTG Material Maitenance;718;15,53;"CADEADO;LAT MACIC;25MM;S/INVOL"
31/01/2026;RTG Material Maitenance;718;50,83;"FITA ISOL ELETR;750V;ADES;PVC;"
31/01/2026;RTG Material Maitenance;719;223,09;"ADITIVO;P/ RADIADOR;COR:AZUL"
31/01/2026;RTG Material Maitenance;719;73,51;"TERMINAL;OLH;FR 17,50MM;240MM2"
31/01/2026;RTG Material Maitenance;719;45.282,91;"GERADOR; POTENCIA: 563KVA; COR"
31/01/2026;RTG Material Maitenance;719;2.002,98;"MODULO;KONE/V0003740"
31/01/2026;RTG Material Maitenance;719;14.133,05;"FREIO;GANTRY/TRANSLADO;TR-11-2"
31/01/2026;RTG Material Maitenance;719;111,32;"ANEL;ELASTICO;FURO;32MM;DOBER"
31/01/2026;RTG Material Maitenance;719;8,43;"PLUGUE P/TOMAD;20A;250V;2P+T;T"
31/01/2026;RTG Material Maitenance;719;2.259,67;"TENSOR;KONECRANES/3104029"
31/01/2026;RTG Material Maitenance;719;294,93;"FILTRO;PRIMAR;AR;DONALDSON/P78"
31/01/2026;RTG Material Maitenance;719;571,57;"BOBINA;SOLENOIDE;CUMMINS/40248"
31/01/2026;RTG Material Maitenance;719;364,43;"VALVULA;TERM;CUMMINS/4336659"
31/01/2026;RTG Material Maitenance;719;364,43;"VALVULA;TERM;CUMMINS/4336659"
31/01/2026;RTG Material Maitenance;719;172,35;"ELEMENTO FILTR;AR SEC;DONALDSO"
31/01/2026;RTG Material Maitenance;719;364,76;"PROTETOR;CAMARA DE AR;ARO 24 P"
31/01/2026;RTG Material Maitenance;719;35,40;"GIZ IND;AM;SEXT;110X12MM;C/12"
31/01/2026;RTG Material Maitenance;719;3.118,17;"VENT;MOTOR;HOIST;REP;KONECRANE"
31/01/2026;RTG Material Maitenance;719;3.118,17;"VENT;MOTOR;HOIST;REP;KONECRANE"
31/01/2026;RTG Material Maitenance;719;21.199,58;"FREIO;GANTRY/TRANSLADO;TR-11-2"
31/01/2026;RTG Material Maitenance;719;1,82;"FUSIVEL;VIDRO;GRANDE;2A"
31/01/2026;RTG Material Maitenance;719;2.851,99;"MODULO;RETIFICADOR;RGM100"
31/01/2026;RTG Material Maitenance;719;443,12;"BLOCO CONT AUX TEMPORIZ;SCHNEI"
31/01/2026;RTG Material Maitenance;719;6.421,23;"FUSIVEL NH;3;800A;690V;UR;EATO"
31/01/2026;RTG Material Maitenance;719;63.506,85;"INVERSOR;KONECRANES/52427261"
31/01/2026;RTG Material Maitenance;719;524,71;"ESCADA;AL;13 DEGR;4M;LARG;46CM"
31/01/2026;RTG Material Maitenance;719;3.782,37;"CODIFICADOR;INCR;BID;LEINE E L"
31/01/2026;RTG Material Maitenance;719;172,35;"ELEMENTO FILTR;AR SEC;DONALDSO"
31/01/2026;RTG Material Maitenance;719;25,90;"GRAXA;NAUTICA;LIT;INGRAX/UNILI"
31/01/2026;RTG Material Maitenance;719;14.133,05;"FREIO;GANTRY/TRANSLADO;TR-11-2"
31/01/2026;RTG Material Maitenance;719;4.277,99;"MODULO;RETIFICADOR;RGM100"
31/01/2026;RTG Material Maitenance;719;862,13;"MICRO;FIM DE CURSO;TELEMECANIQ"
31/01/2026;RTG Material Maitenance;719;2,72;"FUSIVEL;VIDRO;GRANDE;2A"
31/01/2026;RTG Material Maitenance;719;1.526,36;"OLEO LUBRIF;MOTOR 15W40"
31/01/2026;RTG Material Maitenance;719;1.041,10;"ADITIVO;P/ RADIADOR;COR:AZUL"
31/01/2026;RTG Material Maitenance;719;61,17;"FRASCO;PLAS;INCOL;CIL;250ML;C/"
31/01/2026;RTG Material Maitenance;719;228,45;"ELEMENTO FILTR;OLEO DIESEL;FLE"
31/01/2026;RTG Material Maitenance;719;263,97;"FILTRO;AG;FLEETGUARD/WF2126;DO"
31/01/2026;RTG Material Maitenance;719;248,57;"FILTRO;F/R:FLEETGUARD/LF9070"
31/01/2026;RTG Material Maitenance;719;294,93;"FILTRO;PRIMAR;AR;DONALDSON/P78"
31/01/2026;RTG Material Maitenance;719;172,35;"ELEMENTO FILTR;AR SEC;DONALDSO"
31/01/2026;RTG Material Maitenance;719;606,05;"FILTRO;PRIMARIO;DIESEL;QSX15;A"
31/01/2026;RTG Material Maitenance;719;174,54;"TAMPA;RADIADOR;GATES/1279"
31/01/2026;RTG Material Maitenance;719;209,71;"TAMPA;CUMMINS/107981"
31/01/2026;RTG Material Maitenance;719;1.434,86;"CORREIA;CUMMINS/3106099"
31/01/2026;RTG Material Maitenance;719;2.259,67;"TENSOR;KONECRANES/3104029"
31/01/2026;RTG Material Maitenance;721;4.819,93;"CODIFICADOR/ENCODER;INCREMENT"
31/01/2026;RTG Material Maitenance;721;95,20;"FILTRO;SEPAR;CUMMINS/FS19763"
31/01/2026;RTG Material Maitenance;721;152,64;"OLEO LUBRIF;MOTOR 15W40"
31/01/2026;RTG Material Maitenance;721;930,55;"BATERIA AUTO;SELAD;12V;180A"
31/01/2026;RTG Material Maitenance;721;238,07;"FILTRO;P/ OLEO LUBRIFICANTE;FI"
31/01/2026;RTG Material Maitenance;721;1.526,36;"OLEO LUBRIF;MOTOR 15W40"
31/01/2026;RTG Material Maitenance;721;228,45;"ELEMENTO FILTR;OLEO DIESEL;FLE"
31/01/2026;RTG Material Maitenance;721;263,97;"FILTRO;AG;FLEETGUARD/WF2126;DO"
31/01/2026;RTG Material Maitenance;721;45,64;"FILTRO;DO OLEO HID;P556005"
31/01/2026;RTG Material Maitenance;721;95,20;"FILTRO;SEPAR;CUMMINS/FS19763"
31/01/2026;RTG Material Maitenance;721;248,57;"FILTRO;F/R:FLEETGUARD/LF9070"
31/01/2026;RTG Material Maitenance;721;571,57;"BOBINA;SOLENOIDE;CUMMINS/40248"
31/01/2026;RTG Material Maitenance;721;95,20;"FILTRO;SEPAR;CUMMINS/FS19763"
31/01/2026;RTG Material Maitenance;721;16,43;"FITA ADES CREP;BR;50MM;50M"
31/01/2026;RTG Material Maitenance;721;95,20;"FILTRO;SEPAR;CUMMINS/FS19763"
31/01/2026;RTG Material Maitenance;722;95,20;"FILTRO;SEPAR;CUMMINS/FS19763"
31/01/2026;RTG Material Maitenance;722;152,64;"OLEO LUBRIF;MOTOR 15W40"
31/01/2026;RTG Material Maitenance;722;95,20;"FILTRO;SEPAR;CUMMINS/FS19763"
31/01/2026;RTG Material Maitenance;722;95,20;"FILTRO;SEPAR;CUMMINS/FS19763"
31/01/2026;RTG Material Maitenance;722;95,20;"FILTRO;SEPAR;CUMMINS/FS19763"
31/01/2026;RTG Material Maitenance;722;35,85;"VASELINA;SOLID;LAT 1KG"
31/01/2026;RTG Material Maitenance;722;95,20;"FILTRO;SEPAR;CUMMINS/FS19763"
31/01/2026;RTG Material Maitenance;722;1.526,36;"OLEO LUBRIF;MOTOR 15W40"
31/01/2026;RTG Material Maitenance;722;61,17;"FRASCO;PLAS;INCOL;CIL;250ML;C/"
31/01/2026;RTG Material Maitenance;722;228,45;"ELEMENTO FILTR;OLEO DIESEL;FLE"
31/01/2026;RTG Material Maitenance;722;263,97;"FILTRO;AG;FLEETGUARD/WF2126;DO"
31/01/2026;RTG Material Maitenance;722;45,64;"FILTRO;DO OLEO HID;P556005"
31/01/2026;RTG Material Maitenance;722;218,47;"BOTAO P/JOYSTICK;CIRC;TERMOPL;"
31/01/2026;RTG Material Maitenance;722;38,02;"LIMPADOR SUPERF;LAVAGEM A SECO"
31/01/2026;RTG Material Maitenance;722;25,90;"GRAXA;NAUTICA;LIT;INGRAX/UNILI"
31/01/2026;RTG Material Maitenance;722;1.223,45;"DESENGRAXANTE;DIELETRICO;WURTH"
31/01/2026;RTG Material Maitenance;722;181,94;"GRAXA;F/R WURTH 0893106"
31/01/2026;RTG Material Maitenance;722;40,43;"FLUIDO LIMP CONT;WURTH/3895653"
31/01/2026;RTG Material Maitenance;722;6,36;"SACO LIX;PVC;100L;EMBAL C/100"
31/01/2026;RTG Material Maitenance;722;7,75;"FITA ISOLANTE;3M/IMPERIAL VERM"
31/01/2026;RTG Material Maitenance;722;50,83;"FITA ISOL ELETR;750V;ADES;PVC;"
31/01/2026;RTG Material Maitenance;722;1.983,26;"GRAXA;OLEO MINER;ROCOL/RDOFFSH"
31/01/2026;RTG Material Maitenance;722;3.868,55;"GRAXA;COMP LIT;GADUS-S3-V220C2"
31/01/2026;RTG Material Maitenance;722;72,60;"LAMPADA/TUBO;FLUORESCENTE;COR"
31/01/2026;RTG Material Maitenance;722;186,45;"LUBRIFICANTE;MOLYGRAFIT/ACAERO"
31/01/2026;RTG Material Maitenance;722;23,06;"ADESIVO VED; INCOLOR;WURTH/089"
31/01/2026;RTG Material Maitenance;722;33,55;"ESTILETE;RETRAT;LARG;AZ/AM;ABS"
31/01/2026;RTG Material Maitenance;722;3.055,92;"FILTRO;RESPIRO;CUMMINS/3102738"
31/01/2026;RTG Material Maitenance;722;172,35;"ELEMENTO FILTR;AR SEC;DONALDSO"
31/01/2026;RTG Material Maitenance;722;248,57;"FILTRO;F/R:FLEETGUARD/LF9070"
31/01/2026;RTG Material Maitenance;722;95,19;"FILTRO;SEPAR;CUMMINS/FS19763"
31/01/2026;RTG Material Maitenance;723;-7.209,72;"CABO ACO PREFORM;IPH/26MM 8X31"
31/01/2026;RTG Material Maitenance;723;294,93;"FILTRO;PRIMAR;AR;DONALDSON/P78"
31/01/2026;RTG Material Maitenance;723;95,20;"FILTRO;SEPAR;CUMMINS/FS19763"
31/01/2026;RTG Material Maitenance;723;7.209,72;"CABO ACO PREFORM;IPH/26MM 8X31"
31/01/2026;RTG Material Maitenance;723;7.920,29;"CABO ACO PREFORM;26MM;8X31"
31/01/2026;RTG Material Maitenance;723;95,20;"FILTRO;SEPAR;CUMMINS/FS19763"
31/01/2026;RTG Material Maitenance;723;95,20;"FILTRO;SEPAR;CUMMINS/FS19763"
31/01/2026;RTG Material Maitenance;723;35,85;"VASELINA;SOLID;LAT 1KG"
31/01/2026;RTG Material Maitenance;723;41,61;"BUZINA;ELET 24VCC;S/CORNETA;BO"
31/01/2026;RTG Material Maitenance;723;1.526,36;"OLEO LUBRIF;MOTOR 15W40"
31/01/2026;RTG Material Maitenance;723;61,17;"FRASCO;PLAS;INCOL;CIL;250ML;C/"
31/01/2026;RTG Material Maitenance;723;228,45;"ELEMENTO FILTR;OLEO DIESEL;FLE"
31/01/2026;RTG Material Maitenance;723;263,97;"FILTRO;AG;FLEETGUARD/WF2126;DO"
31/01/2026;RTG Material Maitenance;723;45,64;"FILTRO;DO OLEO HID;P556005"
31/01/2026;RTG Material Maitenance;723;95,20;"FILTRO;SEPAR;CUMMINS/FS19763"
31/01/2026;RTG Material Maitenance;723;1.079,92;"DESENGRAXANTE;20L;CERTIFIED/DA"
31/01/2026;RTG Material Maitenance;723;248,57;"FILTRO;F/R:FLEETGUARD/LF9070"
31/01/2026;RTG Material Maitenance;724;95,20;"FILTRO;SEPAR;CUMMINS/FS19763"
31/01/2026;RTG Material Maitenance;724;294,93;"FILTRO;PRIMAR;AR;DONALDSON/P78"
31/01/2026;RTG Material Maitenance;724;172,35;"ELEMENTO FILTR;AR SEC;DONALDSO"
31/01/2026;RTG Material Maitenance;724;179,38;"JUNTA;F/R:CUMMINS/3680602"
31/01/2026;RTG Material Maitenance;724;43,79;"BARRA ROSC AC INOX;AISI 304;M8"
31/01/2026;RTG Material Maitenance;724;549,35;"CAMARA AR;14,00;ARO 24;RS"
31/01/2026;RTG Material Maitenance;724;18,77;"TINTA;PRATA;SPR 200ML;MUNDIAL"
31/01/2026;RTG Material Maitenance;724;1.526,36;"OLEO LUBRIF;MOTOR 15W40"
31/01/2026;RTG Material Maitenance;724;2.082,19;"ADITIVO;P/ RADIADOR;COR:AZUL"
31/01/2026;RTG Material Maitenance;724;2.259,67;"TENSOR;KONECRANES/3104029"
31/01/2026;RTG Material Maitenance;724;1.838,41;"TENSIONADOR;CUMMINS/3104027"
31/01/2026;RTG Material Maitenance;724;963,48;"CONE ROL CON;EIX 34,92MM;30811"
31/01/2026;RTG Material Maitenance;724;3.055,92;"FILTRO;RESPIRO;CUMMINS/3102738"
31/01/2026;RTG Material Maitenance;724;61,17;"FRASCO;PLAS;INCOL;CIL;250ML;C/"
31/01/2026;RTG Material Maitenance;724;228,45;"ELEMENTO FILTR;OLEO DIESEL;FLE"
31/01/2026;RTG Material Maitenance;724;263,97;"FILTRO;AG;FLEETGUARD/WF2126;DO"
31/01/2026;RTG Material Maitenance;724;45,64;"FILTRO;DO OLEO HID;P556005"
31/01/2026;RTG Material Maitenance;724;5.265,45;"BOMBA;CUMMINS/5473363"
31/01/2026;RTG Material Maitenance;724;2.292,05;"POLIA;CUMMINS/3681587"
31/01/2026;RTG Material Maitenance;724;29,46;"PORCA;CUMMINS/142176"
31/01/2026;RTG Material Maitenance;724;117,60;"RETENTOR;CUMMINS/200307"
31/01/2026;RTG Material Maitenance;724;172,35;"ELEMENTO FILTR;AR SEC;DONALDSO"
31/01/2026;RTG Material Maitenance;724;30,59;"ARRUELA;CUMMINS/3012467"
31/01/2026;RTG Material Maitenance;724;160,31;"PARAFUSO;CUMMINS/3102743"
31/01/2026;RTG Material Maitenance;724;1.434,86;"CORREIA;CUMMINS/3106099"
31/01/2026;RTG Material Maitenance;724;78,77;"CORREIA MIC V PF;PK;6 CAN;1180"
31/01/2026;RTG Material Maitenance;724;15,53;"CADEADO;LAT MACIC;25MM;S/INVOL"
31/01/2026;RTG Material Maitenance;724;83,23;"BUZINA;ELET 24VCC;S/CORNETA;BO"
31/01/2026;RTG Material Maitenance;724;47,19;"DISJUNTOR TERM;BIP;25A;440V;ST"
31/01/2026;RTG Material Maitenance;724;107,56;"VASELINA;SOLID;LAT 1KG"
31/01/2026;RTG Material Maitenance;724;76,21;"TINTA;SPRAY;PRETO; ALTA TEMPER"
31/01/2026;RTG Material Maitenance;724;18,77;"TINTA;PRATA;SPR 200ML;MUNDIAL"
31/01/2026;RTG Material Maitenance;724;46,12;"ADESIVO VED; INCOLOR;WURTH/089"
31/01/2026;RTG Material Maitenance;724;248,57;"FILTRO;F/R:FLEETGUARD/LF9070"
31/01/2026;RTG Material Maitenance;725;728,86;"VALVULA;TERM;CUMMINS/4336659"
31/01/2026;RTG Material Maitenance;725;95,20;"FILTRO;SEPAR;CUMMINS/FS19763"
31/01/2026;RTG Material Maitenance;725;95,20;"FILTRO;SEPAR;CUMMINS/FS19763"
31/01/2026;RTG Material Maitenance;725;1.457,53;"FONTE ALIM;100/240VCA;24VCC;PH"
31/01/2026;RTG Material Maitenance;725;556,69;"CONECTOR P/CAB COMUNIC RED;6ES"
31/01/2026;RTG Material Maitenance;725;95,20;"FILTRO;SEPAR;CUMMINS/FS19763"
31/01/2026;RTG Material Maitenance;725;1.526,36;"OLEO LUBRIF;MOTOR 15W40"
31/01/2026;RTG Material Maitenance;725;61,17;"FRASCO;PLAS;INCOL;CIL;250ML;C/"
31/01/2026;RTG Material Maitenance;725;228,45;"ELEMENTO FILTR;OLEO DIESEL;FLE"
31/01/2026;RTG Material Maitenance;725;263,97;"FILTRO;AG;FLEETGUARD/WF2126;DO"
31/01/2026;RTG Material Maitenance;725;45,64;"FILTRO;DO OLEO HID;P556005"
31/01/2026;RTG Material Maitenance;725;35,85;"VASELINA;SOLID;LAT 1KG"
31/01/2026;RTG Material Maitenance;725;51,80;"GRAXA;NAUTICA;LIT;INGRAX/UNILI"
31/01/2026;RTG Material Maitenance;725;1.434,86;"CORREIA;CUMMINS/3106099"
31/01/2026;RTG Material Maitenance;725;90,97;"GRAXA;F/R WURTH 0893106"
31/01/2026;RTG Material Maitenance;725;469,18;"HASTE;F/R: BROMMA/BR1000810"
31/01/2026;RTG Material Maitenance;725;215,39;"TERMINAL ESF;BROMMA/BR1001580;"
31/01/2026;RTG Material Maitenance;725;496,37;"SENSOR;PROXIMIDADE;FREIO;SB28;"
31/01/2026;RTG Material Maitenance;725;2.729,53;"CILINDRO;BROMMA/BR1001131"
31/01/2026;RTG Material Maitenance;725;9,01;PILHA(AAA) CONJUNTO 2 UNIDADES
31/01/2026;RTG Material Maitenance;726;95,20;"FILTRO;SEPAR;CUMMINS/FS19763"
31/01/2026;RTG Material Maitenance;726;95,20;"FILTRO;SEPAR;CUMMINS/FS19763"
31/01/2026;RTG Material Maitenance;726;1.526,36;"OLEO LUBRIF;MOTOR 15W40"
31/01/2026;RTG Material Maitenance;726;61,17;"FRASCO;PLAS;INCOL;CIL;250ML;C/"
31/01/2026;RTG Material Maitenance;726;228,45;"ELEMENTO FILTR;OLEO DIESEL;FLE"
31/01/2026;RTG Material Maitenance;726;263,97;"FILTRO;AG;FLEETGUARD/WF2126;DO"
31/01/2026;RTG Material Maitenance;726;45,64;"FILTRO;DO OLEO HID;P556005"
31/01/2026;RTG Material Maitenance;726;95,20;"FILTRO;SEPAR;CUMMINS/FS19763"
31/01/2026;RTG Material Maitenance;726;248,57;"FILTRO;F/R:FLEETGUARD/LF9070"
31/01/2026;RTG Material Maitenance;726;181,94;"GRAXA;F/R WURTH 0893106"
31/01/2026;RTG Material Maitenance;726;1.819,02;"LUMINARIA;LATINA/LT.BIL.A050.60"
31/01/2026;RTG Material Maitenance;726;41,61;"BUZINA;ELET 24VCC;S/CORNETA;BO"
31/01/2026;RTG Material Maitenance;726;930,55;"BATERIA AUTO;SELAD;12V;180A"
31/01/2026;RTG Material Maitenance;726;401,12;"SENSOR PROX INDUT;8MM;CIL;KALM"
31/01/2026;RTG Material Maitenance;726;339,96;"SENSOR;PINO LOQUEAMENTO;RS KAL"
31/01/2026;RTG Material Maitenance;726;228,45;"ELEMENTO FILTR;OLEO DIESEL;FLE"
31/01/2026;RTG Material Maitenance;726;29,00;"MARCADOR IND;2MM;BADEN/TRACOFO"
31/01/2026;RTG Material Maitenance;726;207,00;"EMENDA;CORRENTE;F/R:DAIDO/16-B"
31/01/2026;RTG Material Maitenance;726;496,37;"SENSOR;PROXIMIDADE;FREIO;SB28;"
31/01/2026;RTG Material Maitenance;726;860,55;"ANTENA;CAMERA;MONITOR;APLICACA"
31/01/2026;RTG Material Maitenance;726;131,80;"TERMINAL P/BATERIA; APERTO; PO"
31/01/2026;RTG Material Maitenance;726;95,19;"FILTRO;SEPAR;CUMMINS/FS19763"
31/01/2026;RTG Material Maitenance;726;248,57;"FILTRO;F/R:FLEETGUARD/LF9070"
31/01/2026;RTG Material Maitenance;727;95,20;"FILTRO;SEPAR;CUMMINS/FS19763"
31/01/2026;RTG Material Maitenance;727;95,20;"FILTRO;SEPAR;CUMMINS/FS19763"
31/01/2026;RTG Material Maitenance;727;4.819,93;"CODIFICADOR/ENCODER;INCREMENT"
31/01/2026;RTG Material Maitenance;727;12.702,02;"CABO;ESTEIRA;PORTA;CABO;CABLETRACK;ESPECIAL;FLEXIV"
31/01/2026;RTG Material Maitenance;727;228,45;"ELEMENTO FILTR;OLEO DIESEL;FLE"
31/01/2026;RTG Material Maitenance;727;263,97;"FILTRO;AG;FLEETGUARD/WF2126;DO"
31/01/2026;RTG Material Maitenance;727;45,64;"FILTRO;DO OLEO HID;P556005"
31/01/2026;RTG Material Maitenance;727;95,20;"FILTRO;SEPAR;CUMMINS/FS19763"
31/01/2026;RTG Material Maitenance;727;1.526,36;"OLEO LUBRIF;MOTOR 15W40"
31/01/2026;RTG Material Maitenance;727;248,57;"FILTRO;F/R:FLEETGUARD/LF9070"
31/01/2026;RTG Material Maitenance;727;207,00;"EMENDA;CORRENTE;F/R:DAIDO/16-B"
31/01/2026;RTG Material Maitenance;727;4.492,38;"RETIFICADOR;BUBENZER/BB0009"
31/01/2026;RTG Material Maitenance;727;418,07;CONTATOR TRIPOLAR 12 A BOBINA
31/01/2026;RTG Material Maitenance;727;2.835,65;"MODULO ELET;SIEMENS/6SL30550AA"
31/01/2026;RTG Material Maitenance;727;339,96;"SENSOR;PINO LOQUEAMENTO;RS KAL"
31/01/2026;RTG Material Maitenance;727;13,48;"FLUIDO LIMP CONT;WURTH/3895653"
31/01/2026;RTG Material Maitenance;727;2.729,53;"CILINDRO;BROMMA/BR1001131"
31/01/2026;RTG Material Maitenance;727;7.209,72;"CABO ACO PREFORM;IPH/26MM 8X31"
31/01/2026;RTG Material Maitenance;727;207,00;"EMENDA;CORRENTE;F/R:DAIDO/16-B"
31/01/2026;RTG Material Maitenance;728;95,20;"FILTRO;SEPAR;CUMMINS/FS19763"
31/01/2026;RTG Material Maitenance;728;18,15;"CONECTOR;MACHO 3 PINOS;"
31/01/2026;RTG Material Maitenance;728;339,96;"SENSOR;PINO LOQUEAMENTO;RS KAL"
31/01/2026;RTG Material Maitenance;728;248,57;"FILTRO;F/R:FLEETGUARD/LF9070"
31/01/2026;RTG Material Maitenance;728;2.259,67;"TENSOR;KONECRANES/3104029"
31/01/2026;RTG Material Maitenance;728;294,93;"FILTRO;PRIMAR;AR;DONALDSON/P78"
31/01/2026;RTG Material Maitenance;728;121,51;"DESENGRAXANTE;METASIL/JATOPLUS"
31/01/2026;RTG Material Maitenance;728;134,54;"BACTERICIDA;METASIL/DESIX TALC"
31/01/2026;RTG Material Maitenance;728;101,66;"FITA ISOL ELETR;750V;ADES;PVC;"
31/01/2026;RTG Material Maitenance;728;1.526,36;"OLEO LUBRIF;MOTOR 15W40"
31/01/2026;RTG Material Maitenance;728;1.041,10;"ADITIVO;P/ RADIADOR;COR:AZUL"
31/01/2026;RTG Material Maitenance;728;1.838,41;"TENSIONADOR;CUMMINS/3104027"
31/01/2026;RTG Material Maitenance;728;3.055,92;"FILTRO;RESPIRO;CUMMINS/3102738"
31/01/2026;RTG Material Maitenance;728;228,45;"ELEMENTO FILTR;OLEO DIESEL;FLE"
31/01/2026;RTG Material Maitenance;728;263,97;"FILTRO;AG;FLEETGUARD/WF2126;DO"
31/01/2026;RTG Material Maitenance;728;45,64;"FILTRO;DO OLEO HID;P556005"
31/01/2026;RTG Material Maitenance;728;95,20;"FILTRO;SEPAR;CUMMINS/FS19763"
31/01/2026;RTG Material Maitenance;728;2.292,05;"POLIA;CUMMINS/3681587"
31/01/2026;RTG Material Maitenance;728;29,46;"PORCA;CUMMINS/142176"
31/01/2026;RTG Material Maitenance;728;117,60;"RETENTOR;CUMMINS/200307"
31/01/2026;RTG Material Maitenance;728;963,48;"CONE ROL CON;EIX 34,92MM;30811"
31/01/2026;RTG Material Maitenance;728;172,35;"ELEMENTO FILTR;AR SEC;DONALDSO"
31/01/2026;RTG Material Maitenance;728;30,59;"ARRUELA;CUMMINS/3012467"
31/01/2026;RTG Material Maitenance;728;160,31;"PARAFUSO;CUMMINS/3102743"
31/01/2026;RTG Material Maitenance;728;1.434,86;"CORREIA;CUMMINS/3106099"
31/01/2026;RTG Material Maitenance;728;78,77;"CORREIA MIC V PF;PK;6 CAN;1180"
31/01/2026;RTG Material Maitenance;728;3.902,61;"BATENTE;KALMAR/DHL/AM-DHL-4075"
31/01/2026;RTG Material Maitenance;728;339,96;"SENSOR;PINO LOQUEAMENTO;RS KAL"
31/01/2026;RTG Material Maitenance;728;401,12;"SENSOR PROX INDUT;8MM;CIL;KALM"
31/01/2026;RTG Material Maitenance;728;1.452,00;"PROTECAO;FREIO;FIRE/2998"
31/01/2026;RTG Material Maitenance;728;41,61;"BUZINA;ELET 24VCC;S/CORNETA;BO"
31/01/2026;RTG Material Maitenance;728;18,84;"INTERRUPTOR;SI;1 TECL;LEGRAND"
31/01/2026;RTG Material Maitenance;728;1.223,45;"DESENGRAXANTE;DIELETRICO;WURTH"
31/01/2026;RTG Material Maitenance;728;2.159,85;"DESENGRAXANTE;20L;CERTIFIED/DA"
31/01/2026;RTG Material Maitenance;728;167,89;"TOALHA IND;BR;KIMBERLY CLARK/W"
31/01/2026;RTG Material Maitenance;728;23,06;"ADESIVO VED; INCOLOR;WURTH/089"
31/01/2026;RTG Material Maitenance;728;16,76;"ADESIVO VED;BRASCOLA/BRASCOVED"
31/01/2026;RTG Material Maitenance;728;726,00;"DISPOSITIVO;ABERTURA;BUBENZER/"
31/01/2026;RTG Material Maitenance;728;51,80;"GRAXA;NAUTICA;LIT;INGRAX/UNILI"
31/01/2026;RTG Material Maitenance;728;42,11;"DISCO CORTE;WURTH/0664115232"
31/01/2026;RTG Material Maitenance;728;4.819,93;"CODIFICADOR/ENCODER;INCREMENT"
31/01/2026;RTG Material Maitenance;728;61,17;"FRASCO;PLAS;INCOL;CIL;250ML;C/"
31/01/2026;RTG Material Maitenance;728;95,19;"FILTRO;SEPAR;CUMMINS/FS19763"
31/01/2026;RTG Material Maitenance;729;24.260,20;"CJ ACOPLAMENTO LAMIN;90MM;KTR/"
31/01/2026;RTG Material Maitenance;730;95,20;"FILTRO;SEPAR;CUMMINS/FS19763"
31/01/2026;RTG Material Maitenance;730;95,20;"FILTRO;SEPAR;CUMMINS/FS19763"
31/01/2026;RTG Material Maitenance;730;208,99;"BASE RELE;SOQ;FINDER/9402"
31/01/2026;RTG Material Maitenance;730;95,20;"FILTRO;SEPAR;CUMMINS/FS19763"
31/01/2026;RTG Material Maitenance;730;95,19;"FILTRO;SEPAR;CUMMINS/FS19763"
31/01/2026;RTG Material Maitenance;730;95,20;"FILTRO;SEPAR;CUMMINS/FS19763"
31/01/2026;RTG Material Maitenance;730;11,66;"SILICONE SPRAY;MUNDIAL PRIME/A"
31/01/2026;RTG Material Maitenance;730;83,23;"BUZINA;ELET 24VCC;S/CORNETA;BO"
31/01/2026;RTG Material Maitenance;730;1.983,26;"GRAXA;OLEO MINER;ROCOL/RDOFFSH"
31/01/2026;RTG Material Maitenance;730;1.526,36;"OLEO LUBRIF;MOTOR 15W40"
31/01/2026;RTG Material Maitenance;730;1.041,10;"ADITIVO;P/ RADIADOR;COR:AZUL"
31/01/2026;RTG Material Maitenance;730;61,17;"FRASCO;PLAS;INCOL;CIL;250ML;C/"
31/01/2026;RTG Material Maitenance;730;228,45;"ELEMENTO FILTR;OLEO DIESEL;FLE"
31/01/2026;RTG Material Maitenance;730;263,97;"FILTRO;AG;FLEETGUARD/WF2126;DO"
31/01/2026;RTG Material Maitenance;730;45,64;"FILTRO;DO OLEO HID;P556005"
31/01/2026;RTG Material Maitenance;730;95,19;"FILTRO;SEPAR;CUMMINS/FS19763"
31/01/2026;RTG Material Maitenance;730;172,35;"ELEMENTO FILTR;AR SEC;DONALDSO"
31/01/2026;RTG Material Maitenance;730;1.953,85;"LUMINARIA;ESTRUTURA;LED;PHILIP"
31/01/2026;RTG Material Maitenance;730;35,85;"VASELINA;SOLID;LAT 1KG"
31/01/2026;RTG Material Maitenance;730;186,45;"LUBRIFICANTE;MOLYGRAFIT/ACAERO"
31/01/2026;RTG Material Maitenance;730;1.079,92;"DESENGRAXANTE;20L;CERTIFIED/DA"
31/01/2026;RTG Material Maitenance;730;611,72;"DESENGRAXANTE;DIELETRICO;WURTH"
31/01/2026;RTG Material Maitenance;730;25,90;"GRAXA;NAUTICA;LIT;INGRAX/UNILI"
31/01/2026;RTG Material Maitenance;730;128,28;"LIMPADOR SUPERF;VIDR;LIQ;FR 50"
31/01/2026;RTG Material Maitenance;730;134,54;"BACTERICIDA;METASIL/DESIX TALC"
31/01/2026;RTG Material Maitenance;730;4.845,95;"BOBINA;FREIO;REPARADO;BUBENZER"
31/01/2026;RTG Material Maitenance;730;61,17;"FRASCO;PLAS;INCOL;CIL;250ML;C/"
31/01/2026;RTG Material Maitenance;730;129,62;"CAPACITOR;TRIPLO;50+2,5MICRO;"
31/01/2026;RTG Material Maitenance;730;7,49;"BATERIA;LIT;3V;0,18AH;DURACELL"
31/01/2026;RTG Material Maitenance;730;4.819,93;"CODIFICADOR/ENCODER;INCREMENT"
31/01/2026;RTG Material Maitenance;730;152,64;"OLEO LUBRIF;MOTOR 15W40"
31/01/2026;RTG Material Maitenance;731;50,83;"FITA ISOL ELETR;750V;ADES;PVC;"
31/01/2026;RTG Material Maitenance;731;2.729,53;"CILINDRO;BROMMA/BR1001131"
31/01/2026;RTG Material Maitenance;731;1.587,53;"FILTRO;COMBUSTIVEL;FF5782NN"
31/01/2026;RTG Material Maitenance;731;1.755,31;"OLEO LUBRIF;MOTOR 15W40"
31/01/2026;RTG Material Maitenance;731;1.079,92;"DESENGRAXANTE;20L;CERTIFIED/DA"
31/01/2026;RTG Material Maitenance;731;1.223,45;"DESENGRAXANTE;DIELETRICO;WURTH"
31/01/2026;RTG Material Maitenance;731;53,50;"PARAFUSO;SEXTAVADO;M20X90MM;PA"
31/01/2026;RTG Material Maitenance;731;660,20;"FILTRO;OLEO MOTOR LF14000NN"
31/01/2026;RTG Material Maitenance;731;48,82;"FILTRO;AG;ROSC;FLEETGUARD/WF21"
31/01/2026;RTG Material Maitenance;731;977,04;"ELEMENTO;FILTRANTE;FS53015"
31/01/2026;RTG Material Maitenance;731;58,30;"FILTRO;ENC;PARKER/2020PMOR30M"
31/01/2026;RTG Material Maitenance;731;2.386,72;"DISCO;FREIO;APLICACAO:MICRO;REPARADO"
31/01/2026;RTG Material Maitenance;731;630,95;"CABO CON;EXTENS;PUR PT;5M;IFM/"
31/01/2026;RTG Material Maitenance;731;572,38;"CABO;BROMMA/79903"
31/01/2026;RTG Material Maitenance;732;41,61;"BUZINA;ELET 24VCC;S/CORNETA;BO"
31/01/2026;RTG Material Maitenance;732;41,61;"BUZINA;ELET 24VCC;S/CORNETA;BO"
31/01/2026;RTG Material Maitenance;732;1.755,31;"OLEO LUBRIF;MOTOR 15W40"
31/01/2026;RTG Material Maitenance;732;660,20;"FILTRO;OLEO MOTOR LF14000NN"
31/01/2026;RTG Material Maitenance;732;48,82;"FILTRO;AG;ROSC;FLEETGUARD/WF21"
31/01/2026;RTG Material Maitenance;732;977,04;"ELEMENTO;FILTRANTE;FS53015"
31/01/2026;RTG Material Maitenance;732;58,30;"FILTRO;ENC;PARKER/2020PMOR30M"
31/01/2026;RTG Material Maitenance;732;1.587,53;"FILTRO;COMBUSTIVEL;FF5782NN"
31/01/2026;RTG Material Maitenance;732;162,44;"HORIMETRO P/PAIN;CONTAD;OMEGA"
31/01/2026;RTG Material Maitenance;732;35,85;"VASELINA;SOLID;LAT 1KG"
31/01/2026;RTG Material Maitenance;732;930,55;"BATERIA AUTO;SELAD;12V;180A"
31/01/2026;RTG Material Maitenance;732;26,36;"TERMINAL P/BATERIA; APERTO; PO"
31/01/2026;RTG Material Maitenance;733;-379,40;"BATERIA;ESTACIONARIA;12V;60AH"
31/01/2026;RTG Material Maitenance;733;167,89;"TOALHA IND;BR;KIMBERLY CLARK/W"
31/01/2026;RTG Material Maitenance;733;41,61;"BUZINA;ELET 24VCC;S/CORNETA;BO"
31/01/2026;RTG Material Maitenance;733;2.373,11;"MODULO;RETIFICADOR;FREIO;GIRO;"
31/01/2026;RTG Material Maitenance;733;1.983,26;"GRAXA;OLEO MINER;ROCOL/RDOFFSH"
31/01/2026;RTG Material Maitenance;733;101,66;"FITA ISOL ELETR;750V;ADES;PVC;"
31/01/2026;RTG Material Maitenance;733;19,08;"OLEO DESENGRIP;AEROSSOL 300ML;"
31/01/2026;RTG Material Maitenance;733;1.755,31;"OLEO LUBRIF;MOTOR 15W40"
31/01/2026;RTG Material Maitenance;733;660,20;"FILTRO;OLEO MOTOR LF14000NN"
31/01/2026;RTG Material Maitenance;733;61,17;"FRASCO;PLAS;INCOL;CIL;250ML;C/"
31/01/2026;RTG Material Maitenance;733;48,82;"FILTRO;AG;ROSC;FLEETGUARD/WF21"
31/01/2026;RTG Material Maitenance;733;977,04;"ELEMENTO;FILTRANTE;FS53015"
31/01/2026;RTG Material Maitenance;733;58,30;"FILTRO;ENC;PARKER/2020PMOR30M"
31/01/2026;RTG Material Maitenance;733;1.587,53;"FILTRO;COMBUSTIVEL;FF5782NN"
31/01/2026;RTG Material Maitenance;733;379,40;"BATERIA;ESTACIONARIA;12V;60AH"
31/01/2026;RTG Material Maitenance;733;9,01;PILHA(AAA) CONJUNTO 2 UNIDADES
31/01/2026;RTG Material Maitenance;734;-58,30;"FILTRO;ENC;PARKER/2020PMOR30M"
31/01/2026;RTG Material Maitenance;734;-4.011,37;"REGULADOR TENS;5A;STAMFORD;AVR"
31/01/2026;RTG Material Maitenance;734;1.587,53;"FILTRO;COMBUSTIVEL;FF5782NN"
31/01/2026;RTG Material Maitenance;734;1.755,31;"OLEO LUBRIF;MOTOR 15W40"
31/01/2026;RTG Material Maitenance;734;1.041,10;"ADITIVO;P/ RADIADOR;COR:AZUL"
31/01/2026;RTG Material Maitenance;734;660,20;"FILTRO;OLEO MOTOR LF14000NN"
31/01/2026;RTG Material Maitenance;734;48,82;"FILTRO;AG;ROSC;FLEETGUARD/WF21"
31/01/2026;RTG Material Maitenance;734;977,04;"ELEMENTO;FILTRANTE;FS53015"
31/01/2026;RTG Material Maitenance;734;58,30;"FILTRO;ENC;PARKER/2020PMOR30M"
31/01/2026;RTG Material Maitenance;734;2.618,98;"KIT;ELEMENTOS;FLEETGUARD AA296"
31/01/2026;RTG Material Maitenance;734;635,25;VARISTOR Z500 PD DEVICES
31/01/2026;RTG Material Maitenance;734;4.011,37;"REGULADOR TENS;5A;STAMFORD;AVR"
31/01/2026;RTG Material Maitenance;735;977,04;"ELEMENTO;FILTRANTE;FS53015"
31/01/2026;RTG Material Maitenance;735;1.755,31;"OLEO LUBRIF;MOTOR 15W40"
31/01/2026;RTG Material Maitenance;735;660,20;"FILTRO;OLEO MOTOR LF14000NN"
31/01/2026;RTG Material Maitenance;735;61,17;"FRASCO;PLAS;INCOL;CIL;250ML;C/"
31/01/2026;RTG Material Maitenance;735;48,82;"FILTRO;AG;ROSC;FLEETGUARD/WF21"
31/01/2026;RTG Material Maitenance;735;977,04;"ELEMENTO;FILTRANTE;FS53015"
31/01/2026;RTG Material Maitenance;735;58,30;"FILTRO;ENC;PARKER/2020PMOR30M"
31/01/2026;RTG Material Maitenance;735;1.587,53;"FILTRO;COMBUSTIVEL;FF5782NN"
31/01/2026;RTG Material Maitenance;735;167,89;"TOALHA IND;BR;KIMBERLY CLARK/W"
31/01/2026;RTG Material Maitenance;735;1.079,92;"DESENGRAXANTE;20L;CERTIFIED/DA"
31/01/2026;RTG Material Maitenance;735;43,79;"BARRA ROSC AC INOX;AISI 304;M8"
31/01/2026;RTG Material Maitenance;736;-58,30;"FILTRO;ENC;PARKER/2020PMOR30M"
31/01/2026;RTG Material Maitenance;736;1.755,31;"OLEO LUBRIF;MOTOR 15W40"
31/01/2026;RTG Material Maitenance;736;47,15;"RODIZIO;GIRAT;PARAF/PORC;BORR;"
31/01/2026;RTG Material Maitenance;736;37,46;"RODIZIO;FIX;PARAF/PORC;75X20MM"
31/01/2026;RTG Material Maitenance;736;1.041,10;"ADITIVO;P/ RADIADOR;COR:AZUL"
31/01/2026;RTG Material Maitenance;736;660,20;"FILTRO;OLEO MOTOR LF14000NN"
31/01/2026;RTG Material Maitenance;736;48,82;"FILTRO;AG;ROSC;FLEETGUARD/WF21"
31/01/2026;RTG Material Maitenance;736;977,04;"ELEMENTO;FILTRANTE;FS53015"
31/01/2026;RTG Material Maitenance;736;58,30;"FILTRO;ENC;PARKER/2020PMOR30M"
31/01/2026;RTG Material Maitenance;736;1.309,49;"KIT;ELEMENTOS;FLEETGUARD AA296"
31/01/2026;RTG Material Maitenance;736;1.587,53;"FILTRO;COMBUSTIVEL;FF5782NN"
31/01/2026;RTG Material Maitenance;736;51,80;"GRAXA;NAUTICA;LIT;INGRAX/UNILI"
31/01/2026;RTG Material Maitenance;736;67,41;"LIMPADOR SUPERF;MULTI-USO;AZULIM;500ML"
31/01/2026;RTG Material Maitenance;736;64,14;"LIMPADOR SUPERF;VIDR;LIQ;FR 50"
31/01/2026;RTG Material Maitenance;736;35,85;"VASELINA;SOLID;LAT 1KG"
31/01/2026;RTG Material Maitenance;736;1.983,26;"GRAXA;OLEO MINER;ROCOL/RDOFFSH"
31/01/2026;RTG Material Maitenance;736;61,17;"FRASCO;PLAS;INCOL;CIL;250ML;C/"
31/01/2026;RTG Material Maitenance;736;95,20;"FILTRO;SEPAR;CUMMINS/FS19763"
31/01/2026;RTG Material Maitenance;736;24,41;"TERMINAL P/BAT;APERT;NEG;LAT;C"
31/01/2026;RTG Material Maitenance;736;26,36;"TERMINAL P/BATERIA; APERTO; PO"
31/01/2026;RTG Material Maitenance;737;1.451,53;"OLEO LUBRIFICANTE;P/ ENGRENAGE"
31/01/2026;RTG Material Maitenance;737;1.755,31;"OLEO LUBRIF;MOTOR 15W40"
31/01/2026;RTG Material Maitenance;737;660,20;"FILTRO;OLEO MOTOR LF14000NN"
31/01/2026;RTG Material Maitenance;737;48,82;"FILTRO;AG;ROSC;FLEETGUARD/WF21"
31/01/2026;RTG Material Maitenance;737;977,04;"ELEMENTO;FILTRANTE;FS53015"
31/01/2026;RTG Material Maitenance;737;1.587,53;"FILTRO;COMBUSTIVEL;FF5782NN"
31/01/2026;RTG Material Maitenance;737;7,75;"FITA ISOLANTE;3M/IMPERIAL VERM"
31/01/2026;RTG Material Maitenance;737;299,48;"BLOCO;CONTATO;HEAD;SCHNEIDER/X"
31/01/2026;RTG Material Maitenance;737;9,54;"OLEO DESENGRIP;AEROSSOL 300ML;"
31/01/2026;RTG Material Maitenance;737;13,48;"FLUIDO LIMP CONT;WURTH/3895653"
31/01/2026;RTG Material Maitenance;737;17,15;"ADESIVO SIL ACETICO;BRANCO"
31/01/2026;RTG Material Maitenance;737;61,17;"FRASCO;PLAS;INCOL;CIL;250ML;C/"
31/01/2026;RTG Material Maitenance;737;449,21;"BLOCO;CONTATO;HEAD;SCHNEIDER/X"
31/01/2026;RTG Material Maitenance;738;1.494,79;"DESENGRAXANTE;50L;HEPTA CLEAN"
31/01/2026;RTG Material Maitenance;738;51,80;"GRAXA;NAUTICA;LIT;INGRAX/UNILI"
31/01/2026;RTG Material Maitenance;738;145,20;"SUPRESSOR;SURTO;APLICACAO;HEADBLOCK;RTG;ZPMC;F/R;S"
31/01/2026;RTG Material Maitenance;738;29,00;"MARCADOR IND;2MM;BADEN/TRACOFO"
31/01/2026;RTG Material Maitenance;738;1.113,28;"CHAVE FIM CURS;1NA1NF;SCHNEIDE"
31/01/2026;RTG Material Maitenance;738;8,21;"FITA ADES CREP;BR;50MM;50M"
31/01/2026;RTG Material Maitenance;738;1.755,31;"OLEO LUBRIF;MOTOR 15W40"
31/01/2026;RTG Material Maitenance;738;660,20;"FILTRO;OLEO MOTOR LF14000NN"
31/01/2026;RTG Material Maitenance;738;48,82;"FILTRO;AG;ROSC;FLEETGUARD/WF21"
31/01/2026;RTG Material Maitenance;738;977,04;"ELEMENTO;FILTRANTE;FS53015"
31/01/2026;RTG Material Maitenance;738;58,30;"FILTRO;ENC;PARKER/2020PMOR30M"
31/01/2026;RTG Material Maitenance;738;1.587,53;"FILTRO;COMBUSTIVEL;FF5782NN"
31/01/2026;RTG Material Maitenance;738;602,10;"BOLSA;COLETORA;24.000BTU;GBMAK"
31/01/2026;RTG Material Maitenance;738;1.755,31;"OLEO LUBRIF;MOTOR 15W40"
31/01/2026;RTG Material Maitenance;738;660,20;"FILTRO;OLEO MOTOR LF14000NN"
31/01/2026;RTG Material Maitenance;738;61,17;"FRASCO;PLAS;INCOL;CIL;250ML;C/"
31/01/2026;RTG Material Maitenance;738;48,82;"FILTRO;AG;ROSC;FLEETGUARD/WF21"
31/01/2026;RTG Material Maitenance;738;977,04;"ELEMENTO;FILTRANTE;FS53015"
31/01/2026;RTG Material Maitenance;738;58,30;"FILTRO;ENC;PARKER/2020PMOR30M"
31/01/2026;RTG Material Maitenance;738;1.587,53;"FILTRO;COMBUSTIVEL;FF5782NN"
31/01/2026;RTG Material Maitenance;738;61,17;"FRASCO;PLAS;INCOL;CIL;250ML;C/"
31/01/2026;RTG Material Maitenance;739;-58,30;"FILTRO;ENC;PARKER/2020PMOR30M"
31/01/2026;RTG Material Maitenance;739;61,17;"FRASCO;PLAS;INCOL;CIL;250ML;C/"
31/01/2026;RTG Material Maitenance;739;1.755,31;"OLEO LUBRIF;MOTOR 15W40"
31/01/2026;RTG Material Maitenance;739;660,20;"FILTRO;OLEO MOTOR LF14000NN"
31/01/2026;RTG Material Maitenance;739;61,17;"FRASCO;PLAS;INCOL;CIL;250ML;C/"
31/01/2026;RTG Material Maitenance;739;48,82;"FILTRO;AG;ROSC;FLEETGUARD/WF21"
31/01/2026;RTG Material Maitenance;739;977,04;"ELEMENTO;FILTRANTE;FS53015"
31/01/2026;RTG Material Maitenance;739;58,30;"FILTRO;ENC;PARKER/2020PMOR30M"
31/01/2026;RTG Material Maitenance;739;51,52;"CONTROLE REMOT UNIV;38KHZ;BR;8"
31/01/2026;RTG Material Maitenance;740;71,71;"VASELINA;SOLID;LAT 1KG"
31/01/2026;RTG Material Maitenance;741;299,48;"BLOCO;CONTATO;HEAD;SCHNEIDER/X"
31/01/2026;RTG Material Maitenance;741;167,89;"TOALHA IND;BR;KIMBERLY CLARK/W"
31/01/2026;RTG Material Maitenance;741;51,80;"GRAXA;NAUTICA;LIT;INGRAX/UNILI"
31/01/2026;RTG Material Maitenance;741;1.755,31;"OLEO LUBRIF;MOTOR 15W40"
31/01/2026;RTG Material Maitenance;741;660,20;"FILTRO;OLEO MOTOR LF14000NN"
31/01/2026;RTG Material Maitenance;741;61,17;"FRASCO;PLAS;INCOL;CIL;250ML;C/"
31/01/2026;RTG Material Maitenance;741;48,82;"FILTRO;AG;ROSC;FLEETGUARD/WF21"
31/01/2026;RTG Material Maitenance;741;977,04;"ELEMENTO;FILTRANTE;FS53015"
31/01/2026;RTG Material Maitenance;741;58,30;"FILTRO;ENC;PARKER/2020PMOR30M"
31/01/2026;RTG Material Maitenance;741;1.587,53;"FILTRO;COMBUSTIVEL;FF5782NN"
31/01/2026;RTG Material Maitenance;741;41,61;"BUZINA;ELET 24VCC;S/CORNETA;BO"
31/01/2026;RTG Material Maitenance;F316;279,16;"RODIZIO;GIRAT;PARAF/PORC;BORR;"
31/01/2026;RTG Material Maitenance;F316;50,80;"TINTA;SPRAY;PRETO; ALTA TEMPER"
31/01/2026;RTG Material Maitenance;F316;37,54;"TINTA;PRATA;SPR 200ML;MUNDIAL"
31/01/2026;RTG Material Maitenance;F316;16,43;"FITA ADES CREP;BR;50MM;50M"
31/01/2026;RTG Material Maitenance;F316;23,35;"ROLO PINTURA;TIGRE/1383"
01/02/2026;RTG Maintenance Services;;-29.780,32;
01/02/2026;RTG Material Maitenance;;-6.315,66;
03/02/2026;RTG Material Maitenance;;963,16;
03/02/2026;RTG Material Maitenance;;250,73;
03/02/2026;RTG Material Maitenance;;126,79;
03/02/2026;RTG Material Maitenance;;1.818,50;
03/02/2026;RTG Material Maitenance;;302,54;
03/02/2026;RTG Material Maitenance;;1.874,21;
03/02/2026;RTG Material Maitenance;;471,90;
03/02/2026;RTG Material Maitenance;;507,83;
09/02/2026;RTG Maintenance Services;;995,00;
11/02/2026;RTG Maintenance Services;;48,00;
11/02/2026;RTG Maintenance Services;;6.264,00;
13/02/2026;RTG Maintenance Services;;2.000,00;
18/02/2026;RTG Maintenance Services;;1.509,00;
18/02/2026;RTG Maintenance Services;;19.554,90;
28/02/2026;RTG Maintenance Services;;26.218,00;
28/02/2026;RTG Material Maitenance;701;684,65;"PARAFUSO ESTOJ;M22X1,5X42MM;PA"
28/02/2026;RTG Material Maitenance;701;1.190,71;"SACO;AR;PNEU;12.00X24;EV;KONEC"
28/02/2026;RTG Material Maitenance;701;243,17;"PROTETOR;CAMARA DE AR;ARO 24 P"
28/02/2026;RTG Material Maitenance;701;15,32;"DISCO FLAP;115X22MM;WURTH"
28/02/2026;RTG Material Maitenance;701;778,68;"RELE MOD INTRF;1SPDT;16A;FINDE"
28/02/2026;RTG Material Maitenance;701;2.615,83;"BASE RELE;SOQ;RELECO/S10M"
28/02/2026;RTG Material Maitenance;701;56,05;"COLA;PARABRISA;SAINT-GOBAIN;TU"
28/02/2026;RTG Material Maitenance;701;1.174,08;"DISCO;KONECRANES/NM34008NR2"
28/02/2026;RTG Material Maitenance;701;6,81;"PLUGUE P/TOMAD;20A;250V;2P+T;T"
28/02/2026;RTG Material Maitenance;702;37,37;"VASELINA;SOLID;LAT 1KG"
28/02/2026;RTG Material Maitenance;702;1.813,67;"CABO ACO PREFORM;IPH/16MM6X41W"
28/02/2026;RTG Material Maitenance;702;52,69;"CAPACITOR;MIDEA/05706080"
28/02/2026;RTG Material Maitenance;703;-25,13;"ADESIVO VED;BRASCOLA/BRASCOVED"
28/02/2026;RTG Material Maitenance;703;198,27;"DESENGRAXANTE;P/MAOS;GEL;WURTH"
28/02/2026;RTG Material Maitenance;703;3.875,88;"ROLAMENTO ROL CON;100X215X77,5"
28/02/2026;RTG Material Maitenance;703;3.813,32;"CILINDRO;BROMMA/74147"
28/02/2026;RTG Material Maitenance;704;-6.490,55;"BOMBA HIDR PIST;AX;A10V045DFLR"
28/02/2026;RTG Material Maitenance;704;183,57;"FILTRO;SEPAR;CUMMINS/FS19763"
28/02/2026;RTG Material Maitenance;704;91,79;"FILTRO;SEPAR;CUMMINS/FS19763"
28/02/2026;RTG Material Maitenance;704;91,79;"FILTRO;SEPAR;CUMMINS/FS19763"
28/02/2026;RTG Material Maitenance;704;91,79;"FILTRO;SEPAR;CUMMINS/FS19763"
28/02/2026;RTG Material Maitenance;704;91,79;"FILTRO;SEPAR;CUMMINS/FS19763"
28/02/2026;RTG Material Maitenance;704;91,79;"FILTRO;SEPAR;CUMMINS/FS19763"
28/02/2026;RTG Material Maitenance;704;91,79;"FILTRO;SEPAR;CUMMINS/FS19763"
28/02/2026;RTG Material Maitenance;704;777,66;"SENSOR; F/R:IFM/IIT212"
28/02/2026;RTG Material Maitenance;704;375,13;"SENSOR PROX INDUT;10MM;NBB1030"
28/02/2026;RTG Material Maitenance;704;91,79;"FILTRO;SEPAR;CUMMINS/FS19763"
28/02/2026;RTG Material Maitenance;704;1.079,92;"DESENGRAXANTE;20L;CERTIFIED/DA"
28/02/2026;RTG Material Maitenance;704;91,79;"FILTRO;SEPAR;CUMMINS/FS19763"
28/02/2026;RTG Material Maitenance;704;784,15;"INDICADOR;NIVEL;DIESEL;CUMMINS"
28/02/2026;RTG Material Maitenance;704;91,79;"FILTRO;SEPAR;CUMMINS/FS19763"
28/02/2026;RTG Material Maitenance;704;91,79;"FILTRO;SEPAR;CUMMINS/FS19763"
28/02/2026;RTG Material Maitenance;704;243,17;"PROTETOR;CAMARA DE AR;ARO 24 P"
28/02/2026;RTG Material Maitenance;704;274,68;"CAMARA AR;14,00;ARO 24;RS"
28/02/2026;RTG Material Maitenance;704;865,21;"ENGRENAGEM;BROMMA/46765"
28/02/2026;RTG Material Maitenance;704;3.130,87;"ACOPLAMENTO;BROMMA/BR700758"
28/02/2026;RTG Material Maitenance;704;6.490,55;"BOMBA HIDR PIST;AX;A10V045DFLR"
28/02/2026;RTG Material Maitenance;705;-23.144,89;GERADOR ELETRICO DE CORRENTE A
28/02/2026;RTG Material Maitenance;705;-23.144,89;GERADOR ELETRICO DE CORRENTE A
28/02/2026;RTG Material Maitenance;705;45,51;"GAS BUTANO;VOLCANO CLIPPER"
28/02/2026;RTG Material Maitenance;705;36,04;PILHA(AAA) CONJUNTO 2 UNIDADES
28/02/2026;RTG Material Maitenance;705;134,54;"BACTERICIDA;METASIL/DESIX TALC"
28/02/2026;RTG Material Maitenance;705;121,51;"DESENGRAXANTE;METASIL/JATOPLUS"
28/02/2026;RTG Material Maitenance;705;731,26;"REGULADOR TENS;ENCAPSULADO;GRAMEYER/RT7-TH4 E 5A-A"
28/02/2026;RTG Material Maitenance;705;145,08;"RELE TEMP;0,6-6MIN;SIEMENS/7PU"
28/02/2026;RTG Material Maitenance;705;670,19;CONTATOR TELEMECANIQUE LC1D401
28/02/2026;RTG Material Maitenance;705;91,79;"FILTRO;SEPAR;CUMMINS/FS19763"
28/02/2026;RTG Material Maitenance;705;91,79;"FILTRO;SEPAR;CUMMINS/FS19763"
28/02/2026;RTG Material Maitenance;705;3.782,37;"CODIFICADOR;INCR;BID;LEINE E L"
28/02/2026;RTG Material Maitenance;705;396,65;"CORREIA;VENTILADOR;CUMMINS/178"
28/02/2026;RTG Material Maitenance;705;443,12;"BLOCO CONT AUX TEMPORIZ;SCHNEI"
28/02/2026;RTG Material Maitenance;705;5.205,87;"BOBINA;COMPLETA;P/FREIO;GANTRY"
28/02/2026;RTG Material Maitenance;705;1.426,00;"MODULO;RETIFICADOR;RGM100"
28/02/2026;RTG Material Maitenance;705;0,91;"FUSIVEL;VIDRO;GRANDE;2A"
28/02/2026;RTG Material Maitenance;705;21.875,76;"JOYSTICK;F/R:GESSMANN/V85-B32D"
28/02/2026;RTG Material Maitenance;706;-10.035,19;"JOYSTICK;KONECRANES/0012878/11"
28/02/2026;RTG Material Maitenance;706;-248,04;"BLOCO CONT CHAV FIM CURS;SCHNE"
28/02/2026;RTG Material Maitenance;706;41,96;PARAFUSO SEXTAVADO FLANGEADO 8
28/02/2026;RTG Material Maitenance;706;31,76;"PARAFUSO;SCANIA/1360987"
28/02/2026;RTG Material Maitenance;706;381,59;"OLEO LUBRIF;MOTOR 15W40"
28/02/2026;RTG Material Maitenance;706;167,89;"TOALHA IND;BR;KIMBERLY CLARK/W"
28/02/2026;RTG Material Maitenance;706;91,79;"FILTRO;SEPAR;CUMMINS/FS19763"
28/02/2026;RTG Material Maitenance;706;103,99;"CORREIA MIC V PF;COMP 1110MM;6"
28/02/2026;RTG Material Maitenance;706;2.155,89;ALTERNADOR 24V TRs 01 A 07 (Re
28/02/2026;RTG Material Maitenance;706;13,61;"PLUGUE;TOMADA;MACHO;10A;250V;2"
28/02/2026;RTG Material Maitenance;706;27,61;"DISJUNTOR TERM;MONO;10A;SIEMEN"
28/02/2026;RTG Material Maitenance;706;5.205,87;"BOBINA;COMPLETA;P/FREIO;GANTRY"
28/02/2026;RTG Material Maitenance;706;32.849,55;"INTERFACE;LEINE LINDE/678695-0"
28/02/2026;RTG Material Maitenance;706;724,55;"DISJUNTOR TERM;BIP;10A;400V;SI"
28/02/2026;RTG Material Maitenance;706;26,95;"FLUIDO LIMP CONT;WURTH/3895653"
28/02/2026;RTG Material Maitenance;706;21,10;"OLEO DESENGRIP;AEROSSOL 300ML;"
28/02/2026;RTG Material Maitenance;706;25.677,82;"CODIFICADOR;ABSOLUTO;RSA 698;U"
28/02/2026;RTG Material Maitenance;706;62,61;"FITA ADES DU FACE;ESP ACRIL;LI"
28/02/2026;RTG Material Maitenance;706;2.498,60;"ALTERNADOR;24V;70A;24SI;DELCO;REMY;8600154;CT:13 A"
28/02/2026;RTG Material Maitenance;706;10.411,74;"BOBINA;COMPLETA;P/FREIO;GANTRY"
28/02/2026;RTG Material Maitenance;706;2.851,99;"MODULO;RETIFICADOR;RGM100"
28/02/2026;RTG Material Maitenance;706;1.055,21;"BLOCO CONT AUX TEMPORIZ;SCHNEI"
28/02/2026;RTG Material Maitenance;706;2.178,00;JOYSTICK GESSMANN/V85 B32D
28/02/2026;RTG Material Maitenance;706;10.035,19;"JOYSTICK;KONECRANES/0012878/11"
28/02/2026;RTG Material Maitenance;706;661,26;"CONTATOR TRIP;12A;110VCA;SCHNE"
28/02/2026;RTG Material Maitenance;706;1.055,21;"BLOCO CONT AUX TEMPORIZ;SCHNEI"
28/02/2026;RTG Material Maitenance;706;2,72;"FUSIVEL;VIDRO;GRANDE;2A"
28/02/2026;RTG Material Maitenance;706;248,04;"BLOCO CONT CHAV FIM CURS;SCHNE"
28/02/2026;RTG Material Maitenance;706;281,69;"CABECOTE CHAV FIM CURS;SCHNEID"
28/02/2026;RTG Material Maitenance;706;163,78;"PRENSA CABO;PHOENIX/1415125"
28/02/2026;RTG Material Maitenance;706;281,69;"CABECOTE CHAV FIM CURS;SCHNEID"
28/02/2026;RTG Material Maitenance;706;1.724,25;"MICRO;FIM DE CURSO;TELEMECANIQ"
28/02/2026;RTG Material Maitenance;706;353,29;"CABO CONTROLE;IGUS/CHAINFLEX-C"
28/02/2026;RTG Material Maitenance;706;10.411,74;"BOBINA;COMPLETA;P/FREIO;GANTRY"
28/02/2026;RTG Material Maitenance;706;1.426,00;"MODULO;RETIFICADOR;RGM100"
28/02/2026;RTG Material Maitenance;706;5.205,87;"BOBINA;COMPLETA;P/FREIO;GANTRY"
28/02/2026;RTG Material Maitenance;706;91,79;"FILTRO;SEPAR;CUMMINS/FS19763"
28/02/2026;RTG Material Maitenance;706;91,79;"FILTRO;SEPAR;CUMMINS/FS19763"
28/02/2026;RTG Material Maitenance;708;-33,51;"ADESIVO VED;BRASCOLA/BRASCOVED"
28/02/2026;RTG Material Maitenance;708;50,27;"ADESIVO VED;BRASCOLA/BRASCOVED"
28/02/2026;RTG Material Maitenance;708;33,51;"ADESIVO VED;BRASCOLA/BRASCOVED"
28/02/2026;RTG Material Maitenance;708;692,96;CONJUNTO ACOPLAMENTO ROTEX 42
28/02/2026;RTG Material Maitenance;708;23,50;"PARAFUSO AUTOP CAB SEXT;1/4POL"
28/02/2026;RTG Material Maitenance;708;23,50;"PARAFUSO AUTOP CAB SEXT;1/4POL"
28/02/2026;RTG Material Maitenance;708;252,03;"ACOPLAMENTO;LOOP FLEX;ABP DKPS"
28/02/2026;RTG Material Maitenance;708;91,79;"FILTRO;SEPAR;CUMMINS/FS19763"
28/02/2026;RTG Material Maitenance;708;532,09;"ALMOFADA;KONECRANES/60252001"
28/02/2026;RTG Material Maitenance;708;222,34;"DESLIZANTE;UHMW;285X150X20;APL"
28/02/2026;RTG Material Maitenance;708;200,79;"MODULO;PONTE;RETIFICADOR;FREIO"
28/02/2026;RTG Material Maitenance;708;245,02;"CONTATOR;3RT20:9A;TENSAO:220V;POLO:3;F/R:SIEMENS/3"
28/02/2026;RTG Material Maitenance;708;91,79;"FILTRO;SEPAR;CUMMINS/FS19763"
28/02/2026;RTG Material Maitenance;708;1.983,27;"GRAXA;OLEO MINER;ROCOL/RDOFFSH"
28/02/2026;RTG Material Maitenance;708;30,74;"ROLAMENTO;ESFERA;ATUADOR;CHAVE;CAMES;APLICACAO;RTG"
28/02/2026;RTG Material Maitenance;708;1.250,54;"DESLIZANTE;CORRENTE;CARRO"
28/02/2026;RTG Material Maitenance;708;573,99;"ENGRENAGEM;TROLLEY;SKEW;KALMAR"
28/02/2026;RTG Material Maitenance;708;181,94;"GRAXA;F/R WURTH 0893106"
28/02/2026;RTG Material Maitenance;708;698,54;"SENSOR;PINO LOQUEAMENTO;RS KAL"
28/02/2026;RTG Material Maitenance;708;91,79;"FILTRO;SEPAR;CUMMINS/FS19763"
28/02/2026;RTG Material Maitenance;709;4.492,38;"RETIFICADOR;BUBENZER/BB0009"
28/02/2026;RTG Material Maitenance;709;2.641,03;"RETIFICADOR;F/R:KALMAR/J015089"
28/02/2026;RTG Material Maitenance;709;2.168,93;"KIT;REPARO;FREIO;KALMAR;BOBINA"
28/02/2026;RTG Material Maitenance;709;93,23;"LUBRIFICANTE;MOLYGRAFIT/ACAERO"
28/02/2026;RTG Material Maitenance;709;1.526,35;"OLEO LUBRIF;MOTOR 15W40"
28/02/2026;RTG Material Maitenance;709;61,17;"FRASCO;PLAS;INCOL;CIL;250ML;C/"
28/02/2026;RTG Material Maitenance;709;1.008,14;"FILTRO;DIESEL;CUMMINS/FF63010"
28/02/2026;RTG Material Maitenance;709;264,90;"FILTRO;AG;FLEETGUARD/WF2126;DO"
28/02/2026;RTG Material Maitenance;709;91,79;"FILTRO;SEPAR;CUMMINS/FS19763"
28/02/2026;RTG Material Maitenance;709;248,57;"FILTRO;F/R:FLEETGUARD/LF9070"
28/02/2026;RTG Material Maitenance;709;61,17;"FRASCO;PLAS;INCOL;CIL;250ML;C/"
28/02/2026;RTG Material Maitenance;709;49,90;"FITA ISOL ELETR;750V;ADES;PVC;"
28/02/2026;RTG Material Maitenance;709;909,51;"LUMINARIA;LATINA/LT.BIL.A050.60"
28/02/2026;RTG Material Maitenance;709;922,86;"MICRO FEEDBACK;SIEMENS/3SE5122"
28/02/2026;RTG Material Maitenance;709;39,86;"LONA PLAST PROT;PT;PVC;8X100M;"
28/02/2026;RTG Material Maitenance;709;33,95;"FILME PLAS;PE;INCOL;500MM;BOB"
28/02/2026;RTG Material Maitenance;709;2.641,03;"RETIFICADOR;F/R:KALMAR/J015089"
28/02/2026;RTG Material Maitenance;709;91,79;"FILTRO;SEPAR;CUMMINS/FS19763"
28/02/2026;RTG Material Maitenance;709;26,95;"FLUIDO LIMP CONT;WURTH/3895653"
28/02/2026;RTG Material Maitenance;709;1.293,19;EIXO CONDUZIDO COMPLETO N04020
28/02/2026;RTG Material Maitenance;709;907,50;"CABO;PP;FLEXIVEL;500V;3X2,5MM;"
28/02/2026;RTG Material Maitenance;709;27,23;"CAIXA;110X110X60MM;PASSAGEM;PV"
28/02/2026;RTG Material Maitenance;709;60,88;"CAIXA DERIV;TERMOPL;RET;IP55;S"
28/02/2026;RTG Material Maitenance;709;123,95;"CONECTOR PASSAG;10MM2;41A;800V"
28/02/2026;RTG Material Maitenance;709;4.419,07;"BOBINA;FREIO;REPARADO;BUBENZER"
28/02/2026;RTG Material Maitenance;709;74,86;"PRENSA CABO;PHOENIX/1415127"
28/02/2026;RTG Material Maitenance;709;117,58;"PRENSA CABO;PHOENIX/1415129"
28/02/2026;RTG Material Maitenance;709;93,23;"LUBRIFICANTE;MOLYGRAFIT/ACAERO"
28/02/2026;RTG Material Maitenance;709;1.526,35;"OLEO LUBRIF;MOTOR 15W40"
28/02/2026;RTG Material Maitenance;709;1.045,22;"ADITIVO;P/ RADIADOR;COR:AZUL"
28/02/2026;RTG Material Maitenance;709;232,35;"ELEMENTO;FILTRO;RESPIRO;TANQUE"
28/02/2026;RTG Material Maitenance;709;2.231,42;"TENSIONADOR;CUMMINS/3691282"
28/02/2026;RTG Material Maitenance;709;61,17;"FRASCO;PLAS;INCOL;CIL;250ML;C/"
28/02/2026;RTG Material Maitenance;709;1.008,14;"FILTRO;DIESEL;CUMMINS/FF63010"
28/02/2026;RTG Material Maitenance;709;264,90;"FILTRO;AG;FLEETGUARD/WF2126;DO"
28/02/2026;RTG Material Maitenance;709;91,79;"FILTRO;SEPAR;CUMMINS/FS19763"
28/02/2026;RTG Material Maitenance;709;248,57;"FILTRO;F/R:FLEETGUARD/LF9070"
28/02/2026;RTG Material Maitenance;709;548,59;"FILTRO;AR;CUMMINS/AF25708M"
28/02/2026;RTG Material Maitenance;709;110,62;"PRENSA CABO;PHOENIX/1415126"
28/02/2026;RTG Material Maitenance;709;1.343,33;"GAS;REFRIGERANTE;R-32;CILINDRO"
28/02/2026;RTG Material Maitenance;709;6.144,59;"CONDICIONADOR AR;SPLIT;24000BT"
28/02/2026;RTG Material Maitenance;710;-41,61;"BUZINA;ELET 24VCC;S/CORNETA;BO"
28/02/2026;RTG Material Maitenance;710;0,52;"PINO ELAST;PESA;5MM;40MM;AC MO"
28/02/2026;RTG Material Maitenance;710;14,82;"PARAFUSO;KONECRANES/54101537"
28/02/2026;RTG Material Maitenance;710;429,25;"CASQUILHO;PINO;SKEW;KALMAR/N40"
28/02/2026;RTG Material Maitenance;710;10.246,27;"CABO ACO PREFORM;IPH/26MM6X41W"
28/02/2026;RTG Material Maitenance;710;9.425,82;"CABO ACO PREFORM;IPH/26MM6X41W"
28/02/2026;RTG Material Maitenance;710;2.532,91;"ROLAMENTO;APOIO;PINO SKEW;RTG"
28/02/2026;RTG Material Maitenance;710;1.008,14;"FILTRO;DIESEL;CUMMINS/FF63010"
28/02/2026;RTG Material Maitenance;710;548,59;"FILTRO;AR;CUMMINS/AF25708M"
28/02/2026;RTG Material Maitenance;710;91,79;"FILTRO;SEPAR;CUMMINS/FS19763"
28/02/2026;RTG Material Maitenance;710;8.063,84;"MOTOR;SKEW;SEW;REPARADO;EURODR"
28/02/2026;RTG Material Maitenance;710;310,64;"CONECTOR SOLEN;QUAD;STECK/S935"
28/02/2026;RTG Material Maitenance;710;272,25;BOBINA SOLENOIDE 24VCC F/R VIC
28/02/2026;RTG Material Maitenance;710;388,79;"ELASTOMERO;ROTEX/GR65"
28/02/2026;RTG Material Maitenance;711;-3.371,39;"REPARO CJ;STANFORD AVK/RSK5001"
28/02/2026;RTG Material Maitenance;711;3.476,46;"BOBINA;KONECRANES/60/891.080.1"
28/02/2026;RTG Material Maitenance;711;3.371,39;"REPARO CJ;STANFORD AVK/RSK5001"
28/02/2026;RTG Material Maitenance;711;4.011,37;"REGULADOR TENS;5A;STAMFORD;AVR"
28/02/2026;RTG Material Maitenance;711;72.301,38;"RETIFICADOR;KONECRANES/1114696"
28/02/2026;RTG Material Maitenance;711;7.886,90;"CABO;P/ ESTEIRA PORTA CABO;ESP"
28/02/2026;RTG Material Maitenance;711;14,81;"PARAFUSO;SEXTAVADO;1/2-13 X1.1"
28/02/2026;RTG Material Maitenance;711;7,25;PARAFUSO CAB SEXTAVADA FLANGEA
28/02/2026;RTG Material Maitenance;711;3.476,46;"BOBINA;KONECRANES/60/891.080.1"
28/02/2026;RTG Material Maitenance;711;1.426,00;"MODULO;RETIFICADOR;RGM100"
28/02/2026;RTG Material Maitenance;711;0,91;"FUSIVEL;VIDRO;GRANDE;2A"
28/02/2026;RTG Material Maitenance;711;26,95;"FLUIDO LIMP CONT;WURTH/3895653"
28/02/2026;RTG Material Maitenance;711;1.881,18;"BATERIA AUTO;SELAD;12V;180A"
28/02/2026;RTG Material Maitenance;711;30.661,34;"GERADOR;STANFORD/HCI534D1 G 95"
28/02/2026;RTG Material Maitenance;711;5.094,11;"MOTOR;KONECRANES/MFXP200212BB5"
28/02/2026;RTG Material Maitenance;711;183,57;"FILTRO;SEPAR;CUMMINS/FS19763"
28/02/2026;RTG Material Maitenance;711;2.313,10;"MOTOR;LOCK;PIN;REPARADO;KONECR"
28/02/2026;RTG Material Maitenance;711;91,79;"FILTRO;SEPAR;CUMMINS/FS19763"
28/02/2026;RTG Material Maitenance;712;6.108,48;"CARTAO;MEMORIA;CPU;SIMATIC;SIE"
28/02/2026;RTG Material Maitenance;712;91,79;"FILTRO;SEPAR;CUMMINS/FS19763"
28/02/2026;RTG Material Maitenance;712;91,79;"FILTRO;SEPAR;CUMMINS/FS19763"
28/02/2026;RTG Material Maitenance;712;3.118,17;"VENT;MOTOR;HOIST;REP;KONECRANE"
28/02/2026;RTG Material Maitenance;712;748,08;"DESENGRAXANTE;50L;HEPTA CLEAN"
28/02/2026;RTG Material Maitenance;712;1.526,35;"OLEO LUBRIF;MOTOR 15W40"
28/02/2026;RTG Material Maitenance;712;2.090,44;"ADITIVO;P/ RADIADOR;COR:AZUL"
28/02/2026;RTG Material Maitenance;712;2.259,67;"TENSOR;KONECRANES/3104029"
28/02/2026;RTG Material Maitenance;712;2.146,49;"TENSIONADOR;CUMMINS/3104027"
28/02/2026;RTG Material Maitenance;712;963,48;"CONE ROL CON;EIX 34,92MM;30811"
28/02/2026;RTG Material Maitenance;712;2.971,57;"FILTRO;RESPIRO;CUMMINS/3102738"
28/02/2026;RTG Material Maitenance;712;61,17;"FRASCO;PLAS;INCOL;CIL;250ML;C/"
28/02/2026;RTG Material Maitenance;712;228,30;"ELEMENTO FILTR;OLEO DIESEL;FLE"
28/02/2026;RTG Material Maitenance;712;264,90;"FILTRO;AG;FLEETGUARD/WF2126;DO"
28/02/2026;RTG Material Maitenance;712;4.901,47;"BOMBA;CUMMINS/5473363"
28/02/2026;RTG Material Maitenance;712;91,79;"FILTRO;SEPAR;CUMMINS/FS19763"
28/02/2026;RTG Material Maitenance;712;248,57;"FILTRO;F/R:FLEETGUARD/LF9070"
28/02/2026;RTG Material Maitenance;712;3.755,39;"POLIA;CUMMINS/3681587"
28/02/2026;RTG Material Maitenance;712;58,92;"PORCA;CUMMINS/142176"
28/02/2026;RTG Material Maitenance;712;235,21;"RETENTOR;CUMMINS/200307"
28/02/2026;RTG Material Maitenance;712;61,18;"ARRUELA;CUMMINS/3012467"
28/02/2026;RTG Material Maitenance;712;166,69;"PARAFUSO;CUMMINS/3102743"
28/02/2026;RTG Material Maitenance;712;308,07;"FILTRO;PRIMAR;AR;DONALDSON/P78"
28/02/2026;RTG Material Maitenance;712;181,81;"ELEMENTO FILTR;AR SEC;DONALDSO"
28/02/2026;RTG Material Maitenance;712;78,77;"CORREIA MIC V PF;PK;6 CAN;1180"
28/02/2026;RTG Material Maitenance;712;1.027,60;"CORREIA;CUMMINS/3681636"
28/02/2026;RTG Material Maitenance;712;1.079,92;"DESENGRAXANTE;20L;CERTIFIED/DA"
28/02/2026;RTG Material Maitenance;712;167,89;"TOALHA IND;BR;KIMBERLY CLARK/W"
28/02/2026;RTG Material Maitenance;712;90,97;"GRAXA;F/R WURTH 0893106"
28/02/2026;RTG Material Maitenance;712;25,88;"GRAXA;NAUTICA;LIT;INGRAX/UNILI"
28/02/2026;RTG Material Maitenance;712;1.345,21;"CORREIA;CUMMINS/3106099"
28/02/2026;RTG Material Maitenance;712;2.803,49;"OLEO LUBRIFICANTE;P/ ENGRENAGE"
28/02/2026;RTG Material Maitenance;712;4.514,27;"CABO ACO PREFORM;IPH/26MM6X41W"
28/02/2026;RTG Material Maitenance;713;183,57;"FILTRO;SEPAR;CUMMINS/FS19763"
28/02/2026;RTG Material Maitenance;713;594,08;"ELEMENTO FILTR;AR;FLEETGUARD/A"
28/02/2026;RTG Material Maitenance;713;183,57;"FILTRO;SEPAR;CUMMINS/FS19763"
28/02/2026;RTG Material Maitenance;713;2.369,02;ALTERNADOR 24V 4936879
28/02/2026;RTG Material Maitenance;713;4.866,67;"CONTATOR TRIP;630A;SCHNEIDER/L"
28/02/2026;RTG Material Maitenance;713;1.266,26;"FUSIVEL NH;000;250A;690V;UR;BU"
28/02/2026;RTG Material Maitenance;713;28.553,12;INVERSOR DYNAC VECTOR II D2C04
28/02/2026;RTG Material Maitenance;713;72.301,38;"RETIFICADOR;KONECRANES/1114696"
28/02/2026;RTG Material Maitenance;713;66,67;"RODIZIO;FIX;PARAF/PORC;100X30M"
28/02/2026;RTG Material Maitenance;713;91,72;"RODIZIO;GIRAT;PARAF/PORC;BORR;"
28/02/2026;RTG Material Maitenance;713;593,36;"GRAMPO;TENSOR;MODELO: GR 348D"
28/02/2026;RTG Material Maitenance;713;4.021,36;POLIA AUXILIAR WINCH KP34-001
28/02/2026;RTG Material Maitenance;713;91,79;"FILTRO;SEPAR;CUMMINS/FS19763"
28/02/2026;RTG Material Maitenance;713;30.873,15;"JOYSTICK;RTG;KONECRANES/524203"
28/02/2026;RTG Material Maitenance;713;1.426,00;"MODULO;RETIFICADOR;RGM100"
28/02/2026;RTG Material Maitenance;713;1.190,71;"SACO;AR;PNEU;12.00X24;EV;KONEC"
28/02/2026;RTG Material Maitenance;713;121,59;"PROTETOR;CAMARA DE AR;ARO 24 P"
28/02/2026;RTG Material Maitenance;714;-1.294,88;"KIT SOLDA;A FRIO;PLASTEEL"
28/02/2026;RTG Material Maitenance;714;-19.204,50;"TURBO;CUMMINS/4955240"
28/02/2026;RTG Material Maitenance;714;5.094,11;"MOTOR;KONECRANES/MFXP200212BB5"
28/02/2026;RTG Material Maitenance;714;1.071,72;"CONECTOR P/CAB COMUNIC RED;6ES"
28/02/2026;RTG Material Maitenance;714;2.350,57;"RETIFICADOR;KONECRANES/V002141"
28/02/2026;RTG Material Maitenance;714;3.476,46;"BOBINA;KONECRANES/60/891.080.1"
28/02/2026;RTG Material Maitenance;714;5.094,11;"MOTOR;KONECRANES/MFXP200212BB5"
28/02/2026;RTG Material Maitenance;714;19.204,50;"TURBO;CUMMINS/4955240"
28/02/2026;RTG Material Maitenance;714;167,89;"TOALHA IND;BR;KIMBERLY CLARK/W"
28/02/2026;RTG Material Maitenance;714;25,06;"PILHA;(AA);CONJUNTO 2 UNIDADES"
28/02/2026;RTG Material Maitenance;715;-6.952,93;"BOBINA;KONECRANES/60/891.080.1"
28/02/2026;RTG Material Maitenance;715;-2.146,49;"TENSIONADOR;CUMMINS/3104027"
28/02/2026;RTG Material Maitenance;715;21.116,34;CABO FIBRA OPTICA MULTIMODO
28/02/2026;RTG Material Maitenance;715;6,29;"FITA VED PTFE;18MM;0,70MM;ROL"
28/02/2026;RTG Material Maitenance;715;40,43;"FLUIDO LIMP CONT;WURTH/3895653"
28/02/2026;RTG Material Maitenance;715;31,65;"OLEO DESENGRIP;AEROSSOL 300ML;"
28/02/2026;RTG Material Maitenance;715;39,12;"CADEADO;LAT MACIC;50MM;S/INVOL"
28/02/2026;RTG Material Maitenance;715;13.575,88;"FREIO;GANTRY/TRANSLADO;TR-11-2"
28/02/2026;RTG Material Maitenance;715;2.851,99;"MODULO;RETIFICADOR;RGM100"
28/02/2026;RTG Material Maitenance;715;11.845,66;"CABO;P/ ESTEIRA PORTA CABO;ESP"
28/02/2026;RTG Material Maitenance;715;861,90;CORPO CHAVE FIM CURSO
28/02/2026;RTG Material Maitenance;715;765,66;CONECTOR SENSOR MACHO RETO
28/02/2026;RTG Material Maitenance;715;162,61;"BUCHA;KONECRANES/52490100"
28/02/2026;RTG Material Maitenance;715;383,88;"ANEL;LEINE E LINDE/66451901"
28/02/2026;RTG Material Maitenance;715;2.350,57;"RETIFICADOR;KONECRANES/V002141"
28/02/2026;RTG Material Maitenance;715;2,72;"FUSIVEL;VIDRO;GRANDE;2A"
28/02/2026;RTG Material Maitenance;715;443,12;"BLOCO CONT AUX TEMPORIZ;SCHNEI"
28/02/2026;RTG Material Maitenance;715;772,16;"BOBINA;240V;169X72MM;P/ FREIO"
28/02/2026;RTG Material Maitenance;715;3.476,46;"BOBINA;KONECRANES/60/891.080.1"
28/02/2026;RTG Material Maitenance;715;1.426,00;"MODULO;RETIFICADOR;RGM100"
28/02/2026;RTG Material Maitenance;715;3.476,46;"BOBINA;KONECRANES/60/891.080.1"
28/02/2026;RTG Material Maitenance;715;772,16;"BOBINA;240V;169X72MM;P/ FREIO"
28/02/2026;RTG Material Maitenance;715;6.787,94;"FREIO;GANTRY/TRANSLADO;TR-11-2"
28/02/2026;RTG Material Maitenance;715;6.787,94;"FREIO;GANTRY/TRANSLADO;TR-11-2"
28/02/2026;RTG Material Maitenance;715;886,25;"BLOCO CONT AUX TEMPORIZ;SCHNEI"
28/02/2026;RTG Material Maitenance;715;13.575,88;"FREIO;GANTRY/TRANSLADO;TR-11-2"
28/02/2026;RTG Material Maitenance;715;248,57;"FILTRO;F/R:FLEETGUARD/LF9070"
28/02/2026;RTG Material Maitenance;715;91,79;"FILTRO;SEPAR;CUMMINS/FS19763"
28/02/2026;RTG Material Maitenance;715;122,34;"FRASCO;PLAS;INCOL;CIL;250ML;C/"
28/02/2026;RTG Material Maitenance;715;33,95;"FILME PLAS;PE;INCOL;500MM;BOB"
28/02/2026;RTG Material Maitenance;715;2.146,49;"TENSIONADOR;CUMMINS/3104027"
28/02/2026;RTG Material Maitenance;715;71,78;"PARAFUSO SEX;UNC7/16;2POL;SAEJ"
28/02/2026;RTG Material Maitenance;715;2.259,67;"TENSOR;KONECRANES/3104029"
28/02/2026;RTG Material Maitenance;715;22,22;"PARAFUSO;SEXTAVADO;1/2-13 X1.1"
28/02/2026;RTG Material Maitenance;715;4.011,37;"REGULADOR TENS;5A;STAMFORD;AVR"
28/02/2026;RTG Material Maitenance;715;1.526,35;"OLEO LUBRIF;MOTOR 15W40"
28/02/2026;RTG Material Maitenance;715;61,17;"FRASCO;PLAS;INCOL;CIL;250ML;C/"
28/02/2026;RTG Material Maitenance;715;228,30;"ELEMENTO FILTR;OLEO DIESEL;FLE"
28/02/2026;RTG Material Maitenance;715;264,90;"FILTRO;AG;FLEETGUARD/WF2126;DO"
28/02/2026;RTG Material Maitenance;715;91,79;"FILTRO;SEPAR;CUMMINS/FS19763"
28/02/2026;RTG Material Maitenance;715;248,57;"FILTRO;F/R:FLEETGUARD/LF9070"
28/02/2026;RTG Material Maitenance;715;1.426,00;"MODULO;RETIFICADOR;RGM100"
28/02/2026;RTG Material Maitenance;715;6.787,94;"FREIO;GANTRY/TRANSLADO;TR-11-2"
28/02/2026;RTG Material Maitenance;716;381,59;"OLEO LUBRIF;MOTOR 15W40"
28/02/2026;RTG Material Maitenance;716;41,61;"BUZINA;ELET 24VCC;S/CORNETA;BO"
28/02/2026;RTG Material Maitenance;716;41,61;"BUZINA;ELET 24VCC;S/CORNETA;BO"
28/02/2026;RTG Material Maitenance;716;335,77;"TOALHA IND;BR;KIMBERLY CLARK/W"
28/02/2026;RTG Material Maitenance;716;91,79;"FILTRO;SEPAR;CUMMINS/FS19763"
28/02/2026;RTG Material Maitenance;716;264,90;"FILTRO;AG;FLEETGUARD/WF2126;DO"
28/02/2026;RTG Material Maitenance;716;1.008,14;"FILTRO;DIESEL;CUMMINS/FF63010"
28/02/2026;RTG Material Maitenance;716;548,59;"FILTRO;AR;CUMMINS/AF25708M"
28/02/2026;RTG Material Maitenance;716;13,94;"TERMINAL P/BAT;APERT;NEG;LAT;C"
28/02/2026;RTG Material Maitenance;716;156,25;"CABO COBRE FLEXIVEL;CLASSE 5;2"
28/02/2026;RTG Material Maitenance;716;243,17;"PROTETOR;CAMARA DE AR;ARO 24 P"
28/02/2026;RTG Material Maitenance;716;274,68;"CAMARA AR;14,00;ARO 24;RS"
28/02/2026;RTG Material Maitenance;716;3.476,46;"BOBINA;KONECRANES/60/891.080.1"
28/02/2026;RTG Material Maitenance;717;548,59;"FILTRO;AR;CUMMINS/AF25708M"
28/02/2026;RTG Material Maitenance;717;821,40;"DISJUNTOR TRIP PROT MTR;TERM;S"
28/02/2026;RTG Material Maitenance;717;84,70;"BLOCO CONTAT AUX P/DISJ;SCHNEI"
28/02/2026;RTG Material Maitenance;717;104,36;"BLOCO CONTAT AUX P/DISJ;SCHNEI"
28/02/2026;RTG Material Maitenance;717;76,31;"BLOCO CONTATO AUX P/DISJUNTOR;"
28/02/2026;RTG Material Maitenance;717;99,83;"PONTE RETIFIC;30A;1600V;SEMIKR"
28/02/2026;RTG Material Maitenance;717;41.297,92;"MODULO;ELETRONICO;CPU;MEMORIA;"
28/02/2026;RTG Material Maitenance;717;143,17;"CONECTOR SENSOR;TURCK/RKC4.4T"
28/02/2026;RTG Material Maitenance;717;548,59;"FILTRO;AR;CUMMINS/AF25708M"
28/02/2026;RTG Material Maitenance;717;91,79;"FILTRO;SEPAR;CUMMINS/FS19763"
28/02/2026;RTG Material Maitenance;717;91,79;"FILTRO;SEPAR;CUMMINS/FS19763"
28/02/2026;RTG Material Maitenance;717;548,59;"FILTRO;AR;CUMMINS/AF25708M"
28/02/2026;RTG Material Maitenance;717;91,79;"FILTRO;SEPAR;CUMMINS/FS19763"
28/02/2026;RTG Material Maitenance;718;-41,61;"BUZINA;ELET 24VCC;S/CORNETA;BO"
28/02/2026;RTG Material Maitenance;718;-3.799,88;"VENTILADOR(02);KONECRANES"
28/02/2026;RTG Material Maitenance;718;-7.260,00;"MODULO;VENTILADOR;EATON/70CMC0"
28/02/2026;RTG Material Maitenance;718;790,90;"TINTA;AZUL;RAL5002;PU;JOTUN"
28/02/2026;RTG Material Maitenance;718;95,64;"SOLVENTE P/TINT;SOLVEN/THINNER"
28/02/2026;RTG Material Maitenance;718;5.007,58;"BOMBA DUPL DIAFR;PNEUM;ALU;HYT"
28/02/2026;RTG Material Maitenance;718;1.497,37;"CHAVE FIM CURS;ACE SCHMERSAL/M"
28/02/2026;RTG Material Maitenance;718;3.907,69;"LUMINARIA;ESTRUTURA;LED;PHILIP"
28/02/2026;RTG Material Maitenance;718;81,89;"PRENSA CABO;PHOENIX/1415125"
28/02/2026;RTG Material Maitenance;718;163,78;"PRENSA CABO;PHOENIX/1415125"
28/02/2026;RTG Material Maitenance;718;309,51;"HASTE;VARETA;ACO;INOX;3.0MM;TA"
28/02/2026;RTG Material Maitenance;718;20,32;"ADESIVO INST;CIANOACR;HENKEL/S"
28/02/2026;RTG Material Maitenance;718;76,21;"TINTA;SPRAY;PRETO; ALTA TEMPER"
28/02/2026;RTG Material Maitenance;718;46,12;"ADESIVO VED; INCOLOR;WURTH/089"
28/02/2026;RTG Material Maitenance;718;1.497,37;"CHAVE FIM CURS;ACE SCHMERSAL/M"
28/02/2026;RTG Material Maitenance;718;277,60;"REGUA;UHMW;COPAFLEX/UHMW"
28/02/2026;RTG Material Maitenance;718;1.266,26;"FUSIVEL NH;000;250A;690V;UR;BU"
28/02/2026;RTG Material Maitenance;718;28.553,12;INVERSOR DYNAC VECTOR II D2C04
28/02/2026;RTG Material Maitenance;718;486,34;"PROTETOR;CAMARA DE AR;ARO 24 P"
28/02/2026;RTG Material Maitenance;718;647,44;"KIT SOLDA;A FRIO;PLASTEEL"
28/02/2026;RTG Material Maitenance;718;167,89;"TOALHA IND;BR;KIMBERLY CLARK/W"
28/02/2026;RTG Material Maitenance;718;1.526,35;"OLEO LUBRIF;MOTOR 15W40"
28/02/2026;RTG Material Maitenance;718;61,17;"FRASCO;PLAS;INCOL;CIL;250ML;C/"
28/02/2026;RTG Material Maitenance;718;1.008,14;"FILTRO;DIESEL;CUMMINS/FF63010"
28/02/2026;RTG Material Maitenance;718;264,90;"FILTRO;AG;FLEETGUARD/WF2126;DO"
28/02/2026;RTG Material Maitenance;718;248,57;"FILTRO;F/R:FLEETGUARD/LF9070"
28/02/2026;RTG Material Maitenance;718;531,44;"ESCADA;AL;13 DEGR;4M;LARG;46CM"
28/02/2026;RTG Material Maitenance;718;422,43;"DISPOSITIVO; VERIFICACAO;STATUS P/ SENSORES;BANNER"
28/02/2026;RTG Material Maitenance;718;17,07;"ESTILETE;RETRAT;LARG;AZ/AM;ABS"
28/02/2026;RTG Material Maitenance;718;647,44;"KIT SOLDA;A FRIO;PLASTEEL"
28/02/2026;RTG Material Maitenance;718;30,55;"ANEL ELASTICO;FURO;35MM;DOBER"
28/02/2026;RTG Material Maitenance;718;167,89;"TOALHA IND;BR;KIMBERLY CLARK/W"
28/02/2026;RTG Material Maitenance;718;4.161,82;"PNEU 1400X24;RECAPADO; ARO:24;"
28/02/2026;RTG Material Maitenance;718;1.190,71;"SACO;AR;PNEU;12.00X24;EV;KONEC"
28/02/2026;RTG Material Maitenance;718;243,17;"PROTETOR;CAMARA DE AR;ARO 24 P"
28/02/2026;RTG Material Maitenance;718;7.260,00;"MODULO;VENTILADOR;EATON/70CMC0"
28/02/2026;RTG Material Maitenance;718;3.799,88;"VENTILADOR(02);KONECRANES"
28/02/2026;RTG Material Maitenance;718;3.014,26;"VENTILADOR(01);KONECRANES"
28/02/2026;RTG Material Maitenance;718;843,98;"PONTE;RETIFICADORA;SEW/BGE1.5"
28/02/2026;RTG Material Maitenance;718;6.787,94;"FREIO;GANTRY/TRANSLADO;TR-11-2"
28/02/2026;RTG Material Maitenance;718;1.426,00;"MODULO;RETIFICADOR;RGM100"
28/02/2026;RTG Material Maitenance;718;0,91;"FUSIVEL;VIDRO;GRANDE;2A"
28/02/2026;RTG Material Maitenance;718;91,79;"FILTRO;SEPAR;CUMMINS/FS19763"
28/02/2026;RTG Material Maitenance;718;3.476,46;"BOBINA;KONECRANES/60/891.080.1"
28/02/2026;RTG Material Maitenance;718;1.426,00;"MODULO;RETIFICADOR;RGM100"
28/02/2026;RTG Material Maitenance;718;91,79;"FILTRO;SEPAR;CUMMINS/FS19763"
28/02/2026;RTG Material Maitenance;718;183,57;"FILTRO;SEPAR;CUMMINS/FS19763"
28/02/2026;RTG Material Maitenance;719;-63.506,85;"INVERSOR;KONECRANES/52427261"
28/02/2026;RTG Material Maitenance;719;-74,85;"FITA ISOL ELETR;750V;ADES;PVC;"
28/02/2026;RTG Material Maitenance;719;-54,67;"PORCA;SEXTAVADA FLANGE;M20X1,5"
28/02/2026;RTG Material Maitenance;719;-4.901,47;"BOMBA;CUMMINS/5473363"
28/02/2026;RTG Material Maitenance;719;7,25;PARAFUSO CAB SEXTAVADA FLANGEA
28/02/2026;RTG Material Maitenance;719;0,91;"FUSIVEL;VIDRO;GRANDE;2A"
28/02/2026;RTG Material Maitenance;719;6.787,94;"FREIO;GANTRY/TRANSLADO;TR-11-2"
28/02/2026;RTG Material Maitenance;719;1.426,00;"MODULO;RETIFICADOR;RGM100"
28/02/2026;RTG Material Maitenance;719;74,85;"FITA ISOL ELETR;750V;ADES;PVC;"
28/02/2026;RTG Material Maitenance;719;5,44;"PARAFUSO;AXLETECH/E75502698"
28/02/2026;RTG Material Maitenance;719;754,49;"VALVULA;TERM;CUMMINS/4336659"
28/02/2026;RTG Material Maitenance;719;91,79;"FILTRO;SEPAR;CUMMINS/FS19763"
28/02/2026;RTG Material Maitenance;719;4.901,47;"BOMBA;CUMMINS/5473363"
28/02/2026;RTG Material Maitenance;719;54,67;"PORCA;SEXTAVADA FLANGE;M20X1,5"
28/02/2026;RTG Material Maitenance;719;112,80;"BARRA ROSC AC INOX;AISI 304;M2"
28/02/2026;RTG Material Maitenance;719;57,80;"PORCA;SEXTAVADA;DIN 934;M22X2,"
28/02/2026;RTG Material Maitenance;719;3.782,37;"CODIFICADOR;INCR;BID;LEINE E L"
28/02/2026;RTG Material Maitenance;719;308,07;"FILTRO;PRIMAR;AR;DONALDSON/P78"
28/02/2026;RTG Material Maitenance;719;3.032,30;"PROTETOR;VIGIA;RTG-01 AO 30"
28/02/2026;RTG Material Maitenance;719;11.038,69;"MOTOR;KONECRANES/MF13G200210AA"
28/02/2026;RTG Material Maitenance;719;153,80;PARAFUSO F/R:DHL/PAR-2581
28/02/2026;RTG Material Maitenance;719;2.161,73;"RADIADOR;D’AGUA;TR KONE;11-20"
28/02/2026;RTG Material Maitenance;719;2.651,92;"SENSOR NIV LIQ;FIX;ALU FUND;MU"
28/02/2026;RTG Material Maitenance;719;3.782,37;"CODIFICADOR;INCR;BID;LEINE E L"
28/02/2026;RTG Material Maitenance;721;134,82;"LIMPADOR SUPERF;MULTI-USO;AZULIM;500ML"
28/02/2026;RTG Material Maitenance;721;251,86;"BACTERICIDA;METASIL/DESIX AIR"
28/02/2026;RTG Material Maitenance;721;91,79;"FILTRO;SEPAR;CUMMINS/FS19763"
28/02/2026;RTG Material Maitenance;721;91,79;"FILTRO;SEPAR;CUMMINS/FS19763"
28/02/2026;RTG Material Maitenance;721;963,48;"CONE ROL CON;EIX 34,92MM;30811"
28/02/2026;RTG Material Maitenance;721;1.345,21;"CORREIA;CUMMINS/3106099"
28/02/2026;RTG Material Maitenance;721;6.217,41;"POLIA;VENTILADOR;MOTOR;DIESEL;"
28/02/2026;RTG Material Maitenance;721;802,24;"SENSOR PROX INDUT;8MM;CIL;KALM"
28/02/2026;RTG Material Maitenance;721;57,97;"PARAFUSO;SEXTAVADO;M20X80MM;PA"
28/02/2026;RTG Material Maitenance;721;91,79;"FILTRO;SEPAR;CUMMINS/FS19763"
28/02/2026;RTG Material Maitenance;721;91,79;"FILTRO;SEPAR;CUMMINS/FS19763"
28/02/2026;RTG Material Maitenance;721;2.675,89;"MOTOR PARTID;7,5KW;24VCC;DELCO"
28/02/2026;RTG Material Maitenance;721;2.675,89;"MOTOR PARTID;7,5KW;24VCC;DELCO"
28/02/2026;RTG Material Maitenance;721;183,57;"FILTRO;SEPAR;CUMMINS/FS19763"
28/02/2026;RTG Material Maitenance;721;305,27;"OLEO LUBRIF;MOTOR 15W40"
28/02/2026;RTG Material Maitenance;721;181,81;"ELEMENTO FILTR;AR SEC;DONALDSO"
28/02/2026;RTG Material Maitenance;721;308,07;"FILTRO;PRIMAR;AR;DONALDSON/P78"
28/02/2026;RTG Material Maitenance;721;3,70;"PARAFUSO;SEXTAVADO;1/2-13 X1.1"
28/02/2026;RTG Material Maitenance;721;4.011,37;"REGULADOR TENS;5A;STAMFORD;AVR"
28/02/2026;RTG Material Maitenance;721;9,68;PORCA AUTO TRAVANTE  M20 PASSO
28/02/2026;RTG Material Maitenance;721;8,06;"ARRUELA;LI;21MM;37MM;3MM;SAE 1"
28/02/2026;RTG Material Maitenance;721;624,71;"SENSOR;CUMMINS/5491994"
28/02/2026;RTG Material Maitenance;721;91,79;"FILTRO;SEPAR;CUMMINS/FS19763"
28/02/2026;RTG Material Maitenance;721;61,17;"FRASCO;PLAS;INCOL;CIL;250ML;C/"
28/02/2026;RTG Material Maitenance;721;90,97;"GRAXA;F/R WURTH 0893106"
28/02/2026;RTG Material Maitenance;721;1.526,35;"OLEO LUBRIF;MOTOR 15W40"
28/02/2026;RTG Material Maitenance;721;1.045,22;"ADITIVO;P/ RADIADOR;COR:AZUL"
28/02/2026;RTG Material Maitenance;721;61,17;"FRASCO;PLAS;INCOL;CIL;250ML;C/"
28/02/2026;RTG Material Maitenance;721;228,30;"ELEMENTO FILTR;OLEO DIESEL;FLE"
28/02/2026;RTG Material Maitenance;721;264,90;"FILTRO;AG;FLEETGUARD/WF2126;DO"
28/02/2026;RTG Material Maitenance;721;45,64;"FILTRO;DO OLEO HID;P556005"
28/02/2026;RTG Material Maitenance;721;91,79;"FILTRO;SEPAR;CUMMINS/FS19763"
28/02/2026;RTG Material Maitenance;721;248,57;"FILTRO;F/R:FLEETGUARD/LF9070"
28/02/2026;RTG Material Maitenance;721;308,07;"FILTRO;PRIMAR;AR;DONALDSON/P78"
28/02/2026;RTG Material Maitenance;721;181,81;"ELEMENTO FILTR;AR SEC;DONALDSO"
28/02/2026;RTG Material Maitenance;721;2.904,00;"PROTECAO;FREIO;FIRE/2998"
28/02/2026;RTG Material Maitenance;721;1.079,92;"DESENGRAXANTE;20L;CERTIFIED/DA"
28/02/2026;RTG Material Maitenance;721;1.331,13;"DESENGRAXANTE;DIELETRICO;WURTH"
28/02/2026;RTG Material Maitenance;721;167,89;"TOALHA IND;BR;KIMBERLY CLARK/W"
28/02/2026;RTG Material Maitenance;721;441,36;"CONTATO;AUXILIAR;BACO/0172179"
28/02/2026;RTG Material Maitenance;721;1.303,14;"DOBRADICA;DHL/DPTR-DHL-2360"
28/02/2026;RTG Material Maitenance;721;30.661,34;"GERADOR;STANFORD/HCI534D1 G 95"
28/02/2026;RTG Material Maitenance;722;91,79;"FILTRO;SEPAR;CUMMINS/FS19763"
28/02/2026;RTG Material Maitenance;722;4.819,93;"CODIFICADOR/ENCODER;INCREMENT"
28/02/2026;RTG Material Maitenance;722;10,55;"OLEO DESENGRIP;AEROSSOL 300ML;"
28/02/2026;RTG Material Maitenance;722;23,22;"FITA;ISOLANTE;TECIDO;DNI/DNI50"
28/02/2026;RTG Material Maitenance;722;91,79;"FILTRO;SEPAR;CUMMINS/FS19763"
28/02/2026;RTG Material Maitenance;722;401,12;"SENSOR PROX INDUT;8MM;CIL;KALM"
28/02/2026;RTG Material Maitenance;723;-41,61;"BUZINA;ELET 24VCC;S/CORNETA;BO"
28/02/2026;RTG Material Maitenance;723;31,95;"ROLO PINTURA;POLIESTER;40MM; C"
28/02/2026;RTG Material Maitenance;723;114,92;"DISCO FLAP;115X22MM;WURTH"
28/02/2026;RTG Material Maitenance;723;262,31;"ARAME MIG;BALMER/30005905"
28/02/2026;RTG Material Maitenance;723;25,40;"TINTA;SPRAY;PRETO; ALTA TEMPER"
28/02/2026;RTG Material Maitenance;723;1.303,14;"DOBRADICA;DHL/DPTR-DHL-2360"
28/02/2026;RTG Material Maitenance;723;167,89;"TOALHA IND;BR;KIMBERLY CLARK/W"
28/02/2026;RTG Material Maitenance;723;16,82;"CADEADO;LAT MACIC;25MM;S/INVOL"
28/02/2026;RTG Material Maitenance;724;-41,61;"BUZINA;ELET 24VCC;S/CORNETA;BO"
28/02/2026;RTG Material Maitenance;724;91,79;"FILTRO;SEPAR;CUMMINS/FS19763"
28/02/2026;RTG Material Maitenance;724;91,79;"FILTRO;SEPAR;CUMMINS/FS19763"
28/02/2026;RTG Material Maitenance;724;248,57;"FILTRO;F/R:FLEETGUARD/LF9070"
28/02/2026;RTG Material Maitenance;724;625,27;"DESLIZANTE;CORRENTE;CARRO"
28/02/2026;RTG Material Maitenance;724;91,79;"FILTRO;SEPAR;CUMMINS/FS19763"
28/02/2026;RTG Material Maitenance;725;91,79;"FILTRO;SEPAR;CUMMINS/FS19763"
28/02/2026;RTG Material Maitenance;725;19.204,50;"TURBO;CUMMINS/4955240"
28/02/2026;RTG Material Maitenance;725;174,54;"TAMPA;RADIADOR;GATES/1279"
28/02/2026;RTG Material Maitenance;725;91,79;"FILTRO;SEPAR;CUMMINS/FS19763"
28/02/2026;RTG Material Maitenance;725;9,01;PILHA(AAA) CONJUNTO 2 UNIDADES
28/02/2026;RTG Material Maitenance;725;13.031,70;"FLIPPER;YTS45;DHL/035-2024"
28/02/2026;RTG Material Maitenance;725;183,57;"FILTRO;SEPAR;CUMMINS/FS19763"
28/02/2026;RTG Material Maitenance;725;1.526,35;"OLEO LUBRIF;MOTOR 15W40"
28/02/2026;RTG Material Maitenance;725;61,17;"FRASCO;PLAS;INCOL;CIL;250ML;C/"
28/02/2026;RTG Material Maitenance;725;228,30;"ELEMENTO FILTR;OLEO DIESEL;FLE"
28/02/2026;RTG Material Maitenance;725;264,90;"FILTRO;AG;FLEETGUARD/WF2126;DO"
28/02/2026;RTG Material Maitenance;725;45,64;"FILTRO;DO OLEO HID;P556005"
28/02/2026;RTG Material Maitenance;725;91,79;"FILTRO;SEPAR;CUMMINS/FS19763"
28/02/2026;RTG Material Maitenance;725;248,57;"FILTRO;F/R:FLEETGUARD/LF9070"
28/02/2026;RTG Material Maitenance;725;34,13;"ESTILETE;RETRAT;LARG;AZ/AM;ABS"
28/02/2026;RTG Material Maitenance;725;16,70;"PILHA;(AA);CONJUNTO 2 UNIDADES"
28/02/2026;RTG Material Maitenance;725;17,89;"LAMPADA;LED;TUBULAR;20W BIVOLT"
28/02/2026;RTG Material Maitenance;725;533,06;"BOTOEIRA MONT;1 BOT;SIEMENS/3S"
28/02/2026;RTG Material Maitenance;725;10,16;"ADESIVO INST;CIANOACR;HENKEL/S"
28/02/2026;RTG Material Maitenance;725;53,90;"FLUIDO LIMP CONT;WURTH/3895653"
28/02/2026;RTG Material Maitenance;725;167,89;"TOALHA IND;BR;KIMBERLY CLARK/W"
28/02/2026;RTG Material Maitenance;725;99,80;"FITA ISOL ELETR;750V;ADES;PVC;"
28/02/2026;RTG Material Maitenance;725;42,20;"OLEO DESENGRIP;AEROSSOL 300ML;"
28/02/2026;RTG Material Maitenance;725;12.702,02;"CABO;ESTEIRA;PORTA;CABO;CABLETRACK;ESPECIAL;FLEXIV"
28/02/2026;RTG Material Maitenance;725;748,08;"DESENGRAXANTE;50L;HEPTA CLEAN"
28/02/2026;RTG Material Maitenance;725;76,05;"LIMPADOR SUPERF;LAVAGEM A SECO"
28/02/2026;RTG Material Maitenance;726;-41,61;"BUZINA;ELET 24VCC;S/CORNETA;BO"
28/02/2026;RTG Material Maitenance;726;91,79;"FILTRO;SEPAR;CUMMINS/FS19763"
28/02/2026;RTG Material Maitenance;726;91,79;"FILTRO;SEPAR;CUMMINS/FS19763"
28/02/2026;RTG Material Maitenance;726;25,40;"TINTA;SPRAY;PRETO; ALTA TEMPER"
28/02/2026;RTG Material Maitenance;726;183,57;"FILTRO;SEPAR;CUMMINS/FS19763"
28/02/2026;RTG Material Maitenance;726;91,79;"FILTRO;SEPAR;CUMMINS/FS19763"
28/02/2026;RTG Material Maitenance;726;1.881,18;"BATERIA AUTO;SELAD;12V;180A"
28/02/2026;RTG Material Maitenance;727;-12.702,02;"CABO;ESTEIRA;PORTA;CABO;CABLETRACK;ESPECIAL;FLEXIV"
28/02/2026;RTG Material Maitenance;727;40,43;"FLUIDO LIMP CONT;WURTH/3895653"
28/02/2026;RTG Material Maitenance;727;1.052,47;"OLEO;HIDIDRAULICO;HVLP 68"
28/02/2026;RTG Material Maitenance;727;91,79;"FILTRO;SEPAR;CUMMINS/FS19763"
28/02/2026;RTG Material Maitenance;727;35,02;"FITA ISOL ELETR;69KV;3M/H00021"
28/02/2026;RTG Material Maitenance;727;12.702,02;"CABO;ESTEIRA;PORTA;CABO;CABLETRACK;ESPECIAL;FLEXIV"
28/02/2026;RTG Material Maitenance;727;91,79;"FILTRO;SEPAR;CUMMINS/FS19763"
28/02/2026;RTG Material Maitenance;727;1.526,35;"OLEO LUBRIF;MOTOR 15W40"
28/02/2026;RTG Material Maitenance;727;61,17;"FRASCO;PLAS;INCOL;CIL;250ML;C/"
28/02/2026;RTG Material Maitenance;727;228,30;"ELEMENTO FILTR;OLEO DIESEL;FLE"
28/02/2026;RTG Material Maitenance;727;264,90;"FILTRO;AG;FLEETGUARD/WF2126;DO"
28/02/2026;RTG Material Maitenance;727;45,64;"FILTRO;DO OLEO HID;P556005"
28/02/2026;RTG Material Maitenance;727;91,79;"FILTRO;SEPAR;CUMMINS/FS19763"
28/02/2026;RTG Material Maitenance;727;248,57;"FILTRO;F/R:FLEETGUARD/LF9070"
28/02/2026;RTG Material Maitenance;727;35,79;"LAMPADA;LED;TUBULAR;20W BIVOLT"
28/02/2026;RTG Material Maitenance;727;441,36;"CONTATO;AUXILIAR;BACO/0172179"
28/02/2026;RTG Material Maitenance;727;903,14;"CHAVE;BACO/0172200"
28/02/2026;RTG Material Maitenance;727;4,49;"FITA ADES PP;TRANS;48MM;ADELBR"
28/02/2026;RTG Material Maitenance;727;1.079,92;"DESENGRAXANTE;20L;CERTIFIED/DA"
28/02/2026;RTG Material Maitenance;727;10.006,50;"IHM SIMATIC;6AV66430AA011AX0"
28/02/2026;RTG Material Maitenance;727;90,97;"GRAXA;F/R WURTH 0893106"
28/02/2026;RTG Material Maitenance;727;91,79;"FILTRO;SEPAR;CUMMINS/FS19763"
28/02/2026;RTG Material Maitenance;728;-41,61;"BUZINA;ELET 24VCC;S/CORNETA;BO"
28/02/2026;RTG Material Maitenance;728;183,57;"FILTRO;SEPAR;CUMMINS/FS19763"
28/02/2026;RTG Material Maitenance;728;183,57;"FILTRO;SEPAR;CUMMINS/FS19763"
28/02/2026;RTG Material Maitenance;728;183,57;"FILTRO;SEPAR;CUMMINS/FS19763"
28/02/2026;RTG Material Maitenance;728;119,89;"CORREIA MIC V PF;COMP 1195MM;6"
28/02/2026;RTG Material Maitenance;728;151,46;"CORREIA;CUMMINS/178708"
28/02/2026;RTG Material Maitenance;728;305,27;"OLEO LUBRIF;MOTOR 15W40"
28/02/2026;RTG Material Maitenance;728;1.526,35;"OLEO LUBRIF;MOTOR 15W40"
28/02/2026;RTG Material Maitenance;728;61,17;"FRASCO;PLAS;INCOL;CIL;250ML;C/"
28/02/2026;RTG Material Maitenance;728;228,30;"ELEMENTO FILTR;OLEO DIESEL;FLE"
28/02/2026;RTG Material Maitenance;728;264,90;"FILTRO;AG;FLEETGUARD/WF2126;DO"
28/02/2026;RTG Material Maitenance;728;45,64;"FILTRO;DO OLEO HID;P556005"
28/02/2026;RTG Material Maitenance;728;91,79;"FILTRO;SEPAR;CUMMINS/FS19763"
28/02/2026;RTG Material Maitenance;728;248,57;"FILTRO;F/R:FLEETGUARD/LF9070"
28/02/2026;RTG Material Maitenance;728;25,88;"GRAXA;NAUTICA;LIT;INGRAX/UNILI"
28/02/2026;RTG Material Maitenance;728;2.675,89;"MOTOR PARTID;7,5KW;24VCC;DELCO"
28/02/2026;RTG Material Maitenance;728;32,72;TERMINAL PINO FEMEA USO GERAL
28/02/2026;RTG Material Maitenance;728;54,94;"CONECTOR;FEMEA;3 PINOS;"
28/02/2026;RTG Material Maitenance;728;17,70;"TRAVA;EXTERNA;FEMEA;3 PINOS;"
28/02/2026;RTG Material Maitenance;728;213,99;"PARAFUSO;SEXTAVADO;M20X90MM;PA"
28/02/2026;RTG Material Maitenance;728;183,57;"FILTRO;SEPAR;CUMMINS/FS19763"
28/02/2026;RTG Material Maitenance;729;16,82;"CADEADO;LAT MACIC;25MM;S/INVOL"
28/02/2026;RTG Material Maitenance;729;90,99;"GRAMPO P/CAB AC;5/8POL;SAE 102"
28/02/2026;RTG Material Maitenance;730;-41,61;"BUZINA;ELET 24VCC;S/CORNETA;BO"
28/02/2026;RTG Material Maitenance;730;2.641,03;"RETIFICADOR;F/R:KALMAR/J015089"
28/02/2026;RTG Material Maitenance;730;91,79;"FILTRO;SEPAR;CUMMINS/FS19763"
28/02/2026;RTG Material Maitenance;730;7.209,72;"CABO ACO PREFORM;IPH/26MM 8X31"
28/02/2026;RTG Material Maitenance;730;152,63;"OLEO LUBRIF;MOTOR 15W40"
28/02/2026;RTG Material Maitenance;731;-915,25;"ROLAMENTO;85X180X41MM;APLICACAO;GERADOR;RTG;ZPMC;F"
28/02/2026;RTG Material Maitenance;731;915,25;"ROLAMENTO;85X180X41MM;APLICACAO;GERADOR;RTG;ZPMC;F"
28/02/2026;RTG Material Maitenance;731;61,17;"FRASCO;PLAS;INCOL;CIL;250ML;C/"
28/02/2026;RTG Material Maitenance;731;1.755,30;"OLEO LUBRIF;MOTOR 15W40"
28/02/2026;RTG Material Maitenance;731;672,23;"FILTRO;OLEO MOTOR LF14000NN"
28/02/2026;RTG Material Maitenance;731;61,17;"FRASCO;PLAS;INCOL;CIL;250ML;C/"
28/02/2026;RTG Material Maitenance;731;48,82;"FILTRO;AG;ROSC;FLEETGUARD/WF21"
28/02/2026;RTG Material Maitenance;731;977,04;"ELEMENTO;FILTRANTE;FS53015"
28/02/2026;RTG Material Maitenance;731;57,45;"FILTRO;ENC;PARKER/2020PMOR30M"
28/02/2026;RTG Material Maitenance;731;1.595,68;"FILTRO;COMBUSTIVEL;FF5782NN"
28/02/2026;RTG Material Maitenance;731;533,06;"BOTOEIRA MONT;1 BOT;SIEMENS/3S"
28/02/2026;RTG Material Maitenance;731;51,77;"GRAXA;NAUTICA;LIT;INGRAX/UNILI"
28/02/2026;RTG Material Maitenance;731;748,08;"DESENGRAXANTE;50L;HEPTA CLEAN"
28/02/2026;RTG Material Maitenance;732;-41,61;"BUZINA;ELET 24VCC;S/CORNETA;BO"
28/02/2026;RTG Material Maitenance;732;-41,61;"BUZINA;ELET 24VCC;S/CORNETA;BO"
28/02/2026;RTG Material Maitenance;732;977,04;"ELEMENTO;FILTRANTE;FS53015"
28/02/2026;RTG Material Maitenance;732;90,97;"GRAXA;F/R WURTH 0893106"
28/02/2026;RTG Material Maitenance;732;1.079,92;"DESENGRAXANTE;20L;CERTIFIED/DA"
28/02/2026;RTG Material Maitenance;732;1.331,13;"DESENGRAXANTE;DIELETRICO;WURTH"
28/02/2026;RTG Material Maitenance;732;181,94;"GRAXA;F/R WURTH 0893106"
28/02/2026;RTG Material Maitenance;732;25,88;"GRAXA;NAUTICA;LIT;INGRAX/UNILI"
28/02/2026;RTG Material Maitenance;732;1.755,30;"OLEO LUBRIF;MOTOR 15W40"
28/02/2026;RTG Material Maitenance;732;1.045,22;"ADITIVO;P/ RADIADOR;COR:AZUL"
28/02/2026;RTG Material Maitenance;732;672,23;"FILTRO;OLEO MOTOR LF14000NN"
28/02/2026;RTG Material Maitenance;732;61,17;"FRASCO;PLAS;INCOL;CIL;250ML;C/"
28/02/2026;RTG Material Maitenance;732;48,82;"FILTRO;AG;ROSC;FLEETGUARD/WF21"
28/02/2026;RTG Material Maitenance;732;977,04;"ELEMENTO;FILTRANTE;FS53015"
28/02/2026;RTG Material Maitenance;732;2.613,61;"KIT;ELEMENTOS;FLEETGUARD AA296"
28/02/2026;RTG Material Maitenance;732;57,45;"FILTRO;ENC;PARKER/2020PMOR30M"
28/02/2026;RTG Material Maitenance;732;1.595,68;"FILTRO;COMBUSTIVEL;FF5782NN"
28/02/2026;RTG Material Maitenance;732;26,89;"TERMINAL P/BATERIA; APERTO; PO"
28/02/2026;RTG Material Maitenance;732;305,27;"OLEO LUBRIF;MOTOR 15W40"
28/02/2026;RTG Material Maitenance;733;-41,61;"BUZINA;ELET 24VCC;S/CORNETA;BO"
28/02/2026;RTG Material Maitenance;733;1.755,30;"OLEO LUBRIF;MOTOR 15W40"
28/02/2026;RTG Material Maitenance;733;1.045,22;"ADITIVO;P/ RADIADOR;COR:AZUL"
28/02/2026;RTG Material Maitenance;733;61,17;"FRASCO;PLAS;INCOL;CIL;250ML;C/"
28/02/2026;RTG Material Maitenance;733;672,23;"FILTRO;OLEO MOTOR LF14000NN"
28/02/2026;RTG Material Maitenance;733;48,82;"FILTRO;AG;ROSC;FLEETGUARD/WF21"
28/02/2026;RTG Material Maitenance;733;977,04;"ELEMENTO;FILTRANTE;FS53015"
28/02/2026;RTG Material Maitenance;733;2.613,61;"KIT;ELEMENTOS;FLEETGUARD AA296"
28/02/2026;RTG Material Maitenance;733;57,45;"FILTRO;ENC;PARKER/2020PMOR30M"
28/02/2026;RTG Material Maitenance;733;1.595,68;"FILTRO;COMBUSTIVEL;FF5782NN"
28/02/2026;RTG Material Maitenance;733;937,42;"VALVULA;DRENAGEM;RACOR/RK30488"
28/02/2026;RTG Material Maitenance;733;131,74;"ANEL O;573X9,80MM;BORR NT;80 S"
28/02/2026;RTG Material Maitenance;734;1.881,18;"BATERIA AUTO;SELAD;12V;180A"
28/02/2026;RTG Material Maitenance;734;27,89;"TERMINAL P/BAT;APERT;NEG;LAT;C"
28/02/2026;RTG Material Maitenance;734;26,89;"TERMINAL P/BATERIA; APERTO; PO"
28/02/2026;RTG Material Maitenance;735;74,74;"VASELINA;SOLID;LAT 1KG"
28/02/2026;RTG Material Maitenance;735;1.755,30;"OLEO LUBRIF;MOTOR 15W40"
28/02/2026;RTG Material Maitenance;735;61,17;"FRASCO;PLAS;INCOL;CIL;250ML;C/"
28/02/2026;RTG Material Maitenance;735;672,23;"FILTRO;OLEO MOTOR LF14000NN"
28/02/2026;RTG Material Maitenance;735;48,82;"FILTRO;AG;ROSC;FLEETGUARD/WF21"
28/02/2026;RTG Material Maitenance;735;977,04;"ELEMENTO;FILTRANTE;FS53015"
28/02/2026;RTG Material Maitenance;735;57,45;"FILTRO;ENC;PARKER/2020PMOR30M"
28/02/2026;RTG Material Maitenance;735;1.595,68;"FILTRO;COMBUSTIVEL;FF5782NN"
28/02/2026;RTG Material Maitenance;735;32,50;"QUEROSENE;FR 1L"
28/02/2026;RTG Material Maitenance;735;167,89;"TOALHA IND;BR;KIMBERLY CLARK/W"
28/02/2026;RTG Material Maitenance;735;10,55;"OLEO DESENGRIP;AEROSSOL 300ML;"
28/02/2026;RTG Material Maitenance;735;13,48;"FLUIDO LIMP CONT;WURTH/3895653"
28/02/2026;RTG Material Maitenance;735;937,42;"VALVULA;DRENAGEM;RACOR/RK30488"
28/02/2026;RTG Material Maitenance;735;1.983,27;"GRAXA;OLEO MINER;ROCOL/RDOFFSH"
28/02/2026;RTG Material Maitenance;735;37,37;"VASELINA;SOLID;LAT 1KG"
28/02/2026;RTG Material Maitenance;736;777,66;"SENSOR; F/R:IFM/IIT212"
28/02/2026;RTG Material Maitenance;736;977,04;"ELEMENTO;FILTRANTE;FS53015"
28/02/2026;RTG Material Maitenance;736;1.755,30;"OLEO LUBRIF;MOTOR 15W40"
28/02/2026;RTG Material Maitenance;736;672,23;"FILTRO;OLEO MOTOR LF14000NN"
28/02/2026;RTG Material Maitenance;736;61,17;"FRASCO;PLAS;INCOL;CIL;250ML;C/"
28/02/2026;RTG Material Maitenance;736;48,82;"FILTRO;AG;ROSC;FLEETGUARD/WF21"
28/02/2026;RTG Material Maitenance;736;977,04;"ELEMENTO;FILTRANTE;FS53015"
28/02/2026;RTG Material Maitenance;736;57,45;"FILTRO;ENC;PARKER/2020PMOR30M"
28/02/2026;RTG Material Maitenance;736;1.595,68;"FILTRO;COMBUSTIVEL;FF5782NN"
28/02/2026;RTG Material Maitenance;736;37,37;"VASELINA;SOLID;LAT 1KG"
28/02/2026;RTG Material Maitenance;736;186,45;"LUBRIFICANTE;MOLYGRAFIT/ACAERO"
28/02/2026;RTG Material Maitenance;736;64,14;"LIMPADOR SUPERF;VIDR;LIQ;FR 50"
28/02/2026;RTG Material Maitenance;736;67,41;"LIMPADOR SUPERF;MULTI-USO;AZULIM;500ML"
28/02/2026;RTG Material Maitenance;736;23,51;"ESPATULA;LISA;METAL;VONDER"
28/02/2026;RTG Material Maitenance;737;-17,15;"ADESIVO SIL ACETICO;BRANCO"
28/02/2026;RTG Material Maitenance;737;1.755,30;"OLEO LUBRIF;MOTOR 15W40"
28/02/2026;RTG Material Maitenance;737;672,23;"FILTRO;OLEO MOTOR LF14000NN"
28/02/2026;RTG Material Maitenance;737;61,17;"FRASCO;PLAS;INCOL;CIL;250ML;C/"
28/02/2026;RTG Material Maitenance;737;48,82;"FILTRO;AG;ROSC;FLEETGUARD/WF21"
28/02/2026;RTG Material Maitenance;737;977,04;"ELEMENTO;FILTRANTE;FS53015"
28/02/2026;RTG Material Maitenance;737;57,45;"FILTRO;ENC;PARKER/2020PMOR30M"
28/02/2026;RTG Material Maitenance;737;1.595,68;"FILTRO;COMBUSTIVEL;FF5782NN"
28/02/2026;RTG Material Maitenance;737;309,51;"HASTE;VARETA;ACO;INOX;3.0MM;TA"
28/02/2026;RTG Material Maitenance;737;24,95;"FITA ISOL ELETR;750V;ADES;PVC;"
28/02/2026;RTG Material Maitenance;737;152,63;"OLEO LUBRIF;MOTOR 15W40"
28/02/2026;RTG Material Maitenance;738;1.457,82;"OLEO LUBRIFICANTE;P/ ENGRENAGE"
28/02/2026;RTG Material Maitenance;739;41,61;"BUZINA;ELET 24VCC;S/CORNETA;BO"
28/02/2026;RTG Material Maitenance;739;90,97;"GRAXA;F/R WURTH 0893106"
28/02/2026;RTG Material Maitenance;739;25,88;"GRAXA;NAUTICA;LIT;INGRAX/UNILI"
28/02/2026;RTG Material Maitenance;739;167,89;"TOALHA IND;BR;KIMBERLY CLARK/W"
28/02/2026;RTG Material Maitenance;739;1.755,30;"OLEO LUBRIF;MOTOR 15W40"
28/02/2026;RTG Material Maitenance;739;61,17;"FRASCO;PLAS;INCOL;CIL;250ML;C/"
28/02/2026;RTG Material Maitenance;739;672,23;"FILTRO;OLEO MOTOR LF14000NN"
28/02/2026;RTG Material Maitenance;739;48,82;"FILTRO;AG;ROSC;FLEETGUARD/WF21"
28/02/2026;RTG Material Maitenance;739;977,04;"ELEMENTO;FILTRANTE;FS53015"
28/02/2026;RTG Material Maitenance;739;57,45;"FILTRO;ENC;PARKER/2020PMOR30M"
28/02/2026;RTG Material Maitenance;739;1.595,68;"FILTRO;COMBUSTIVEL;FF5782NN"
28/02/2026;RTG Material Maitenance;740;33,58;"ESPELHO;UNIVERSAL;LD/LE;LS316"
28/02/2026;RTG Material Maitenance;741;37,37;"VASELINA;SOLID;LAT 1KG"
28/02/2026;RTG Material Maitenance;741;26,95;"FLUIDO LIMP CONT;WURTH/3895653"
28/02/2026;RTG Material Maitenance;741;1.983,27;"GRAXA;OLEO MINER;ROCOL/RDOFFSH"
28/02/2026;RTG Material Maitenance;741;449,21;"BLOCO;CONTATO;HEAD;SCHNEIDER/X"
28/02/2026;RTG Material Maitenance;741;1.496,17;"DESENGRAXANTE;50L;HEPTA CLEAN"
28/02/2026;RTG Material Maitenance;741;46,43;"FITA;ISOLANTE;TECIDO;DNI/DNI50"
28/02/2026;RTG Material Maitenance;741;99,80;"FITA ISOL ELETR;750V;ADES;PVC;"
28/02/2026;RTG Material Maitenance;741;16,76;"ADESIVO VED;BRASCOLA/BRASCOVED"
28/02/2026;RTG Material Maitenance;741;34,13;"ESTILETE;RETRAT;LARG;AZ/AM;ABS"
28/02/2026;RTG Material Maitenance;741;8,12;"LAMINA P/ESTIL;LARG;100X18X0,5;18MM"
28/02/2026;RTG Material Maitenance;741;1.755,30;"OLEO LUBRIF;MOTOR 15W40"
28/02/2026;RTG Material Maitenance;741;672,23;"FILTRO;OLEO MOTOR LF14000NN"
28/02/2026;RTG Material Maitenance;741;48,82;"FILTRO;AG;ROSC;FLEETGUARD/WF21"
28/02/2026;RTG Material Maitenance;741;977,04;"ELEMENTO;FILTRANTE;FS53015"
28/02/2026;RTG Material Maitenance;741;57,45;"FILTRO;ENC;PARKER/2020PMOR30M"
28/02/2026;RTG Material Maitenance;741;1.595,68;"FILTRO;COMBUSTIVEL;FF5782NN"
28/02/2026;RTG Material Maitenance;741;23,51;"ESPATULA;LISA;METAL;VONDER"
28/02/2026;RTG Material Maitenance;741;8,38;"ADESIVO VED;BRASCOLA/BRASCOVED"
28/02/2026;RTG Material Maitenance;741;90,97;"GRAXA;F/R WURTH 0893106"
28/02/2026;RTG Material Maitenance;741;25,88;"GRAXA;NAUTICA;LIT;INGRAX/UNILI"
28/02/2026;RTG Material Maitenance;741;8,12;"LAMINA P/ESTIL;LARG;100X18X0,5;18MM"
28/02/2026;RTG Material Maitenance;741;17,07;"ESTILETE;RETRAT;LARG;AZ/AM;ABS"
28/02/2026;RTG Material Maitenance;741;977,04;"ELEMENTO;FILTRANTE;FS53015"
28/02/2026;RTG Material Maitenance;741;940,59;"BATERIA AUTO;SELAD;12V;180A"
01/03/2026;RTG Maintenance Services;;-26.218,00;
05/03/2026;RTG Material Maitenance;712;1.413,08;
05/03/2026;RTG Material Maitenance;714;391,84;
05/03/2026;RTG Material Maitenance;727;649,20;
05/03/2026;RTG Material Maitenance;727;894,61;
05/03/2026;RTG Material Maitenance;738;596,22;
06/03/2026;RTG Maintenance Services;;4.500,00;
09/03/2026;RTG Material Maitenance;;26.218,00;
09/03/2026;RTG Material Maitenance;;13.423,00;
13/03/2026;RTG Material Maitenance;;1.905,00;
13/03/2026;RTG Material Maitenance;;1.655,00;
17/03/2026;RTG Material Maitenance;;4.000,00;
17/03/2026;RTG Material Maitenance;706;632,75;
17/03/2026;RTG Material Maitenance;718;825,48;
19/03/2026;RTG Maintenance Services;;435,00;
19/03/2026;RTG Maintenance Services;;540,00;
23/03/2026;RTG Material Maitenance;737;1.174,39;
23/03/2026;RTG Material Maitenance;740;1.500,00;
24/03/2026;RTG Maintenance Services;;9.000,00;
24/03/2026;RTG Material Maitenance;711;121,60;
24/03/2026;RTG Material Maitenance;733;99,16;
24/03/2026;RTG Material Maitenance;738;2.770,90;
26/03/2026;RTG Material Maitenance;708;131,50;
26/03/2026;RTG Material Maitenance;719;351,83;
26/03/2026;RTG Material Maitenance;725;288,85;
26/03/2026;RTG Material Maitenance;727;2.631,78;
26/03/2026;RTG Material Maitenance;728;404,75;
30/03/2026;RTG Maintenance Services;;2.400,00;
31/03/2026;RTG Maintenance Services;;9.600,00;
31/03/2026;RTG Maintenance Services;;1.559,00;
31/03/2026;RTG Maintenance Services;;1.661,46;
31/03/2026;RTG Maintenance Services;;24.875,92;
31/03/2026;RTG Maintenance Services;;34.162,64;
31/03/2026;RTG Material Maitenance;701;3,58;"DISCO CORTE;WURTH/0664115232"
31/03/2026;RTG Material Maitenance;701;449,14;"PRENSA CABO;PHOENIX/1415127"
31/03/2026;RTG Material Maitenance;701;7,17;"DISCO CORTE;WURTH/0664115232"
31/03/2026;RTG Material Maitenance;701;3.782,37;"CODIFICADOR;INCR;BID;LEINE E L"
31/03/2026;RTG Material Maitenance;701;3.829,20;"CABO;COBRE;1X185MM2;TEMPERA;FL"
31/03/2026;RTG Material Maitenance;701;172,43;"TERMINAL;COMPRESSAO;240MM;FURO"
31/03/2026;RTG Material Maitenance;701;3,58;"DISCO CORTE;WURTH/0664115232"
31/03/2026;RTG Material Maitenance;701;470,30;"PRENSA CABO;PHOENIX/1415129"
31/03/2026;RTG Material Maitenance;701;470,30;"PRENSA CABO;PHOENIX/1415129"
31/03/2026;RTG Material Maitenance;701;2.340,74;"VALVULA;VICKERS/DG4V-5-2C-M-U-"
31/03/2026;RTG Material Maitenance;701;15,68;"BLOCO;CONT;1NA;STECK/SLPL42"
31/03/2026;RTG Material Maitenance;701;791,76;"SENSOR PROX INDUT;20MM;RET;SEN"
31/03/2026;RTG Material Maitenance;701;791,76;"SENSOR PROX INDUT;20MM;RET;SEN"
31/03/2026;RTG Material Maitenance;701;622,54;"PARAFUSO CAB QUADRADA;10.9;ANSI/ASME B18 2 1;UNC3/"
31/03/2026;RTG Material Maitenance;701;4,08;PORCA SEXT INOX 3/4''
31/03/2026;RTG Material Maitenance;702;30.055,08;"DISCO;HOIST;FREIO;2100NM"
31/03/2026;RTG Material Maitenance;702;4.233,94;"BOBINA;KONECRANES/52301642"
31/03/2026;RTG Material Maitenance;702;1.860,80;"CABO ACO PREFORM;IPH/16MM6X41W"
31/03/2026;RTG Material Maitenance;702;748,08;"DESENGRAXANTE;50L;HEPTA CLEAN"
31/03/2026;RTG Material Maitenance;702;32,67;PORCA SEXT INOX 3/4''
31/03/2026;RTG Material Maitenance;702;1.245,09;"PARAFUSO CAB QUADRADA;10.9;ANSI/ASME B18 2 1;UNC3/"
31/03/2026;RTG Material Maitenance;702;49,90;"FITA ISOL ELETR;750V;ADES;PVC;"
31/03/2026;RTG Material Maitenance;703;1.931,04;"CILINDRO;BROMMA/BR1001131"
31/03/2026;RTG Material Maitenance;703;25,94;"CHAVE;SELETORA;SCHNEIDER/XA2ED"
31/03/2026;RTG Material Maitenance;703;25,94;"CHAVE;SELETORA;SCHNEIDER/XA2ED"
31/03/2026;RTG Material Maitenance;703;2.602,60;"MOTOR;ARRANQUE;TENSAO;24V;MODE"
31/03/2026;RTG Material Maitenance;703;1.881,18;"BATERIA AUTO;SELAD;12V;180A"
31/03/2026;RTG Material Maitenance;703;7.653,73;"MODULO ELET;INV;SIEMENS/6SL312"
31/03/2026;RTG Material Maitenance;703;309,51;"HASTE;VARETA;ACO;INOX;3.0MM;TA"
31/03/2026;RTG Material Maitenance;704;91,55;"FILTRO;SEPAR;CUMMINS/FS19763"
31/03/2026;RTG Material Maitenance;704;274,68;"CAMARA AR;14,00;ARO 24;RS"
31/03/2026;RTG Material Maitenance;704;91,55;"FILTRO;SEPAR;CUMMINS/FS19763"
31/03/2026;RTG Material Maitenance;704;90,51;"PROTETOR;CAMARA DE AR;ARO 24 P"
31/03/2026;RTG Material Maitenance;704;274,68;"CAMARA AR;14,00;ARO 24;RS"
31/03/2026;RTG Material Maitenance;704;87,28;"RELE MOD INTRF;2 REV;10A FINDE"
31/03/2026;RTG Material Maitenance;704;41,61;"BUZINA;ELET 24VCC;S/CORNETA;BO"
31/03/2026;RTG Material Maitenance;704;1.742,27;"ACOPLAMENTO;MOTOR TRANSLACAO"
31/03/2026;RTG Material Maitenance;704;610,54;"OLEO LUBRIF;MOTOR 15W40"
31/03/2026;RTG Material Maitenance;704;91,55;"FILTRO;SEPAR;CUMMINS/FS19763"
31/03/2026;RTG Material Maitenance;704;59,54;"FRASCO;PLAS;INCOL;CIL;250ML;C/"
31/03/2026;RTG Material Maitenance;704;109,38;"FILTRO;CART;AG;11/16-16UN;BALD"
31/03/2026;RTG Material Maitenance;704;238,07;"FILTRO;P/ OLEO LUBRIFICANTE;FI"
31/03/2026;RTG Material Maitenance;704;59,54;"FRASCO;PLAS;INCOL;CIL;250ML;C/"
31/03/2026;RTG Material Maitenance;704;91,55;"FILTRO;SEPAR;CUMMINS/FS19763"
31/03/2026;RTG Material Maitenance;704;91,55;"FILTRO;SEPAR;CUMMINS/FS19763"
31/03/2026;RTG Material Maitenance;704;90,51;"PROTETOR;CAMARA DE AR;ARO 24 P"
31/03/2026;RTG Material Maitenance;704;91,55;"FILTRO;SEPAR;CUMMINS/FS19763"
31/03/2026;RTG Material Maitenance;705;2.045,96;"BOMBA;DAGUA;REPARADA;MOTOR;CUM"
31/03/2026;RTG Material Maitenance;705;91,55;"FILTRO;SEPAR;CUMMINS/FS19763"
31/03/2026;RTG Material Maitenance;705;399,34;"SENSOR;TURCK/BI4U-M12-AP6X;KON"
31/03/2026;RTG Material Maitenance;705;91,55;"FILTRO;SEPAR;CUMMINS/FS19763"
31/03/2026;RTG Material Maitenance;705;181,02;"PROTETOR;CAMARA DE AR;ARO 24 P"
31/03/2026;RTG Material Maitenance;705;1.149,01;"SACO;AR;PNEU;12.00X24;EV;KONEC"
31/03/2026;RTG Material Maitenance;705;2.602,60;"MOTOR;ARRANQUE;TENSAO;24V;MODE"
31/03/2026;RTG Material Maitenance;705;1.881,18;"BATERIA AUTO;SELAD;12V;180A"
31/03/2026;RTG Material Maitenance;705;1.962,75;ALTERNADOR 24V TRs 01 A 07 (Re
31/03/2026;RTG Material Maitenance;706;183,10;"FILTRO;SEPAR;CUMMINS/FS19763"
31/03/2026;RTG Material Maitenance;706;376,90;"ELEMENTO FILTR;AR;FLEETGUARD/A"
31/03/2026;RTG Material Maitenance;706;21,10;"OLEO DESENGRIP;AEROSSOL 300ML;"
31/03/2026;RTG Material Maitenance;706;1.945,64;"CABO ACO PREFORM;IPH/16MM6X41W"
31/03/2026;RTG Material Maitenance;706;1.742,27;"ACOPLAMENTO;MOTOR TRANSLACAO"
31/03/2026;RTG Material Maitenance;706;4.800,80;"BOBINA;COMPLETA;P/FREIO;GANTRY"
31/03/2026;RTG Material Maitenance;706;610,54;"OLEO LUBRIF;MOTOR 15W40"
31/03/2026;RTG Material Maitenance;706;59,54;"FRASCO;PLAS;INCOL;CIL;250ML;C/"
31/03/2026;RTG Material Maitenance;706;109,38;"FILTRO;CART;AG;11/16-16UN;BALD"
31/03/2026;RTG Material Maitenance;706;238,07;"FILTRO;P/ OLEO LUBRIFICANTE;FI"
31/03/2026;RTG Material Maitenance;706;91,55;"FILTRO;SEPAR;CUMMINS/FS19763"
31/03/2026;RTG Material Maitenance;706;167,89;"TOALHA IND;BR;KIMBERLY CLARK/W"
31/03/2026;RTG Material Maitenance;706;531,44;"ESCADA;AL;13 DEGR;4M;LARG;46CM"
31/03/2026;RTG Material Maitenance;706;167,89;"TOALHA IND;BR;KIMBERLY CLARK/W"
31/03/2026;RTG Material Maitenance;706;622,54;"PARAFUSO CAB QUADRADA;10.9;ANSI/ASME B18 2 1;UNC3/"
31/03/2026;RTG Material Maitenance;706;119,52;"PORCA P/ROLAM;ROSC DIR;M90X2;B"
31/03/2026;RTG Material Maitenance;706;208,73;"CONTADOR;ELETROMECANICO;24V"
31/03/2026;RTG Material Maitenance;706;16,65;"ESTILETE;RETRAT;LARG;AZ/AM;ABS"
31/03/2026;RTG Material Maitenance;706;784,15;"INDICADOR;NIVEL;DIESEL;CUMMINS"
31/03/2026;RTG Material Maitenance;706;109,02;"CORREIA;KONECRANES/200549"
31/03/2026;RTG Material Maitenance;706;3.782,37;"CODIFICADOR;INCR;BID;LEINE E L"
31/03/2026;RTG Material Maitenance;706;91,55;"FILTRO;SEPAR;CUMMINS/FS19763"
31/03/2026;RTG Material Maitenance;706;376,90;"ELEMENTO FILTR;AR;FLEETGUARD/A"
31/03/2026;RTG Material Maitenance;706;3.782,37;"CODIFICADOR;INCR;BID;LEINE E L"
31/03/2026;RTG Material Maitenance;708;141,57;"COXIM;SCANIA/390359"
31/03/2026;RTG Material Maitenance;708;54,65;"COXIM;CESTO;SCANIA/R074"
31/03/2026;RTG Material Maitenance;708;1.132,56;"CILINDRO;TRAVAMENTO PINO LOCK"
31/03/2026;RTG Material Maitenance;708;210,48;"OLEO;HIDIDRAULICO;HVLP 68"
31/03/2026;RTG Material Maitenance;708;332,14;"LONA PLAST PROT;PT;PVC;8X100M;"
31/03/2026;RTG Material Maitenance;708;16,65;"ESTILETE;RETRAT;LARG;AZ/AM;ABS"
31/03/2026;RTG Material Maitenance;709;155,64;"PARAFUSO CAB QUADRADA;10.9;ANSI/ASME B18 2 1;UNC3/"
31/03/2026;RTG Material Maitenance;709;40,48;PARAF SEXT 3/8X1.1/2POL (ARR L
31/03/2026;RTG Material Maitenance;709;91,55;"FILTRO;SEPAR;CUMMINS/FS19763"
31/03/2026;RTG Material Maitenance;709;91,55;"FILTRO;SEPAR;CUMMINS/FS19763"
31/03/2026;RTG Material Maitenance;709;167,89;"TOALHA IND;BR;KIMBERLY CLARK/W"
31/03/2026;RTG Material Maitenance;709;1.079,92;"DESENGRAXANTE;20L;CERTIFIED/DA"
31/03/2026;RTG Material Maitenance;709;93,23;"LUBRIFICANTE;MOLYGRAFIT/ACAERO"
31/03/2026;RTG Material Maitenance;709;1.526,35;"OLEO LUBRIF;MOTOR 15W40"
31/03/2026;RTG Material Maitenance;709;1.046,00;"ADITIVO;P/ RADIADOR;COR:AZUL"
31/03/2026;RTG Material Maitenance;709;2.231,42;"TENSIONADOR;CUMMINS/3691282"
31/03/2026;RTG Material Maitenance;709;91,55;"FILTRO;SEPAR;CUMMINS/FS19763"
31/03/2026;RTG Material Maitenance;709;59,54;"FRASCO;PLAS;INCOL;CIL;250ML;C/"
31/03/2026;RTG Material Maitenance;709;264,90;"FILTRO;AG;FLEETGUARD/WF2126;DO"
31/03/2026;RTG Material Maitenance;709;232,35;"ELEMENTO;FILTRO;RESPIRO;TANQUE"
31/03/2026;RTG Material Maitenance;709;1.022,87;"FILTRO;DIESEL;CUMMINS/FF63010"
31/03/2026;RTG Material Maitenance;709;248,57;"FILTRO;F/R:FLEETGUARD/LF9070"
31/03/2026;RTG Material Maitenance;709;517,36;"FILTRO;AR;CUMMINS/AF25708M"
31/03/2026;RTG Material Maitenance;709;50,51;"FLUIDO LIMP CONT;WURTH/3895653"
31/03/2026;RTG Material Maitenance;709;16,65;"ESTILETE;RETRAT;LARG;AZ/AM;ABS"
31/03/2026;RTG Material Maitenance;709;8,12;"LAMINA P/ESTIL;LARG;100X18X0,5;18MM"
31/03/2026;RTG Material Maitenance;709;31,65;"OLEO DESENGRIP;AEROSSOL 300ML;"
31/03/2026;RTG Material Maitenance;709;2.146,49;"TENSIONADOR;CUMMINS/3104027"
31/03/2026;RTG Material Maitenance;709;748,08;"DESENGRAXANTE;50L;HEPTA CLEAN"
31/03/2026;RTG Material Maitenance;709;647,44;"KIT SOLDA;A FRIO;PLASTEEL"
31/03/2026;RTG Material Maitenance;709;2.868,34;"SAPATA;FREIO;UNITARIO; ESPESSU"
31/03/2026;RTG Material Maitenance;709;180,77;"PARAFUSO;SEXTAVADO;M24X130MM;R"
31/03/2026;RTG Material Maitenance;709;18,15;"PORCA;SEXT;M24X3;19MM;AISI 304"
31/03/2026;RTG Material Maitenance;709;18,15;"PORCA;SEXT;M24X3;19MM;AISI 304"
31/03/2026;RTG Material Maitenance;709;33,08;"PORCA;AUTOT SEXT ALTA;M24X3;28"
31/03/2026;RTG Material Maitenance;709;544,09;"PORCA;AUTOT SEXT ALTA;M24X3;28"
31/03/2026;RTG Material Maitenance;709;107,54;"DISCO CORTE;WURTH/0664115232"
31/03/2026;RTG Material Maitenance;709;625,89;"CORREIA;V;ESTRIADA;ALTERNADOR;APLICACAO;MOTOR;DIES"
31/03/2026;RTG Material Maitenance;710;-2.434,82;"CPU;SIMATIC;S7-300;315-2DP;24V"
31/03/2026;RTG Material Maitenance;710;91,55;"FILTRO;SEPAR;CUMMINS/FS19763"
31/03/2026;RTG Material Maitenance;710;16,65;"ESTILETE;RETRAT;LARG;AZ/AM;ABS"
31/03/2026;RTG Material Maitenance;710;2.434,82;"CPU;SIMATIC;S7-300;315-2DP;24V"
31/03/2026;RTG Material Maitenance;710;517,36;"FILTRO;AR;CUMMINS/AF25708M"
31/03/2026;RTG Material Maitenance;710;2.831,40;"PINO;SKEW;TR;KALMAR;DIREITO"
31/03/2026;RTG Material Maitenance;710;93,23;"LUBRIFICANTE;MOLYGRAFIT/ACAERO"
31/03/2026;RTG Material Maitenance;710;1.526,35;"OLEO LUBRIF;MOTOR 15W40"
31/03/2026;RTG Material Maitenance;710;59,54;"FRASCO;PLAS;INCOL;CIL;250ML;C/"
31/03/2026;RTG Material Maitenance;710;1.022,87;"FILTRO;DIESEL;CUMMINS/FF63010"
31/03/2026;RTG Material Maitenance;710;264,90;"FILTRO;AG;FLEETGUARD/WF2126;DO"
31/03/2026;RTG Material Maitenance;710;91,55;"FILTRO;SEPAR;CUMMINS/FS19763"
31/03/2026;RTG Material Maitenance;710;248,57;"FILTRO;F/R:FLEETGUARD/LF9070"
31/03/2026;RTG Material Maitenance;710;1.079,92;"DESENGRAXANTE;20L;CERTIFIED/DA"
31/03/2026;RTG Material Maitenance;710;1.331,13;"DESENGRAXANTE;DIELETRICO;WURTH"
31/03/2026;RTG Material Maitenance;710;461,43;"MICRO FEEDBACK;SIEMENS/3SE5122"
31/03/2026;RTG Material Maitenance;710;34,50;"PARA-BARRO;RANDON/208006606"
31/03/2026;RTG Material Maitenance;710;51,77;"GRAXA;NAUTICA;LIT;INGRAX/UNILI"
31/03/2026;RTG Material Maitenance;710;41,46;"CONECTOR;MACHO 2 PINOS;"
31/03/2026;RTG Material Maitenance;710;47,97;"CONECTOR;FEMEA;2 PINOS;"
31/03/2026;RTG Material Maitenance;710;37,21;"TERMINAL;PINO;MACHO;USO GERAL"
31/03/2026;RTG Material Maitenance;710;12,70;"TRAVA;INTERNA;MACHO;2 PINOS;"
31/03/2026;RTG Material Maitenance;710;69,01;"PARA-BARRO;RANDON/208006606"
31/03/2026;RTG Material Maitenance;710;218,53;"COMUTADOR COM;3 POS 45GR;SCHNE"
31/03/2026;RTG Material Maitenance;710;625,27;"DESLIZANTE;CORRENTE;CARRO"
31/03/2026;RTG Material Maitenance;710;17,15;"ADESIVO SIL ACETICO;BRANCO"
31/03/2026;RTG Material Maitenance;711;-3.866,73;"VENTILADOR;9PAS.;MOTOR;DIESEL;"
31/03/2026;RTG Material Maitenance;711;1.860,80;"CABO ACO PREFORM;IPH/16MM6X41W"
31/03/2026;RTG Material Maitenance;711;567,58;PINO POLIA AUXILIAR WINCH
31/03/2026;RTG Material Maitenance;711;4.021,36;POLIA AUXILIAR WINCH KP34-001
31/03/2026;RTG Material Maitenance;711;3.009,13;"BOBINA;KONECRANES/60/891.080.1"
31/03/2026;RTG Material Maitenance;711;0,91;"FUSIVEL;VIDRO;GRANDE;2A"
31/03/2026;RTG Material Maitenance;711;1.447,67;"MODULO;RETIFICADOR;RGM100"
31/03/2026;RTG Material Maitenance;711;31,12;"GRAMPO P/CAB AC;5/8POL;SAE 102"
31/03/2026;RTG Material Maitenance;711;31,12;"GRAMPO P/CAB AC;5/8POL;SAE 102"
31/03/2026;RTG Material Maitenance;711;1.526,35;"OLEO LUBRIF;MOTOR 15W40"
31/03/2026;RTG Material Maitenance;711;59,54;"FRASCO;PLAS;INCOL;CIL;250ML;C/"
31/03/2026;RTG Material Maitenance;711;228,30;"ELEMENTO FILTR;OLEO DIESEL;FLE"
31/03/2026;RTG Material Maitenance;711;264,90;"FILTRO;AG;FLEETGUARD/WF2126;DO"
31/03/2026;RTG Material Maitenance;711;91,55;"FILTRO;SEPAR;CUMMINS/FS19763"
31/03/2026;RTG Material Maitenance;711;248,57;"FILTRO;F/R:FLEETGUARD/LF9070"
31/03/2026;RTG Material Maitenance;711;4.331,19;"ACOPLAMENTO;KONECRANES/5G4408"
31/03/2026;RTG Material Maitenance;711;3.009,13;"BOBINA;KONECRANES/60/891.080.1"
31/03/2026;RTG Material Maitenance;711;548,21;"COXIM;SUPORTE;RTG;11 A 14;KONECRANES;MOTOR;DIESEL;"
31/03/2026;RTG Material Maitenance;711;91,55;"FILTRO;SEPAR;CUMMINS/FS19763"
31/03/2026;RTG Material Maitenance;711;91,55;"FILTRO;SEPAR;CUMMINS/FS19763"
31/03/2026;RTG Material Maitenance;711;2.234,01;"MOTOR;LOCK;PIN;REPARADO;KONECR"
31/03/2026;RTG Material Maitenance;711;8.702,24;"FREIO;GANTRY/TRANSLADO;TR-11-2"
31/03/2026;RTG Material Maitenance;711;2.952,26;"BOMBA;CUMMINS/5362256/4935095"
31/03/2026;RTG Material Maitenance;711;91,55;"FILTRO;SEPAR;CUMMINS/FS19763"
31/03/2026;RTG Material Maitenance;711;4.741,69;"MOTOR PARTIDA;39MT;9KW;24VCC"
31/03/2026;RTG Material Maitenance;711;264,90;"FILTRO;AG;FLEETGUARD/WF2126;DO"
31/03/2026;RTG Material Maitenance;711;91,55;"FILTRO;SEPAR;CUMMINS/FS19763"
31/03/2026;RTG Material Maitenance;711;35,66;"PORCA;CUMMINS/142176"
31/03/2026;RTG Material Maitenance;711;971,07;"CONE ROL CON;EIX 34,92MM;30811"
31/03/2026;RTG Material Maitenance;711;3.866,73;"VENTILADOR;9PAS.;MOTOR;DIESEL;"
31/03/2026;RTG Material Maitenance;711;121,40;"RETENTOR;CUMMINS/200307"
31/03/2026;RTG Material Maitenance;711;46,75;"FITA ADES PE;C/TRAMA TECID;PR;"
31/03/2026;RTG Material Maitenance;711;16,82;"CADEADO;LAT MACIC;25MM;S/INVOL"
31/03/2026;RTG Material Maitenance;711;2.234,01;"MOTOR;LOCK;PIN;REPARADO;KONECR"
31/03/2026;RTG Material Maitenance;712;91,55;"FILTRO;SEPAR;CUMMINS/FS19763"
31/03/2026;RTG Material Maitenance;712;15,15;"SILICONE SPRAY;MUNDIAL PRIME/A"
31/03/2026;RTG Material Maitenance;712;1.881,18;"BATERIA AUTO;SELAD;12V;180A"
31/03/2026;RTG Material Maitenance;712;2.249,14;ALTERNADOR 24V 4936879
31/03/2026;RTG Material Maitenance;712;17,15;"ADESIVO SIL ACETICO;BRANCO"
31/03/2026;RTG Material Maitenance;712;773,44;"RELE EST SOL;CHAV;110-120VCA;D"
31/03/2026;RTG Material Maitenance;712;773,44;"RELE EST SOL;CHAV;110-120VCA;D"
31/03/2026;RTG Material Maitenance;712;2.643,64;"MOTOR PARTID;7,5KW;24VCC;DELCO"
31/03/2026;RTG Material Maitenance;712;91,55;"FILTRO;SEPAR;CUMMINS/FS19763"
31/03/2026;RTG Material Maitenance;712;91,55;"FILTRO;SEPAR;CUMMINS/FS19763"
31/03/2026;RTG Material Maitenance;712;8.702,24;"FREIO;GANTRY/TRANSLADO;TR-11-2"
31/03/2026;RTG Material Maitenance;712;998,25;"MODULO;KONE/V0003740"
31/03/2026;RTG Material Maitenance;712;91,55;"FILTRO;SEPAR;CUMMINS/FS19763"
31/03/2026;RTG Material Maitenance;712;2.643,64;"MOTOR PARTID;7,5KW;24VCC;DELCO"
31/03/2026;RTG Material Maitenance;712;998,25;"MODULO;KONE/V0003740"
31/03/2026;RTG Material Maitenance;712;4.954,81;"VENT;MOTOR;HOIST;REP;KONECRANE"
31/03/2026;RTG Material Maitenance;712;3.164,57;"VENTILADOR(01);KONECRANES"
31/03/2026;RTG Material Maitenance;712;8.073,93;"MONITOR IHM;RS 232C;TFT;PRO-FA"
31/03/2026;RTG Material Maitenance;712;13,61;"PLUGUE;TOMADA;MACHO;10A;250V;2"
31/03/2026;RTG Material Maitenance;712;8,12;"LAMINA P/ESTIL;LARG;100X18X0,5;18MM"
31/03/2026;RTG Material Maitenance;712;33,30;"ESTILETE;RETRAT;LARG;AZ/AM;ABS"
31/03/2026;RTG Material Maitenance;712;200,47;"SPRAY;DETECTOR;VAZAMENTO;BUBBL"
31/03/2026;RTG Material Maitenance;712;1.142,63;"GAS REFRIGERANTE;R-22;CIL 11,3"
31/03/2026;RTG Material Maitenance;712;8.702,24;"FREIO;GANTRY/TRANSLADO;TR-11-2"
31/03/2026;RTG Material Maitenance;712;137,37;"OLEO LUBRIF;MOTOR 15W40"
31/03/2026;RTG Material Maitenance;712;119,08;"FRASCO;PLAS;INCOL;CIL;250ML;C/"
31/03/2026;RTG Material Maitenance;712;1.526,35;"OLEO LUBRIF;MOTOR 15W40"
31/03/2026;RTG Material Maitenance;712;91,55;"FILTRO;SEPAR;CUMMINS/FS19763"
31/03/2026;RTG Material Maitenance;712;59,54;"FRASCO;PLAS;INCOL;CIL;250ML;C/"
31/03/2026;RTG Material Maitenance;712;264,90;"FILTRO;AG;FLEETGUARD/WF2126;DO"
31/03/2026;RTG Material Maitenance;712;228,30;"ELEMENTO FILTR;OLEO DIESEL;FLE"
31/03/2026;RTG Material Maitenance;712;248,57;"FILTRO;F/R:FLEETGUARD/LF9070"
31/03/2026;RTG Material Maitenance;712;248,57;"FILTRO;F/R:FLEETGUARD/LF9070"
31/03/2026;RTG Material Maitenance;712;25,40;"TINTA;SPRAY;PRETO; ALTA TEMPER"
31/03/2026;RTG Material Maitenance;712;25,40;"TINTA;SPRAY;PRETO; ALTA TEMPER"
31/03/2026;RTG Material Maitenance;712;25,40;"TINTA;SPRAY;PRETO; ALTA TEMPER"
31/03/2026;RTG Material Maitenance;713;1.345,21;"CORREIA;CUMMINS/3106099"
31/03/2026;RTG Material Maitenance;713;16,82;"CADEADO;LAT MACIC;25MM;S/INVOL"
31/03/2026;RTG Material Maitenance;713;91,55;"FILTRO;SEPAR;CUMMINS/FS19763"
31/03/2026;RTG Material Maitenance;713;1.149,01;"SACO;AR;PNEU;12.00X24;EV;KONEC"
31/03/2026;RTG Material Maitenance;713;91,55;"FILTRO;SEPAR;CUMMINS/FS19763"
31/03/2026;RTG Material Maitenance;713;68,06;"FITA:ADESIVA:POLIETILENO;C/TRA"
31/03/2026;RTG Material Maitenance;713;167,89;"TOALHA IND;BR;KIMBERLY CLARK/W"
31/03/2026;RTG Material Maitenance;713;2.324,55;"VENTILADOR;C/FILTRO;RTG 01-06;"
31/03/2026;RTG Material Maitenance;713;34,53;"ADESIVO VED;BRASCOLA/BRASCOVED"
31/03/2026;RTG Material Maitenance;713;99,80;"FITA ISOL ELETR;750V;ADES;PVC;"
31/03/2026;RTG Material Maitenance;713;10,69;"ADESIVO INST;CIANOACR;HENKEL/S"
31/03/2026;RTG Material Maitenance;713;23,82;"TOMADA;TRILHO;DIN;20A;250VCA;A"
31/03/2026;RTG Material Maitenance;713;23,82;"TOMADA;TRILHO;DIN;20A;250VCA;A"
31/03/2026;RTG Material Maitenance;713;60,88;"CAIXA DERIV;TERMOPL;RET;IP55;S"
31/03/2026;RTG Material Maitenance;713;121,51;"DESENGRAXANTE;METASIL/JATOPLUS"
31/03/2026;RTG Material Maitenance;713;121,29;"BACTERICIDA;METASIL/DESIX TALC"
31/03/2026;RTG Material Maitenance;713;22,47;"LIMPADOR SUPERF;MULTI-USO;AZULIM;500ML"
31/03/2026;RTG Material Maitenance;713;32,07;"ADESIVO INST;CIANOACR;HENKEL/S"
31/03/2026;RTG Material Maitenance;713;99,80;"FITA ISOL ELETR;750V;ADES;PVC;"
31/03/2026;RTG Material Maitenance;713;88,93;"PASTILHA;AROMATIZANTE;P/AR CON"
31/03/2026;RTG Material Maitenance;713;22,58;"TRILHO;DIN;35X75MM;ALUMINIO;2M"
31/03/2026;RTG Material Maitenance;713;6,34;"FITA VED PTFE;18MM;0,70MM;ROL"
31/03/2026;RTG Material Maitenance;713;136,58;"PROTECAO;CONECTOR;BATERIA;PAR"
31/03/2026;RTG Material Maitenance;713;1.447,67;"MODULO;RETIFICADOR;RGM100"
31/03/2026;RTG Material Maitenance;713;1.526,35;"OLEO LUBRIF;MOTOR 15W40"
31/03/2026;RTG Material Maitenance;713;91,55;"FILTRO;SEPAR;CUMMINS/FS19763"
31/03/2026;RTG Material Maitenance;713;59,54;"FRASCO;PLAS;INCOL;CIL;250ML;C/"
31/03/2026;RTG Material Maitenance;713;264,90;"FILTRO;AG;FLEETGUARD/WF2126;DO"
31/03/2026;RTG Material Maitenance;713;228,30;"ELEMENTO FILTR;OLEO DIESEL;FLE"
31/03/2026;RTG Material Maitenance;713;248,57;"FILTRO;F/R:FLEETGUARD/LF9070"
31/03/2026;RTG Material Maitenance;713;4.419,33;"INDICADOR NIVEL;OLEO;ESCALA MI"
31/03/2026;RTG Material Maitenance;713;1.079,92;"DESENGRAXANTE;20L;CERTIFIED/DA"
31/03/2026;RTG Material Maitenance;713;3.891,27;"CABO ACO PREFORM;IPH/16MM6X41W"
31/03/2026;RTG Material Maitenance;713;1.860,80;"CABO ACO PREFORM;IPH/16MM6X41W"
31/03/2026;RTG Material Maitenance;713;2.643,64;"MOTOR PARTID;7,5KW;24VCC;DELCO"
31/03/2026;RTG Material Maitenance;713;2.643,64;"MOTOR PARTID;7,5KW;24VCC;DELCO"
31/03/2026;RTG Material Maitenance;713;6,36;"SACO LIX;PVC;100L;EMBAL C/100"
31/03/2026;RTG Material Maitenance;713;44.044,15;"CABO CONT;SPREADER;42X2,5;35M"
31/03/2026;RTG Material Maitenance;713;1.305,98;"SENSOR;F/R:CUMMINS/4921475"
31/03/2026;RTG Material Maitenance;713;2.486,30;"SENSOR;KALMAR/JP115144"
31/03/2026;RTG Material Maitenance;713;119,08;"FRASCO;PLAS;INCOL;CIL;250ML;C/"
31/03/2026;RTG Material Maitenance;713;0,01;"BASE RELE;TRILH;5PIN;OMRON/P2R"
31/03/2026;RTG Material Maitenance;713;5,90;"TRAVA;EXTERNA;FEMEA;3 PINOS;"
31/03/2026;RTG Material Maitenance;713;63,46;"CONJUNTO;PLUGUE 6 PINOS;COMPLE"
31/03/2026;RTG Material Maitenance;713;18,31;"CONECTOR;FEMEA;3 PINOS;"
31/03/2026;RTG Material Maitenance;713;91,55;"FILTRO;SEPAR;CUMMINS/FS19763"
31/03/2026;RTG Material Maitenance;714;-971,07;"CONE ROL CON;EIX 34,92MM;30811"
31/03/2026;RTG Material Maitenance;714;129,97;"QUEROSENE;FR 1L"
31/03/2026;RTG Material Maitenance;714;19,93;"LONA PLAST PROT;PT;PVC;8X100M;"
31/03/2026;RTG Material Maitenance;714;2.307,59;"TENSOR;KONECRANES/3104029"
31/03/2026;RTG Material Maitenance;714;78,67;"PINO;GUIA;MOTOR;DIESEL;CUMMINS"
31/03/2026;RTG Material Maitenance;714;474,24;"PILOTO;CUMMINS/3681715"
31/03/2026;RTG Material Maitenance;714;2.265,44;"POLIA;CUMMINS/3681587"
31/03/2026;RTG Material Maitenance;714;41,86;"ARRUELA;1/2POL;APLICACAO:MOTOR"
31/03/2026;RTG Material Maitenance;714;54,52;"PARAFUSO;CUMMINS/3681390"
31/03/2026;RTG Material Maitenance;714;32,21;"PROTETOR;POEIRA;APLICACAO:MOTO"
31/03/2026;RTG Material Maitenance;714;1.345,21;"CORREIA;CUMMINS/3106099"
31/03/2026;RTG Material Maitenance;714;27,22;"CABO COBRE FLEXIVEL;CLASSE 5;1"
31/03/2026;RTG Material Maitenance;714;1.350,10;"RELE AUX ENC;PIN;24VCC;10A;REL"
31/03/2026;RTG Material Maitenance;714;490,59;"BASE RELE;FINDER SER 56;TRILH"
31/03/2026;RTG Material Maitenance;714;8,55;"BLOCO CONT BOT COM;1NA;ABB/1SF"
31/03/2026;RTG Material Maitenance;714;25,15;"DISJUNTOR TERM;MONO;10A;SCHNEI"
31/03/2026;RTG Material Maitenance;714;12,68;"FITA VED PTFE;18MM;0,70MM;ROL"
31/03/2026;RTG Material Maitenance;714;120,13;"TUBO;FADO/F7710"
31/03/2026;RTG Material Maitenance;714;17,57;"TINTA;PRATA;SPR 200ML;MUNDIAL"
31/03/2026;RTG Material Maitenance;714;15,44;"TINTA;SPRAY;PRETO;BRILHANTE"
31/03/2026;RTG Material Maitenance;714;90,96;"CHAVE COMUT;12/24V;250A;MARILI"
31/03/2026;RTG Material Maitenance;714;137,94;"TERMINAL;COMPRESSAO;240MM;FURO"
31/03/2026;RTG Material Maitenance;714;7,75;"FITA ISOLANTE;3M/IMPERIAL VERM"
31/03/2026;RTG Material Maitenance;714;8,61;"FITA ISOLANTE;3M/IMPERIAL BRAN"
31/03/2026;RTG Material Maitenance;714;9,53;"FITA ISOLANTE;3M/IMPERIAL AMAR"
31/03/2026;RTG Material Maitenance;714;48,74;"QUEROSENE;FR 1L"
31/03/2026;RTG Material Maitenance;714;3,58;"DISCO CORTE;WURTH/0664115232"
31/03/2026;RTG Material Maitenance;714;32,26;"DISCO CORTE;WURTH/0664115232"
31/03/2026;RTG Material Maitenance;714;14,06;"TERMINAL P/BATERIA; APERTO; PO"
31/03/2026;RTG Material Maitenance;714;13,48;"ADESIVO VED;POLIM;BG 100G;MUND"
31/03/2026;RTG Material Maitenance;714;6,74;"ADESIVO VED;POLIM;BG 100G;MUND"
31/03/2026;RTG Material Maitenance;714;76,85;"TAMPA;VENTIL;CUMMINS/3063844"
31/03/2026;RTG Material Maitenance;714;35,66;"PORCA;CUMMINS/142176"
31/03/2026;RTG Material Maitenance;714;30,59;"ARRUELA;CUMMINS/3012467"
31/03/2026;RTG Material Maitenance;714;971,07;"CONE ROL CON;EIX 34,92MM;30811"
31/03/2026;RTG Material Maitenance;714;971,07;"CONE ROL CON;EIX 34,92MM;30811"
31/03/2026;RTG Material Maitenance;714;121,40;"RETENTOR;CUMMINS/200307"
31/03/2026;RTG Material Maitenance;714;149,01;HORIMETRO P/PAIN CONTAD 12/24V
31/03/2026;RTG Material Maitenance;714;15,18;"CABECOTE BOT COM ILUM;RED;VM;S"
31/03/2026;RTG Material Maitenance;714;18,15;"BLOCO CONT BOT COM;1NF;10A;660"
31/03/2026;RTG Material Maitenance;714;13,29;"LONA PLAST PROT;PT;PVC;8X100M;"
31/03/2026;RTG Material Maitenance;714;317,63;"BOTAO COM ILUM;VD;120V;SCHNEI"
31/03/2026;RTG Material Maitenance;714;531,44;"ESCADA;AL;13 DEGR;4M;LARG;46CM"
31/03/2026;RTG Material Maitenance;714;108,90;"BASE RELE;RELECO C7;SOQ;KUHN/S"
31/03/2026;RTG Material Maitenance;714;4.332,81;"REGULADOR TENS;5A;STAMFORD;AVR"
31/03/2026;RTG Material Maitenance;714;30,34;"ABRACADEIRA;ACO;22MM;PHOENIX"
31/03/2026;RTG Material Maitenance;714;533,06;"BOTOEIRA MONT;1 BOT;SIEMENS/3S"
31/03/2026;RTG Material Maitenance;714;30,34;"ABRACADEIRA;ACO;22MM;PHOENIX"
31/03/2026;RTG Material Maitenance;714;67,57;"RELE AUX ENC;PIN;24VCC;RELECO/"
31/03/2026;RTG Material Maitenance;714;200,56;"BOLA;AUTOMATICA;EXTINTORA;INCE"
31/03/2026;RTG Material Maitenance;714;326,98;"BASE RELE;SOQ;RELECO/S10M"
31/03/2026;RTG Material Maitenance;714;4.419,33;"INDICADOR NIVEL;OLEO;ESCALA MI"
31/03/2026;RTG Material Maitenance;714;25,40;"TINTA;SPRAY;PRETO; ALTA TEMPER"
31/03/2026;RTG Material Maitenance;714;49,72;"FITA;ISOLANTE;TECIDO;DNI/DNI50"
31/03/2026;RTG Material Maitenance;714;6,34;"FITA VED PTFE;18MM;0,70MM;ROL"
31/03/2026;RTG Material Maitenance;714;5.424,35;"MOTOR;KONECRANES/MFXP200212BB5"
31/03/2026;RTG Material Maitenance;714;606,05;"FILTRO;PRIMARIO;DIESEL;QSX15;A"
31/03/2026;RTG Material Maitenance;715;1.945,64;"CABO ACO PREFORM;IPH/16MM6X41W"
31/03/2026;RTG Material Maitenance;715;567,58;PINO POLIA AUXILIAR WINCH
31/03/2026;RTG Material Maitenance;715;4.021,36;POLIA AUXILIAR WINCH KP34-001
31/03/2026;RTG Material Maitenance;715;32,49;"QUEROSENE;FR 1L"
31/03/2026;RTG Material Maitenance;715;641,04;"BLOCO CONT AUX TEMPORIZ;SCHNEI"
31/03/2026;RTG Material Maitenance;715;4.286,33;"FILTRO;PINTSCH BUBENZER/008098"
31/03/2026;RTG Material Maitenance;715;38.271,71;"GERADOR;STANFORD/HCI534D1 G 95"
31/03/2026;RTG Material Maitenance;715;91,55;"FILTRO;SEPAR;CUMMINS/FS19763"
31/03/2026;RTG Material Maitenance;715;1.860,80;"CABO ACO PREFORM;IPH/16MM6X41W"
31/03/2026;RTG Material Maitenance;715;10.042,44;"MOTOR;KONECRANES/MF13G200210AA"
31/03/2026;RTG Material Maitenance;715;91,55;"FILTRO;SEPAR;CUMMINS/FS19763"
31/03/2026;RTG Material Maitenance;715;308,07;"FILTRO;PRIMAR;AR;DONALDSON/P78"
31/03/2026;RTG Material Maitenance;715;181,81;"ELEMENTO FILTR;AR SEC;DONALDSO"
31/03/2026;RTG Material Maitenance;715;8.702,24;"FREIO;GANTRY/TRANSLADO;TR-11-2"
31/03/2026;RTG Material Maitenance;715;998,25;"MODULO;KONE/V0003740"
31/03/2026;RTG Material Maitenance;715;574,50;"SACO;AR;PNEU;12.00X24;EV;KONEC"
31/03/2026;RTG Material Maitenance;715;181,02;"PROTETOR;CAMARA DE AR;ARO 24 P"
31/03/2026;RTG Material Maitenance;715;169,79;"GRAFITE PO;PCT 5KG;VONDER/5199"
31/03/2026;RTG Material Maitenance;716;-517,36;"FILTRO;AR;CUMMINS/AF25708M"
31/03/2026;RTG Material Maitenance;716;1.145,05;"VENTILADOR CENTRIF;195W;HOR;EB"
31/03/2026;RTG Material Maitenance;716;91,55;"FILTRO;SEPAR;CUMMINS/FS19763"
31/03/2026;RTG Material Maitenance;716;3.782,37;"CODIFICADOR;INCR;BID;LEINE E L"
31/03/2026;RTG Material Maitenance;716;181,02;"PROTETOR;CAMARA DE AR;ARO 24 P"
31/03/2026;RTG Material Maitenance;716;517,36;"FILTRO;AR;CUMMINS/AF25708M"
31/03/2026;RTG Material Maitenance;716;330,33;"ALAVANCA;AJUSTAVEL;APLICACAO;L"
31/03/2026;RTG Material Maitenance;716;1.723,80;CORPO CHAVE FIM CURSO
31/03/2026;RTG Material Maitenance;716;1.531,32;CONECTOR SENSOR MACHO RETO
31/03/2026;RTG Material Maitenance;716;17.404,48;"FREIO;GANTRY/TRANSLADO;TR-11-2"
31/03/2026;RTG Material Maitenance;716;3,63;"FUSIVEL;VIDRO;GRANDE;2A"
31/03/2026;RTG Material Maitenance;716;1.945,64;"CABO ACO PREFORM;IPH/16MM6X41W"
31/03/2026;RTG Material Maitenance;716;4.722,70;"POLIA;AUXILIAR;DO TR;REPARADO"
31/03/2026;RTG Material Maitenance;717;-308,07;"FILTRO;PRIMAR;AR;DONALDSON/P78"
31/03/2026;RTG Material Maitenance;717;91,55;"FILTRO;SEPAR;CUMMINS/FS19763"
31/03/2026;RTG Material Maitenance;717;308,07;"FILTRO;PRIMAR;AR;DONALDSON/P78"
31/03/2026;RTG Material Maitenance;717;181,81;"ELEMENTO FILTR;AR SEC;DONALDSO"
31/03/2026;RTG Material Maitenance;717;517,36;"FILTRO;AR;CUMMINS/AF25708M"
31/03/2026;RTG Material Maitenance;717;1.526,35;"OLEO LUBRIF;MOTOR 15W40"
31/03/2026;RTG Material Maitenance;717;59,54;"FRASCO;PLAS;INCOL;CIL;250ML;C/"
31/03/2026;RTG Material Maitenance;717;1.022,87;"FILTRO;DIESEL;CUMMINS/FF63010"
31/03/2026;RTG Material Maitenance;717;264,90;"FILTRO;AG;FLEETGUARD/WF2126;DO"
31/03/2026;RTG Material Maitenance;717;91,55;"FILTRO;SEPAR;CUMMINS/FS19763"
31/03/2026;RTG Material Maitenance;717;248,57;"FILTRO;F/R:FLEETGUARD/LF9070"
31/03/2026;RTG Material Maitenance;717;2.437,63;"CARTAO MEMO;CLP;MMC;SIEMENS/6E"
31/03/2026;RTG Material Maitenance;717;633,34;"PINO;DRAWING/RTGHBA3OP2"
31/03/2026;RTG Material Maitenance;717;2.477,41;"VENT;MOTOR;HOIST;REP;KONECRANE"
31/03/2026;RTG Material Maitenance;717;665,56;"DESENGRAXANTE;DIELETRICO;WURTH"
31/03/2026;RTG Material Maitenance;717;2.159,85;"DESENGRAXANTE;20L;CERTIFIED/DA"
31/03/2026;RTG Material Maitenance;717;602,88;PARAFUSO F/R:DHL/PAR-2581
31/03/2026;RTG Material Maitenance;717;35,96;"RETENTOR;45X72X9,50MM;SABO/015"
31/03/2026;RTG Material Maitenance;717;30,55;"ANEL ELASTICO;FURO;35MM;DOBER"
31/03/2026;RTG Material Maitenance;717;35,96;"RETENTOR;45X72X9,50MM;SABO/015"
31/03/2026;RTG Material Maitenance;717;25,26;"FLUIDO LIMP CONT;WURTH/3895653"
31/03/2026;RTG Material Maitenance;717;21,10;"OLEO DESENGRIP;AEROSSOL 300ML;"
31/03/2026;RTG Material Maitenance;717;162,61;"BUCHA;KONECRANES/52490100"
31/03/2026;RTG Material Maitenance;717;111,35;"GRAMPO P/CAB AC;LEV;1POL;SAE 1"
31/03/2026;RTG Material Maitenance;717;308,07;"FILTRO;PRIMAR;AR;DONALDSON/P78"
31/03/2026;RTG Material Maitenance;717;91,55;"FILTRO;SEPAR;CUMMINS/FS19763"
31/03/2026;RTG Material Maitenance;717;517,36;"FILTRO;AR;CUMMINS/AF25708M"
31/03/2026;RTG Material Maitenance;717;4.021,36;POLIA AUXILIAR WINCH KP34-001
31/03/2026;RTG Material Maitenance;717;91,55;"FILTRO;SEPAR;CUMMINS/FS19763"
31/03/2026;RTG Material Maitenance;717;91,55;"FILTRO;SEPAR;CUMMINS/FS19763"
31/03/2026;RTG Material Maitenance;717;76,32;"OLEO LUBRIF;MOTOR 15W40"
31/03/2026;RTG Material Maitenance;717;91,55;"FILTRO;SEPAR;CUMMINS/FS19763"
31/03/2026;RTG Material Maitenance;717;44,52;"ANEL;TRAVA;INTER;;ANELBRAS/J16"
31/03/2026;RTG Material Maitenance;717;11,90;"ANEL;TRAVA;EXTERNO;90X3;DIN471"
31/03/2026;RTG Material Maitenance;717;1.673,77;"ROLAMENTO AUTOC ROL;RAD/AXI;AC"
31/03/2026;RTG Material Maitenance;717;127,05;"ANEL;NILOS;TIPO:JV;P/ROLAMENTO"
31/03/2026;RTG Material Maitenance;717;2.359,50;"EIXO;MANCAL;DROMO;GRUPO ARMENI"
31/03/2026;RTG Material Maitenance;717;4.219,88;"CAVALETE;MANCAL;DROMO;ARMENIO/"
31/03/2026;RTG Material Maitenance;717;2.359,50;"EIXO;MANCAL;DROMO;GRUPO ARMENI"
31/03/2026;RTG Material Maitenance;717;127,05;"ANEL;NILOS;TIPO:JV;P/ROLAMENTO"
31/03/2026;RTG Material Maitenance;717;1.673,77;"ROLAMENTO AUTOC ROL;RAD/AXI;AC"
31/03/2026;RTG Material Maitenance;717;11,90;"ANEL;TRAVA;EXTERNO;90X3;DIN471"
31/03/2026;RTG Material Maitenance;717;44,52;"ANEL;TRAVA;INTER;;ANELBRAS/J16"
31/03/2026;RTG Material Maitenance;717;91,55;"FILTRO;SEPAR;CUMMINS/FS19763"
31/03/2026;RTG Material Maitenance;717;4.219,88;"CAVALETE;MANCAL;DROMO;ARMENIO/"
31/03/2026;RTG Material Maitenance;717;91,55;"FILTRO;SEPAR;CUMMINS/FS19763"
31/03/2026;RTG Material Maitenance;718;183,10;"FILTRO;SEPAR;CUMMINS/FS19763"
31/03/2026;RTG Material Maitenance;718;231,89;"PARAFUSO;SEXTAVADO;M20X80MM;PA"
31/03/2026;RTG Material Maitenance;718;91,55;"FILTRO;SEPAR;CUMMINS/FS19763"
31/03/2026;RTG Material Maitenance;718;91,55;"FILTRO;SEPAR;CUMMINS/FS19763"
31/03/2026;RTG Material Maitenance;718;91,55;"FILTRO;SEPAR;CUMMINS/FS19763"
31/03/2026;RTG Material Maitenance;718;517,36;"FILTRO;AR;CUMMINS/AF25708M"
31/03/2026;RTG Material Maitenance;718;91,55;"FILTRO;SEPAR;CUMMINS/FS19763"
31/03/2026;RTG Material Maitenance;718;26.217,67;"BICO;INJETOR;COMBUSTIVEL;APLICACAO;MOTOR;DIESEL;QS"
31/03/2026;RTG Material Maitenance;718;1.996,50;"MODULO;KONE/V0003740"
31/03/2026;RTG Material Maitenance;718;8.702,24;"FREIO;GANTRY/TRANSLADO;TR-11-2"
31/03/2026;RTG Material Maitenance;718;8.702,24;"FREIO;GANTRY/TRANSLADO;TR-11-2"
31/03/2026;RTG Material Maitenance;718;26.106,72;"FREIO;GANTRY/TRANSLADO;TR-11-2"
31/03/2026;RTG Material Maitenance;718;35,96;"RETENTOR;45X72X9,50MM;SABO/015"
31/03/2026;RTG Material Maitenance;718;35,96;"RETENTOR;45X72X9,50MM;SABO/015"
31/03/2026;RTG Material Maitenance;718;2.812,28;"OLEO LUBRIFICANTE;P/ ENGRENAGE"
31/03/2026;RTG Material Maitenance;718;8.702,24;"FREIO;GANTRY/TRANSLADO;TR-11-2"
31/03/2026;RTG Material Maitenance;718;91,55;"FILTRO;SEPAR;CUMMINS/FS19763"
31/03/2026;RTG Material Maitenance;718;91,55;"FILTRO;SEPAR;CUMMINS/FS19763"
31/03/2026;RTG Material Maitenance;718;4.722,70;"POLIA;AUXILIAR;DO TR;REPARADO"
31/03/2026;RTG Material Maitenance;718;162,61;"BUCHA;KONECRANES/52490100"
31/03/2026;RTG Material Maitenance;718;91,55;"FILTRO;SEPAR;CUMMINS/FS19763"
31/03/2026;RTG Material Maitenance;719;3.782,37;"CODIFICADOR;INCR;BID;LEINE E L"
31/03/2026;RTG Material Maitenance;719;152,64;"OLEO LUBRIF;MOTOR 15W40"
31/03/2026;RTG Material Maitenance;719;1.526,35;"OLEO LUBRIF;MOTOR 15W40"
31/03/2026;RTG Material Maitenance;719;91,55;"FILTRO;SEPAR;CUMMINS/FS19763"
31/03/2026;RTG Material Maitenance;719;59,54;"FRASCO;PLAS;INCOL;CIL;250ML;C/"
31/03/2026;RTG Material Maitenance;719;264,90;"FILTRO;AG;FLEETGUARD/WF2126;DO"
31/03/2026;RTG Material Maitenance;719;228,30;"ELEMENTO FILTR;OLEO DIESEL;FLE"
31/03/2026;RTG Material Maitenance;719;248,57;"FILTRO;F/R:FLEETGUARD/LF9070"
31/03/2026;RTG Material Maitenance;719;3.009,13;"BOBINA;KONECRANES/60/891.080.1"
31/03/2026;RTG Material Maitenance;719;4.649,09;"VENTILADOR;C/FILTRO;RTG 01-06;"
31/03/2026;RTG Material Maitenance;719;167,89;"TOALHA IND;BR;KIMBERLY CLARK/W"
31/03/2026;RTG Material Maitenance;719;765,66;CONECTOR SENSOR MACHO RETO
31/03/2026;RTG Material Maitenance;719;861,90;CORPO CHAVE FIM CURSO
31/03/2026;RTG Material Maitenance;719;862,13;"MICRO;FIM DE CURSO;TELEMECANIQ"
31/03/2026;RTG Material Maitenance;719;165,17;"ALAVANCA;AJUSTAVEL;APLICACAO;L"
31/03/2026;RTG Material Maitenance;719;8.702,24;"FREIO;GANTRY/TRANSLADO;TR-11-2"
31/03/2026;RTG Material Maitenance;719;4.532,91;"ACOPLAMENTO;ACO;MOTOR;GANTRY;A"
31/03/2026;RTG Material Maitenance;719;248,57;"FILTRO;F/R:FLEETGUARD/LF9070"
31/03/2026;RTG Material Maitenance;719;606,05;"FILTRO;PRIMARIO;DIESEL;QSX15;A"
31/03/2026;RTG Material Maitenance;719;21,10;"OLEO DESENGRIP;AEROSSOL 300ML;"
31/03/2026;RTG Material Maitenance;719;11,23;"LIMPADOR SUPERF;MULTI-USO;AZULIM;500ML"
31/03/2026;RTG Material Maitenance;719;25,26;"FLUIDO LIMP CONT;WURTH/3895653"
31/03/2026;RTG Material Maitenance;719;76,05;"LIMPADOR SUPERF;LAVAGEM A SECO"
31/03/2026;RTG Material Maitenance;719;149,49;"VASELINA;SOLID;LAT 1KG"
31/03/2026;RTG Material Maitenance;719;1.860,80;"CABO ACO PREFORM;IPH/16MM6X41W"
31/03/2026;RTG Material Maitenance;719;1.447,67;"MODULO;RETIFICADOR;RGM100"
31/03/2026;RTG Material Maitenance;719;8.702,24;"FREIO;GANTRY/TRANSLADO;TR-11-2"
31/03/2026;RTG Material Maitenance;719;2.218,21;"RADIADOR;D’AGUA;TR KONE;11-20"
31/03/2026;RTG Material Maitenance;719;3.866,73;"VENTILADOR;9PAS.;MOTOR;DIESEL;"
31/03/2026;RTG Material Maitenance;719;2.477,41;"VENT;MOTOR;HOIST;REP;KONECRANE"
31/03/2026;RTG Material Maitenance;719;8,63;"ADESIVO VED;BRASCOLA/BRASCOVED"
31/03/2026;RTG Material Maitenance;719;112,80;"BARRA ROSC AC INOX;AISI 304;M2"
31/03/2026;RTG Material Maitenance;719;3.782,37;"CODIFICADOR;INCR;BID;LEINE E L"
31/03/2026;RTG Material Maitenance;720;2.298,02;"SACO;AR;PNEU;12.00X24;EV;KONEC"
31/03/2026;RTG Material Maitenance;720;362,04;"PROTETOR;CAMARA DE AR;ARO 24 P"
31/03/2026;RTG Material Maitenance;720;338,57;"SOLVENTE;P/TINTAS;18L"
31/03/2026;RTG Material Maitenance;720;671,77;"PRIMER;EPOXIDICO;;EMBALAGEM:3,"
31/03/2026;RTG Material Maitenance;721;53,54;"FECHO;PAPAGAIO;INOX;304;F/R;MA"
31/03/2026;RTG Material Maitenance;721;53,54;"FECHO;PAPAGAIO;INOX;304;F/R;MA"
31/03/2026;RTG Material Maitenance;721;91,55;"FILTRO;SEPAR;CUMMINS/FS19763"
31/03/2026;RTG Material Maitenance;721;18,83;"PARAFUSO;SEXTAVADO;1/2-13 X1.1"
31/03/2026;RTG Material Maitenance;721;1.872,63;"LUMINARIA;ESTRUTURA;LED;PHILIP"
31/03/2026;RTG Material Maitenance;721;91,55;"FILTRO;SEPAR;CUMMINS/FS19763"
31/03/2026;RTG Material Maitenance;721;181,81;"ELEMENTO FILTR;AR SEC;DONALDSO"
31/03/2026;RTG Material Maitenance;721;91,55;"FILTRO;SEPAR;CUMMINS/FS19763"
31/03/2026;RTG Material Maitenance;721;207,00;"EMENDA;CORRENTE;F/R:DAIDO/16-B"
31/03/2026;RTG Material Maitenance;721;1.250,54;"DESLIZANTE;CORRENTE;CARRO"
31/03/2026;RTG Material Maitenance;721;5.277,76;"CORRENTE TRANSM;DU;DIN 16B-2;2"
31/03/2026;RTG Material Maitenance;721;167,89;"TOALHA IND;BR;KIMBERLY CLARK/W"
31/03/2026;RTG Material Maitenance;722;105,38;"CAPACITOR;MIDEA/05706080"
31/03/2026;RTG Material Maitenance;722;121,07;"CAPACITOR;TRIPLO;50+2,5MICRO;"
31/03/2026;RTG Material Maitenance;722;121,51;"DESENGRAXANTE;METASIL/JATOPLUS"
31/03/2026;RTG Material Maitenance;722;121,29;"BACTERICIDA;METASIL/DESIX TALC"
31/03/2026;RTG Material Maitenance;722;49,90;"FITA ISOL ELETR;750V;ADES;PVC;"
31/03/2026;RTG Material Maitenance;722;183,10;"FILTRO;SEPAR;CUMMINS/FS19763"
31/03/2026;RTG Material Maitenance;722;152,64;"OLEO LUBRIF;MOTOR 15W40"
31/03/2026;RTG Material Maitenance;722;59,35;"PARAFUSO;SEXTAVADO;M20X70;ROSC"
31/03/2026;RTG Material Maitenance;722;1.526,35;"OLEO LUBRIF;MOTOR 15W40"
31/03/2026;RTG Material Maitenance;722;1.046,00;"ADITIVO;P/ RADIADOR;COR:AZUL"
31/03/2026;RTG Material Maitenance;722;59,54;"FRASCO;PLAS;INCOL;CIL;250ML;C/"
31/03/2026;RTG Material Maitenance;722;228,30;"ELEMENTO FILTR;OLEO DIESEL;FLE"
31/03/2026;RTG Material Maitenance;722;264,90;"FILTRO;AG;FLEETGUARD/WF2126;DO"
31/03/2026;RTG Material Maitenance;722;45,18;"FILTRO;DO OLEO HID;P556005"
31/03/2026;RTG Material Maitenance;722;91,55;"FILTRO;SEPAR;CUMMINS/FS19763"
31/03/2026;RTG Material Maitenance;722;248,57;"FILTRO;F/R:FLEETGUARD/LF9070"
31/03/2026;RTG Material Maitenance;722;308,07;"FILTRO;PRIMAR;AR;DONALDSON/P78"
31/03/2026;RTG Material Maitenance;722;181,81;"ELEMENTO FILTR;AR SEC;DONALDSO"
31/03/2026;RTG Material Maitenance;722;1.983,27;"GRAXA;OLEO MINER;ROCOL/RDOFFSH"
31/03/2026;RTG Material Maitenance;722;19,93;"LONA PLAST PROT;PT;PVC;8X100M;"
31/03/2026;RTG Material Maitenance;722;91,55;"FILTRO;SEPAR;CUMMINS/FS19763"
31/03/2026;RTG Material Maitenance;722;91,55;"FILTRO;SEPAR;CUMMINS/FS19763"
31/03/2026;RTG Material Maitenance;722;25,26;"FLUIDO LIMP CONT;WURTH/3895653"
31/03/2026;RTG Material Maitenance;722;2.804,17;"ALTERNADOR;MOD:33SI;24V;100A;"
31/03/2026;RTG Material Maitenance;722;1.881,18;"BATERIA AUTO;SELAD;12V;180A"
31/03/2026;RTG Material Maitenance;722;91,55;"FILTRO;SEPAR;CUMMINS/FS19763"
31/03/2026;RTG Material Maitenance;722;91,55;"FILTRO;SEPAR;CUMMINS/FS19763"
31/03/2026;RTG Material Maitenance;722;308,07;"FILTRO;PRIMAR;AR;DONALDSON/P78"
31/03/2026;RTG Material Maitenance;722;181,81;"ELEMENTO FILTR;AR SEC;DONALDSO"
31/03/2026;RTG Material Maitenance;723;-5.470,41;"PINO;ANTI;TORCAO;COMPLETO;DUAS"
31/03/2026;RTG Material Maitenance;723;-469,18;"HASTE;F/R: BROMMA/BR1000810"
31/03/2026;RTG Material Maitenance;723;-430,77;"TERMINAL ESF;BROMMA/BR1001580;"
31/03/2026;RTG Material Maitenance;723;89,62;"DISCO CORTE;WURTH/0664115232"
31/03/2026;RTG Material Maitenance;723;41,83;DOBRADICA PINO SOLTO 3.1/2
31/03/2026;RTG Material Maitenance;723;6.029,43;PNEU RECAPADO 1600X25 E3/L3 32
31/03/2026;RTG Material Maitenance;723;1.945,64;"CABO ACO PREFORM;IPH/16MM6X41W"
31/03/2026;RTG Material Maitenance;723;15,56;"GRAMPO P/CAB AC;5/8POL;SAE 102"
31/03/2026;RTG Material Maitenance;723;37,28;"GRAMPO P/CABO ACO;1/2POL;SAE 1"
31/03/2026;RTG Material Maitenance;723;9.671,54;MOTOR DO TROLLEY JP100996 50HZ
31/03/2026;RTG Material Maitenance;723;339,02;ACOPLAMENTO 800823327 KALMAR
31/03/2026;RTG Material Maitenance;723;284,82;"ACOPLAMENTO;LOOP FLEX;ABP DKPS"
31/03/2026;RTG Material Maitenance;723;92,21;"ROLAMENTO;ESFERA;ATUADOR;CHAVE;CAMES;APLICACAO;RTG"
31/03/2026;RTG Material Maitenance;723;7.638,16;"CONJUNTO;PASTILHA;FREIO;ELEVAC"
31/03/2026;RTG Material Maitenance;723;5.065,83;"ROLAMENTO;APOIO;PINO SKEW;RTG"
31/03/2026;RTG Material Maitenance;723;858,50;"CASQUILHO;PINO;SKEW;KALMAR/N40"
31/03/2026;RTG Material Maitenance;723;1.905,75;"DISCO;FREIO;CARRO;LONA:20MM"
31/03/2026;RTG Material Maitenance;723;5.470,41;"PINO;ANTI;TORCAO;COMPLETO;DUAS"
31/03/2026;RTG Material Maitenance;723;1.203,95;"PINO;ANTI;TORCAO;FABRICADO"
31/03/2026;RTG Material Maitenance;723;33,65;"CADEADO;LAT MACIC;25MM;S/INVOL"
31/03/2026;RTG Material Maitenance;723;15.071,63;"CABO ACO PREFORM;IPH/26MM 8X31"
31/03/2026;RTG Material Maitenance;723;15.840,58;"CABO ACO PREFORM;26MM;8X31"
31/03/2026;RTG Material Maitenance;723;1.526,35;"OLEO LUBRIF;MOTOR 15W40"
31/03/2026;RTG Material Maitenance;723;1.046,00;"ADITIVO;P/ RADIADOR;COR:AZUL"
31/03/2026;RTG Material Maitenance;723;2.307,59;"TENSOR;KONECRANES/3104029"
31/03/2026;RTG Material Maitenance;723;2.146,49;"TENSIONADOR;CUMMINS/3104027"
31/03/2026;RTG Material Maitenance;723;971,07;"CONE ROL CON;EIX 34,92MM;30811"
31/03/2026;RTG Material Maitenance;723;2.971,57;"FILTRO;RESPIRO;CUMMINS/3102738"
31/03/2026;RTG Material Maitenance;723;59,54;"FRASCO;PLAS;INCOL;CIL;250ML;C/"
31/03/2026;RTG Material Maitenance;723;228,30;"ELEMENTO FILTR;OLEO DIESEL;FLE"
31/03/2026;RTG Material Maitenance;723;264,90;"FILTRO;AG;FLEETGUARD/WF2126;DO"
31/03/2026;RTG Material Maitenance;723;45,18;"FILTRO;DO OLEO HID;P556005"
31/03/2026;RTG Material Maitenance;723;91,55;"FILTRO;SEPAR;CUMMINS/FS19763"
31/03/2026;RTG Material Maitenance;723;248,57;"FILTRO;F/R:FLEETGUARD/LF9070"
31/03/2026;RTG Material Maitenance;723;2.265,44;"POLIA;CUMMINS/3681587"
31/03/2026;RTG Material Maitenance;723;121,40;"RETENTOR;CUMMINS/200307"
31/03/2026;RTG Material Maitenance;723;308,07;"FILTRO;PRIMAR;AR;DONALDSON/P78"
31/03/2026;RTG Material Maitenance;723;181,81;"ELEMENTO FILTR;AR SEC;DONALDSO"
31/03/2026;RTG Material Maitenance;723;1.345,21;"CORREIA;CUMMINS/3106099"
31/03/2026;RTG Material Maitenance;723;78,77;"CORREIA MIC V PF;PK;6 CAN;1180"
31/03/2026;RTG Material Maitenance;723;91,55;"FILTRO;SEPAR;CUMMINS/FS19763"
31/03/2026;RTG Material Maitenance;723;248,57;"FILTRO;F/R:FLEETGUARD/LF9070"
31/03/2026;RTG Material Maitenance;723;228,30;"ELEMENTO FILTR;OLEO DIESEL;FLE"
31/03/2026;RTG Material Maitenance;723;940,59;"BATERIA AUTO;SELAD;12V;180A"
31/03/2026;RTG Material Maitenance;723;1.905,75;"DISCO;FREIO;CARRO;LONA:20MM"
31/03/2026;RTG Material Maitenance;723;152,37;"GRAMPO P/CAB AC;LEV;1 1/4POL;S"
31/03/2026;RTG Material Maitenance;723;74,23;"GRAMPO P/CAB AC;LEV;1POL;SAE 1"
31/03/2026;RTG Material Maitenance;723;938,36;"HASTE;F/R: BROMMA/BR1000810"
31/03/2026;RTG Material Maitenance;723;5,08;"PORCA;SEXT;M16X2MM;7.42MM;ACO"
31/03/2026;RTG Material Maitenance;723;430,77;"TERMINAL ESF;BROMMA/BR1001580;"
31/03/2026;RTG Material Maitenance;723;464,26;"HASTE;VARETA;ACO;INOX;3.0MM;TA"
31/03/2026;RTG Material Maitenance;723;1.931,04;"CILINDRO;BROMMA/BR1001131"
31/03/2026;RTG Material Maitenance;723;91,55;"FILTRO;SEPAR;CUMMINS/FS19763"
31/03/2026;RTG Material Maitenance;724;-4.945,88;"CONVERSOR;ADFWEB/HD67553"
31/03/2026;RTG Material Maitenance;724;-17.288,48;"JOYSTICK;DIREITA;KALMAR;RTG-21"
31/03/2026;RTG Material Maitenance;724;91,55;"FILTRO;SEPAR;CUMMINS/FS19763"
31/03/2026;RTG Material Maitenance;724;1.158,52;"CONECTOR P/CAB COMUNIC RED;6ES"
31/03/2026;RTG Material Maitenance;724;17.288,48;"JOYSTICK;DIREITA;KALMAR;RTG-21"
31/03/2026;RTG Material Maitenance;724;24.986,71;"UNIDADE;FRENAGEM;SIEMENS/6SE70"
31/03/2026;RTG Material Maitenance;724;4.945,88;"CONVERSOR;ADFWEB/HD67553"
31/03/2026;RTG Material Maitenance;724;34,53;"ADESIVO VED;BRASCOLA/BRASCOVED"
31/03/2026;RTG Material Maitenance;724;64,98;"QUEROSENE;FR 1L"
31/03/2026;RTG Material Maitenance;724;1.526,35;"OLEO LUBRIF;MOTOR 15W40"
31/03/2026;RTG Material Maitenance;724;2.092,00;"ADITIVO;P/ RADIADOR;COR:AZUL"
31/03/2026;RTG Material Maitenance;724;2.307,59;"TENSOR;KONECRANES/3104029"
31/03/2026;RTG Material Maitenance;724;2.146,49;"TENSIONADOR;CUMMINS/3104027"
31/03/2026;RTG Material Maitenance;724;971,07;"CONE ROL CON;EIX 34,92MM;30811"
31/03/2026;RTG Material Maitenance;724;2.971,57;"FILTRO;RESPIRO;CUMMINS/3102738"
31/03/2026;RTG Material Maitenance;724;59,54;"FRASCO;PLAS;INCOL;CIL;250ML;C/"
31/03/2026;RTG Material Maitenance;724;228,30;"ELEMENTO FILTR;OLEO DIESEL;FLE"
31/03/2026;RTG Material Maitenance;724;264,90;"FILTRO;AG;FLEETGUARD/WF2126;DO"
31/03/2026;RTG Material Maitenance;724;45,18;"FILTRO;DO OLEO HID;P556005"
31/03/2026;RTG Material Maitenance;724;91,55;"FILTRO;SEPAR;CUMMINS/FS19763"
31/03/2026;RTG Material Maitenance;724;248,57;"FILTRO;F/R:FLEETGUARD/LF9070"
31/03/2026;RTG Material Maitenance;724;2.265,44;"POLIA;CUMMINS/3681587"
31/03/2026;RTG Material Maitenance;724;121,40;"RETENTOR;CUMMINS/200307"
31/03/2026;RTG Material Maitenance;724;308,07;"FILTRO;PRIMAR;AR;DONALDSON/P78"
31/03/2026;RTG Material Maitenance;724;181,81;"ELEMENTO FILTR;AR SEC;DONALDSO"
31/03/2026;RTG Material Maitenance;724;1.345,21;"CORREIA;CUMMINS/3106099"
31/03/2026;RTG Material Maitenance;724;78,77;"CORREIA MIC V PF;PK;6 CAN;1180"
31/03/2026;RTG Material Maitenance;724;38,03;"LIMPADOR SUPERF;LAVAGEM A SECO"
31/03/2026;RTG Material Maitenance;724;25,26;"FLUIDO LIMP CONT;WURTH/3895653"
31/03/2026;RTG Material Maitenance;724;766,80;"GRAMPO;TENSOR;HASTE;TP-U;FIXA;F/R;KIFIX/KF-943DTR"
31/03/2026;RTG Material Maitenance;724;91,55;"FILTRO;SEPAR;CUMMINS/FS19763"
31/03/2026;RTG Material Maitenance;724;101,94;"ELO;CERELLO/EMENDA TIPO 25 10B"
31/03/2026;RTG Material Maitenance;724;921,06;"CORRENTE;CERELLO/10B-3"
31/03/2026;RTG Material Maitenance;725;91,55;"FILTRO;SEPAR;CUMMINS/FS19763"
31/03/2026;RTG Material Maitenance;725;12,63;"FLUIDO LIMP CONT;WURTH/3895653"
31/03/2026;RTG Material Maitenance;725;91,55;"FILTRO;SEPAR;CUMMINS/FS19763"
31/03/2026;RTG Material Maitenance;725;17,92;"DISCO CORTE;WURTH/0664115232"
31/03/2026;RTG Material Maitenance;725;44,54;"GAS BUTANO;VOLCANO CLIPPER"
31/03/2026;RTG Material Maitenance;726;1.526,35;"OLEO LUBRIF;MOTOR 15W40"
31/03/2026;RTG Material Maitenance;726;59,54;"FRASCO;PLAS;INCOL;CIL;250ML;C/"
31/03/2026;RTG Material Maitenance;726;228,30;"ELEMENTO FILTR;OLEO DIESEL;FLE"
31/03/2026;RTG Material Maitenance;726;264,90;"FILTRO;AG;FLEETGUARD/WF2126;DO"
31/03/2026;RTG Material Maitenance;726;45,18;"FILTRO;DO OLEO HID;P556005"
31/03/2026;RTG Material Maitenance;726;91,55;"FILTRO;SEPAR;CUMMINS/FS19763"
31/03/2026;RTG Material Maitenance;726;248,57;"FILTRO;F/R:FLEETGUARD/LF9070"
31/03/2026;RTG Material Maitenance;726;10,98;"LAMPADA LED;220/240VCA;PHILIPS"
31/03/2026;RTG Material Maitenance;726;5.647,48;"BOBINA;SB17 MX 133 – 380V"
31/03/2026;RTG Material Maitenance;726;13.031,70;"FLIPPER;YTS45;DHL/035-2024"
31/03/2026;RTG Material Maitenance;726;248,57;"FILTRO;F/R:FLEETGUARD/LF9070"
31/03/2026;RTG Material Maitenance;726;1.079,92;"DESENGRAXANTE;20L;CERTIFIED/DA"
31/03/2026;RTG Material Maitenance;726;46,12;"ADESIVO VED; INCOLOR;WURTH/089"
31/03/2026;RTG Material Maitenance;726;50,80;"TINTA;SPRAY;PRETO; ALTA TEMPER"
31/03/2026;RTG Material Maitenance;726;91,55;"FILTRO;SEPAR;CUMMINS/FS19763"
31/03/2026;RTG Material Maitenance;726;91,55;"FILTRO;SEPAR;CUMMINS/FS19763"
31/03/2026;RTG Material Maitenance;726;4.819,93;"CODIFICADOR/ENCODER;INCREMENT"
31/03/2026;RTG Material Maitenance;726;53,04;ADAPTADOR RED MACH P/VALV JUMB
31/03/2026;RTG Material Maitenance;726;181,81;"ELEMENTO FILTR;AR SEC;DONALDSO"
31/03/2026;RTG Material Maitenance;726;308,07;"FILTRO;PRIMAR;AR;DONALDSON/P78"
31/03/2026;RTG Material Maitenance;726;91,55;"FILTRO;SEPAR;CUMMINS/FS19763"
31/03/2026;RTG Material Maitenance;726;76,32;"OLEO LUBRIF;MOTOR 15W40"
31/03/2026;RTG Material Maitenance;726;91,55;"FILTRO;SEPAR;CUMMINS/FS19763"
31/03/2026;RTG Material Maitenance;726;30,72;"ANEL;VEDACAO;TURBO;CUMMINS/368"
31/03/2026;RTG Material Maitenance;726;181,81;"ELEMENTO FILTR;AR SEC;DONALDSO"
31/03/2026;RTG Material Maitenance;726;308,07;"FILTRO;PRIMAR;AR;DONALDSON/P78"
31/03/2026;RTG Material Maitenance;726;91,55;"FILTRO;SEPAR;CUMMINS/FS19763"
31/03/2026;RTG Material Maitenance;726;29.215,32;"MODULO;ELETRONICO;CONTROLE;APLICACAO:MOTOR;DIESEL;"
31/03/2026;RTG Material Maitenance;726;645,64;"SENSOR;CUMMINS/5491994"
31/03/2026;RTG Material Maitenance;726;783,07;"MANGOTE;TURBINA;APLICACAO;RTG;"
31/03/2026;RTG Material Maitenance;726;1.205,80;"SENSOR;BOSCH/4921473"
31/03/2026;RTG Material Maitenance;727;7.535,82;"CABO ACO PREFORM;IPH/26MM 8X31"
31/03/2026;RTG Material Maitenance;727;91,55;"FILTRO;SEPAR;CUMMINS/FS19763"
31/03/2026;RTG Material Maitenance;727;91,55;"FILTRO;SEPAR;CUMMINS/FS19763"
31/03/2026;RTG Material Maitenance;727;1.419,70;"VALVULA;CUMMINS/3348322"
31/03/2026;RTG Material Maitenance;727;91,55;"FILTRO;SEPAR;CUMMINS/FS19763"
31/03/2026;RTG Material Maitenance;727;640,63;"CONECTOR REDE;PROFIBUS;90 GR;1"
31/03/2026;RTG Material Maitenance;727;7.535,82;"CABO ACO PREFORM;IPH/26MM 8X31"
31/03/2026;RTG Material Maitenance;727;91,55;"FILTRO;SEPAR;CUMMINS/FS19763"
31/03/2026;RTG Material Maitenance;728;91,55;"FILTRO;SEPAR;CUMMINS/FS19763"
31/03/2026;RTG Material Maitenance;728;181,81;"ELEMENTO FILTR;AR SEC;DONALDSO"
31/03/2026;RTG Material Maitenance;728;308,07;"FILTRO;PRIMAR;AR;DONALDSON/P78"
31/03/2026;RTG Material Maitenance;728;3.630,00;"JOYSTICK;DIREITA;KALMAR;RTG-21"
31/03/2026;RTG Material Maitenance;728;2.643,64;"MOTOR PARTID;7,5KW;24VCC;DELCO"
31/03/2026;RTG Material Maitenance;728;183,10;"FILTRO;SEPAR;CUMMINS/FS19763"
31/03/2026;RTG Material Maitenance;728;2.804,17;"ALTERNADOR;MOD:33SI;24V;100A;"
31/03/2026;RTG Material Maitenance;728;91,55;"FILTRO;SEPAR;CUMMINS/FS19763"
31/03/2026;RTG Material Maitenance;728;571,57;"BOBINA;SOLENOIDE;CUMMINS/40248"
31/03/2026;RTG Material Maitenance;728;251,32;"DISCO;CUMMINS/196057"
31/03/2026;RTG Material Maitenance;728;6,63;"ESCUDO;CUMMINS/129839"
31/03/2026;RTG Material Maitenance;728;888,77;"DISCO;CUMMINS/4088274"
31/03/2026;RTG Material Maitenance;728;21,10;"OLEO DESENGRIP;AEROSSOL 300ML;"
31/03/2026;RTG Material Maitenance;728;91,55;"FILTRO;SEPAR;CUMMINS/FS19763"
31/03/2026;RTG Material Maitenance;728;21,10;"OLEO DESENGRIP;AEROSSOL 300ML;"
31/03/2026;RTG Material Maitenance;728;91,55;"FILTRO;SEPAR;CUMMINS/FS19763"
31/03/2026;RTG Material Maitenance;728;17.288,48;"JOYSTICK;DIREITA;KALMAR;RTG-21"
31/03/2026;RTG Material Maitenance;728;91,55;"FILTRO;SEPAR;CUMMINS/FS19763"
31/03/2026;RTG Material Maitenance;729;157,76;"OLEO LUBRIF;TRANS;S3 ATF-MD3"
31/03/2026;RTG Material Maitenance;730;2.641,03;"RETIFICADOR;F/R:KALMAR/J015089"
31/03/2026;RTG Material Maitenance;730;533,06;"BOTOEIRA MONT;1 BOT;SIEMENS/3S"
31/03/2026;RTG Material Maitenance;730;167,89;"TOALHA IND;BR;KIMBERLY CLARK/W"
31/03/2026;RTG Material Maitenance;730;1.526,35;"OLEO LUBRIF;MOTOR 15W40"
31/03/2026;RTG Material Maitenance;730;59,54;"FRASCO;PLAS;INCOL;CIL;250ML;C/"
31/03/2026;RTG Material Maitenance;730;248,57;"FILTRO;F/R:FLEETGUARD/LF9070"
31/03/2026;RTG Material Maitenance;730;264,90;"FILTRO;AG;FLEETGUARD/WF2126;DO"
31/03/2026;RTG Material Maitenance;730;45,18;"FILTRO;DO OLEO HID;P556005"
31/03/2026;RTG Material Maitenance;730;228,30;"ELEMENTO FILTR;OLEO DIESEL;FLE"
31/03/2026;RTG Material Maitenance;730;91,55;"FILTRO;SEPAR;CUMMINS/FS19763"
31/03/2026;RTG Material Maitenance;730;39,86;"LONA PLAST PROT;PT;PVC;8X100M;"
31/03/2026;RTG Material Maitenance;730;37,88;"FLUIDO LIMP CONT;WURTH/3895653"
31/03/2026;RTG Material Maitenance;730;152,91;"ELO;CERELLO/EMENDA TIPO 25 10B"
31/03/2026;RTG Material Maitenance;730;921,06;"CORRENTE;CERELLO/10B-3"
31/03/2026;RTG Material Maitenance;730;7.535,82;"CABO ACO PREFORM;IPH/26MM 8X31"
31/03/2026;RTG Material Maitenance;730;91,55;"FILTRO;SEPAR;CUMMINS/FS19763"
31/03/2026;RTG Material Maitenance;730;91,55;"FILTRO;SEPAR;CUMMINS/FS19763"
31/03/2026;RTG Material Maitenance;730;162,44;"ARAME SOLD ESTANH;SN 63PCT/PB"
31/03/2026;RTG Material Maitenance;731;228,95;"OLEO LUBRIF;MOTOR 15W40"
31/03/2026;RTG Material Maitenance;731;1.001,26;"ELEMENTO;FILTRANTE;FS53015"
31/03/2026;RTG Material Maitenance;731;38,03;"LIMPADOR SUPERF;LAVAGEM A SECO"
31/03/2026;RTG Material Maitenance;731;77,92;"ANEL O;573X9,80MM;BORR NT;80 S"
31/03/2026;RTG Material Maitenance;731;1.881,18;"BATERIA AUTO;SELAD;12V;180A"
31/03/2026;RTG Material Maitenance;731;519,00;"BATERIA;CHUMBO;12V;70AH;175X175X282MM;POLO;DIREITO"
31/03/2026;RTG Material Maitenance;731;42,17;"TERMINAL P/BATERIA; APERTO; PO"
31/03/2026;RTG Material Maitenance;731;41,83;"TERMINAL P/BAT;APERT;NEG;LAT;C"
31/03/2026;RTG Material Maitenance;731;1.755,30;"OLEO LUBRIF;MOTOR 15W40"
31/03/2026;RTG Material Maitenance;731;59,54;"FRASCO;PLAS;INCOL;CIL;250ML;C/"
31/03/2026;RTG Material Maitenance;731;777,72;"FILTRO;OLEO MOTOR LF14000NN"
31/03/2026;RTG Material Maitenance;731;48,32;"FILTRO;AG;ROSC;FLEETGUARD/WF21"
31/03/2026;RTG Material Maitenance;731;57,45;"FILTRO;ENC;PARKER/2020PMOR30M"
31/03/2026;RTG Material Maitenance;731;1.001,26;"ELEMENTO;FILTRANTE;FS53015"
31/03/2026;RTG Material Maitenance;731;1.595,68;"FILTRO;COMBUSTIVEL;FF5782NN"
31/03/2026;RTG Material Maitenance;732;1.001,26;"ELEMENTO;FILTRANTE;FS53015"
31/03/2026;RTG Material Maitenance;732;2.373,11;"MODULO;RETIFICADOR;FREIO;GIRO;"
31/03/2026;RTG Material Maitenance;732;2.373,11;"MODULO;RETIFICADOR;FREIO;GIRO;"
31/03/2026;RTG Material Maitenance;732;1.983,27;"GRAXA;OLEO MINER;ROCOL/RDOFFSH"
31/03/2026;RTG Material Maitenance;732;1.755,30;"OLEO LUBRIF;MOTOR 15W40"
31/03/2026;RTG Material Maitenance;732;59,54;"FRASCO;PLAS;INCOL;CIL;250ML;C/"
31/03/2026;RTG Material Maitenance;732;777,72;"FILTRO;OLEO MOTOR LF14000NN"
31/03/2026;RTG Material Maitenance;732;48,32;"FILTRO;AG;ROSC;FLEETGUARD/WF21"
31/03/2026;RTG Material Maitenance;732;1.001,26;"ELEMENTO;FILTRANTE;FS53015"
31/03/2026;RTG Material Maitenance;732;1.595,68;"FILTRO;COMBUSTIVEL;FF5782NN"
31/03/2026;RTG Material Maitenance;732;16,70;"PILHA;(AA);CONJUNTO 2 UNIDADES"
31/03/2026;RTG Material Maitenance;732;64,14;"LIMPADOR SUPERF;VIDR;LIQ;FR 50"
31/03/2026;RTG Material Maitenance;732;67,41;"LIMPADOR SUPERF;MULTI-USO;AZULIM;500ML"
31/03/2026;RTG Material Maitenance;732;590,58;"OLEO LUBRIFICANTE;P/ ENGRENAGE"
31/03/2026;RTG Material Maitenance;732;2.839,98;"OLEO LUBRIFICANTE;P/ COMANDO F"
31/03/2026;RTG Material Maitenance;733;6.029,43;PNEU RECAPADO 1600X25 E3/L3 32
31/03/2026;RTG Material Maitenance;733;1.755,30;"OLEO LUBRIF;MOTOR 15W40"
31/03/2026;RTG Material Maitenance;733;59,54;"FRASCO;PLAS;INCOL;CIL;250ML;C/"
31/03/2026;RTG Material Maitenance;733;777,72;"FILTRO;OLEO MOTOR LF14000NN"
31/03/2026;RTG Material Maitenance;733;48,32;"FILTRO;AG;ROSC;FLEETGUARD/WF21"
31/03/2026;RTG Material Maitenance;733;1.001,26;"ELEMENTO;FILTRANTE;FS53015"
31/03/2026;RTG Material Maitenance;733;1.595,68;"FILTRO;COMBUSTIVEL;FF5782NN"
31/03/2026;RTG Material Maitenance;733;388,86;"FILTRO;OLEO MOTOR LF14000NN"
31/03/2026;RTG Material Maitenance;733;1.496,17;"DESENGRAXANTE;50L;HEPTA CLEAN"
31/03/2026;RTG Material Maitenance;733;64,14;"LIMPADOR SUPERF;VIDR;LIQ;FR 50"
31/03/2026;RTG Material Maitenance;734;1.001,26;"ELEMENTO;FILTRANTE;FS53015"
31/03/2026;RTG Material Maitenance;734;1.555,33;"SENSOR; F/R:IFM/IIT212"
31/03/2026;RTG Material Maitenance;734;1.755,30;"OLEO LUBRIF;MOTOR 15W40"
31/03/2026;RTG Material Maitenance;734;59,54;"FRASCO;PLAS;INCOL;CIL;250ML;C/"
31/03/2026;RTG Material Maitenance;734;777,72;"FILTRO;OLEO MOTOR LF14000NN"
31/03/2026;RTG Material Maitenance;734;48,32;"FILTRO;AG;ROSC;FLEETGUARD/WF21"
31/03/2026;RTG Material Maitenance;734;1.001,26;"ELEMENTO;FILTRANTE;FS53015"
31/03/2026;RTG Material Maitenance;734;1.595,68;"FILTRO;COMBUSTIVEL;FF5782NN"
31/03/2026;RTG Material Maitenance;734;62,61;"FITA ADES DU FACE;ESP ACRIL;LI"
31/03/2026;RTG Material Maitenance;734;1.331,13;"DESENGRAXANTE;DIELETRICO;WURTH"
31/03/2026;RTG Material Maitenance;735;311,69;"ANEL O;573X9,80MM;BORR NT;80 S"
31/03/2026;RTG Material Maitenance;735;940,59;"BATERIA AUTO;SELAD;12V;180A"
31/03/2026;RTG Material Maitenance;735;14,06;"TERMINAL P/BATERIA; APERTO; PO"
31/03/2026;RTG Material Maitenance;735;13,94;"TERMINAL P/BAT;APERT;NEG;LAT;C"
31/03/2026;RTG Material Maitenance;735;1.001,26;"ELEMENTO;FILTRANTE;FS53015"
31/03/2026;RTG Material Maitenance;736;27,47;"BARRA ROSC AC INOX;AISI 304;M8"
31/03/2026;RTG Material Maitenance;736;13,22;"BARRA ROSC AC INOX;AISI 304;M6"
31/03/2026;RTG Material Maitenance;736;1.755,30;"OLEO LUBRIF;MOTOR 15W40"
31/03/2026;RTG Material Maitenance;736;59,54;"FRASCO;PLAS;INCOL;CIL;250ML;C/"
31/03/2026;RTG Material Maitenance;736;777,72;"FILTRO;OLEO MOTOR LF14000NN"
31/03/2026;RTG Material Maitenance;736;48,32;"FILTRO;AG;ROSC;FLEETGUARD/WF21"
31/03/2026;RTG Material Maitenance;736;1.001,26;"ELEMENTO;FILTRANTE;FS53015"
31/03/2026;RTG Material Maitenance;736;1.595,68;"FILTRO;COMBUSTIVEL;FF5782NN"
31/03/2026;RTG Material Maitenance;736;1.983,27;"GRAXA;OLEO MINER;ROCOL/RDOFFSH"
31/03/2026;RTG Material Maitenance;737;1.755,30;"OLEO LUBRIF;MOTOR 15W40"
31/03/2026;RTG Material Maitenance;737;1.046,00;"ADITIVO;P/ RADIADOR;COR:AZUL"
31/03/2026;RTG Material Maitenance;737;59,54;"FRASCO;PLAS;INCOL;CIL;250ML;C/"
31/03/2026;RTG Material Maitenance;737;777,72;"FILTRO;OLEO MOTOR LF14000NN"
31/03/2026;RTG Material Maitenance;737;48,32;"FILTRO;AG;ROSC;FLEETGUARD/WF21"
31/03/2026;RTG Material Maitenance;737;1.001,26;"ELEMENTO;FILTRANTE;FS53015"
31/03/2026;RTG Material Maitenance;737;1.595,68;"FILTRO;COMBUSTIVEL;FF5782NN"
31/03/2026;RTG Material Maitenance;737;2.613,61;"KIT;ELEMENTOS;FLEETGUARD AA296"
31/03/2026;RTG Material Maitenance;737;1.872,63;"LUMINARIA;ESTRUTURA;LED;PHILIP"
31/03/2026;RTG Material Maitenance;737;155,84;"ANEL O;573X9,80MM;BORR NT;80 S"
31/03/2026;RTG Material Maitenance;738;1.755,30;"OLEO LUBRIF;MOTOR 15W40"
31/03/2026;RTG Material Maitenance;738;59,54;"FRASCO;PLAS;INCOL;CIL;250ML;C/"
31/03/2026;RTG Material Maitenance;738;777,72;"FILTRO;OLEO MOTOR LF14000NN"
31/03/2026;RTG Material Maitenance;738;48,32;"FILTRO;AG;ROSC;FLEETGUARD/WF21"
31/03/2026;RTG Material Maitenance;738;1.001,26;"ELEMENTO;FILTRANTE;FS53015"
31/03/2026;RTG Material Maitenance;738;1.595,68;"FILTRO;COMBUSTIVEL;FF5782NN"
31/03/2026;RTG Material Maitenance;738;1.983,27;"GRAXA;OLEO MINER;ROCOL/RDOFFSH"
31/03/2026;RTG Material Maitenance;738;1.079,92;"DESENGRAXANTE;20L;CERTIFIED/DA"
31/03/2026;RTG Material Maitenance;738;1.331,13;"DESENGRAXANTE;DIELETRICO;WURTH"
31/03/2026;RTG Material Maitenance;738;13.889,31;"FILTRO;GERADOR;STAMFORD;APLICA"
31/03/2026;RTG Material Maitenance;738;1.881,18;"BATERIA AUTO;SELAD;12V;180A"
31/03/2026;RTG Material Maitenance;738;3.868,49;"GRAXA;COMP LIT;GADUS-S3-V220C2"
31/03/2026;RTG Material Maitenance;738;100,23;"SPRAY;DETECTOR;VAZAMENTO;BUBBL"
31/03/2026;RTG Material Maitenance;738;165,49;"DESENGRAXANTE;UNIVERSAL;ECO-W;"
31/03/2026;RTG Material Maitenance;738;18.999,33;"CABO;ACO;26MM;8X31WS;39,5;MTS;TORCAO:LD;RTG;ZPMC"
31/03/2026;RTG Material Maitenance;738;5.117,20;"CABO;ACO;26MM;8X31WS;42;MTS;TORCAO:LD;RTG;ZPMC"
31/03/2026;RTG Material Maitenance;738;38,09;"GRAMPO P/CAB AC;LEV;1 1/4POL;S"
31/03/2026;RTG Material Maitenance;738;1.542,75;"PINO;MUNHAO;CABO;ACO;APLICACAO"
31/03/2026;RTG Material Maitenance;738;762,30;"PORCA;MUNHAO;CABO;ACO;APLICACA"
31/03/2026;RTG Material Maitenance;738;1.001,26;"ELEMENTO;FILTRANTE;FS53015"
31/03/2026;RTG Material Maitenance;738;155,84;"ANEL O;573X9,80MM;BORR NT;80 S"
31/03/2026;RTG Material Maitenance;739;1.001,26;"ELEMENTO;FILTRANTE;FS53015"
31/03/2026;RTG Material Maitenance;739;1.474,75;"DISTRIBUIDOR;PROFINET;SIEMENS/"
31/03/2026;RTG Material Maitenance;740;519,00;"BATERIA;CHUMBO;12V;70AH;175X175X282MM;POLO;DIREITO"
31/03/2026;RTG Material Maitenance;740;84,33;"TERMINAL P/BATERIA; APERTO; PO"
31/03/2026;RTG Material Maitenance;740;519,00;"BATERIA;CHUMBO;12V;70AH;175X175X282MM;POLO;DIREITO"
31/03/2026;RTG Material Maitenance;740;1.001,26;"ELEMENTO;FILTRANTE;FS53015"
31/03/2026;RTG Material Maitenance;741;41,61;"BUZINA;ELET 24VCC;S/CORNETA;BO"
31/03/2026;RTG Material Maitenance;741;1.001,26;"ELEMENTO;FILTRANTE;FS53015"
31/03/2026;RTG Material Maitenance;741;1.001,26;"ELEMENTO;FILTRANTE;FS53015"
31/03/2026;RTG Material Maitenance;741;777,66;"SENSOR; F/R:IFM/IIT212"
31/03/2026;RTG Material Maitenance;741;50,26;"BUZINA;ELET 12V;S/CORNETA;BOSC"
31/03/2026;RTG Material Maitenance;741;299,48;"BLOCO;CONTATO;HEAD;SCHNEIDER/X"
31/03/2026;RTG Material Maitenance;741;77,92;"ANEL O;573X9,80MM;BORR NT;80 S"
31/03/2026;RTG Material Maitenance;741;1.755,30;"OLEO LUBRIF;MOTOR 15W40"
31/03/2026;RTG Material Maitenance;741;1.046,00;"ADITIVO;P/ RADIADOR;COR:AZUL"
31/03/2026;RTG Material Maitenance;741;59,54;"FRASCO;PLAS;INCOL;CIL;250ML;C/"
31/03/2026;RTG Material Maitenance;741;777,72;"FILTRO;OLEO MOTOR LF14000NN"
31/03/2026;RTG Material Maitenance;741;48,32;"FILTRO;AG;ROSC;FLEETGUARD/WF21"
31/03/2026;RTG Material Maitenance;741;1.001,26;"ELEMENTO;FILTRANTE;FS53015"
31/03/2026;RTG Material Maitenance;741;1.595,68;"FILTRO;COMBUSTIVEL;FF5782NN"
31/03/2026;RTG Material Maitenance;741;2.613,61;"KIT;ELEMENTOS;FLEETGUARD AA296"
31/03/2026;RTG Material Maitenance;741;25,40;"TINTA;SPRAY;PRETO; ALTA TEMPER"
31/03/2026;RTG Material Maitenance;741;25,40;"TINTA;SPRAY;PRETO; ALTA TEMPER"
31/03/2026;RTG Material Maitenance;741;1.079,92;"DESENGRAXANTE;20L;CERTIFIED/DA"
31/03/2026;RTG Material Maitenance;741;112,11;"VASELINA;SOLID;LAT 1KG"
31/03/2026;RTG Material Maitenance;741;1.331,13;"DESENGRAXANTE;DIELETRICO;WURTH"
31/03/2026;RTG Material Maitenance;741;13.889,31;"FILTRO;GERADOR;STAMFORD;APLICA"
31/03/2026;RTG Material Maitenance;741;27,18;"PARAFUSO;ALLEN;M6X80MM;PASSO:1"
31/03/2026;RTG Material Maitenance;741;1.983,27;"GRAXA;OLEO MINER;ROCOL/RDOFFSH"
31/03/2026;RTG Material Maitenance;741;23,51;"ESPATULA;LISA;METAL;VONDER"
31/03/2026;RTG Material Maitenance;741;16,65;"ESTILETE;RETRAT;LARG;AZ/AM;ABS"
31/03/2026;RTG Material Maitenance;F316;155,84;"ANEL O;573X9,80MM;BORR NT;80 S"
31/03/2026;RTG Material Maitenance;F316;134,76;"DISCO DESBAST;OXID ALU; WURTH/"
31/03/2026;RTG Material Maitenance;F316;149,83;"DISCO FLAP;115X22MM;WURTH"
31/03/2026;RTG Material Maitenance;F316;25,60;ACENDEDOR MACARICO
31/03/2026;RTG Material Maitenance;F316;1.712,75;"BICO DE CORTE;SÉRIE 1502;ACETILENO Nº 12;F/R:CARBO"
31/03/2026;RTG Material Maitenance;F316;35,85;"DISCO CORTE;WURTH/0664115232"
31/03/2026;RTG Material Maitenance;F316;89,84;"DISCO DESBAST;OXID ALU; WURTH/"
31/03/2026;RTG Material Maitenance;F316;99,89;"DISCO FLAP;115X22MM;WURTH"
01/04/2026;RTG Maintenance Services;;-9.600,00;
01/04/2026;RTG Material Maitenance;;2.675,89;
01/04/2026;RTG Material Maitenance;;23.312,57;
01/04/2026;RTG Material Maitenance;;8.501,19;
02/04/2026;RTG Maintenance Services;;2.400,00;
02/04/2026;RTG Maintenance Services;;7.200,00;
02/04/2026;RTG Maintenance Services;;3.109,89;
07/04/2026;RTG Material Maitenance;714;525,53;
09/04/2026;RTG Maintenance Services;;7.185,00;
13/04/2026;RTG Material Maitenance;;7.545,00;
13/04/2026;RTG Material Maitenance;;4.092,00;
15/04/2026;RTG Material Maitenance;722;92,50;
17/04/2026;RTG Maintenance Services;;4.500,00;
28/04/2026;RTG Maintenance Services;;9.372,60;
28/04/2026;RTG Maintenance Services;;5.800,00;
28/04/2026;RTG Maintenance Services;;2.000,00;
28/04/2026;RTG Maintenance Services;;360,00;
28/04/2026;RTG Maintenance Services;;4.000,00;
29/04/2026;RTG Maintenance Services;;160,00;
29/04/2026;RTG Maintenance Services;;580,00;
29/04/2026;RTG Maintenance Services;;2.000,00;
29/04/2026;RTG Maintenance Services;;1.000,00;
29/04/2026;RTG Maintenance Services;;3.000,00;
29/04/2026;RTG Maintenance Services;;800,00;
29/04/2026;RTG Maintenance Services;;5.860,00;
29/04/2026;RTG Maintenance Services;;1.800,00;
29/04/2026;RTG Maintenance Services;;4.500,00;
29/04/2026;RTG Material Maitenance;;3.620,00;
29/04/2026;RTG Material Maitenance;;2.085,00;
30/04/2026;RTG Material Maitenance;701;791,76;"SENSOR PROX INDUT;20MM;RET;SEN"
30/04/2026;RTG Material Maitenance;701;3.782,37;"CODIFICADOR;INCR;BID;LEINE E L"
30/04/2026;RTG Material Maitenance;701;353,15;"CHAVE FIM CURS;ACE SCHMERSAL/T"
30/04/2026;RTG Material Maitenance;701;82,42;"PRENSA CABO;PHOENIX/1415125"
30/04/2026;RTG Material Maitenance;701;531,44;"ESCADA;AL;13 DEGR;4M;LARG;46CM"
30/04/2026;RTG Material Maitenance;702;-790,90;"TINTA;AZUL;RAL5002;PU;JOTUN"
30/04/2026;RTG Material Maitenance;702;790,90;"TINTA;AZUL;RAL5002;PU;JOTUN"
30/04/2026;RTG Material Maitenance;702;12,54;"FITA ADES CREP;BR;19MM;50M"
30/04/2026;RTG Material Maitenance;702;21,92;"TINTA;SPRAY;PRETO; ALTA TEMPER"
30/04/2026;RTG Material Maitenance;702;8.559,27;"CODIFICADOR;ABSOLUTO;RSA 698;U"
30/04/2026;RTG Material Maitenance;702;2.707,38;"PROTECAO;BOOGIE;KONECRANES/KM3"
30/04/2026;RTG Material Maitenance;702;2.296,92;"CABO P/ENCOD;HEIDENHAIN;8M;323"
30/04/2026;RTG Material Maitenance;703;50,87;"ROLAMENTO;NSK/6202 DDU"
30/04/2026;RTG Material Maitenance;703;20,20;"TINTA;PRATA;SPR 200ML;MUNDIAL"
30/04/2026;RTG Material Maitenance;703;4,49;"FITA ADES PP;TRANS;48MM;ADELBR"
30/04/2026;RTG Material Maitenance;703;3.928,81;"CABO ACO PREFORM;IPH/16MM6X41W"
30/04/2026;RTG Material Maitenance;703;3.721,60;"CABO ACO PREFORM;IPH/16MM6X41W"
30/04/2026;RTG Material Maitenance;703;9.028,54;"CABO ACO PREFORM;IPH/26MM6X41W"
30/04/2026;RTG Material Maitenance;703;8.995,35;"CABO ACO PREFORM;IPH/26MM6X41W"
30/04/2026;RTG Material Maitenance;703;10.361,80;"BOBINA;COMPLETA;P/FREIO;GANTRY"
30/04/2026;RTG Material Maitenance;703;2.895,33;"MODULO;RETIFICADOR;RGM100"
30/04/2026;RTG Material Maitenance;703;19,81;"CABO;ALU;AZ;1400MM;C/ROSCA"
30/04/2026;RTG Material Maitenance;703;56,17;"ESPUMA;PU;MONOCOMP;ESPUMAPOLIU"
30/04/2026;RTG Material Maitenance;704;91,52;"FILTRO;SEPAR;CUMMINS/FS19763"
30/04/2026;RTG Material Maitenance;704;211,16;"TAMPA;CUMMINS/107981"
30/04/2026;RTG Material Maitenance;704;167,89;"TOALHA IND;BR;KIMBERLY CLARK/W"
30/04/2026;RTG Material Maitenance;704;3,18;"SACO LIX;PVC;100L;EMBAL C/100"
30/04/2026;RTG Material Maitenance;704;28,09;"LIMPADOR SUPERF;MULTI-USO;AZULIM;500ML"
30/04/2026;RTG Material Maitenance;704;167,89;"TOALHA IND;BR;KIMBERLY CLARK/W"
30/04/2026;RTG Material Maitenance;704;16,25;"QUEROSENE;FR 1L"
30/04/2026;RTG Material Maitenance;704;80.120,67;"MOTOR;KONECRANES/30365394"
30/04/2026;RTG Material Maitenance;704;3,56;"JUNTA;CUMMINS/3202117"
30/04/2026;RTG Material Maitenance;704;878,46;"COXIM;MOTOR;DIESEL;NTA855;VIBR"
30/04/2026;RTG Material Maitenance;704;117,54;BRACO ESTICADOR/HASTE DE AJUST
30/04/2026;RTG Material Maitenance;704;91,52;"FILTRO;SEPAR;CUMMINS/FS19763"
30/04/2026;RTG Material Maitenance;704;7.031,31;RADIADOR DE AGUA GEIGER COD. R
30/04/2026;RTG Material Maitenance;704;167,89;"TOALHA IND;BR;KIMBERLY CLARK/W"
30/04/2026;RTG Material Maitenance;704;376,90;"ELEMENTO FILTR;AR;FLEETGUARD/A"
30/04/2026;RTG Material Maitenance;704;880,49;"ELETROVALVULA;VIGIA/X1101-A010"
30/04/2026;RTG Material Maitenance;704;380,00;"MICROTECLADO;VIGIA/X1120A1328"
30/04/2026;RTG Material Maitenance;704;1.023,91;"SOLENOIDE;NF;VIGIA/X1111A90891"
30/04/2026;RTG Material Maitenance;704;149,97;"CABO COBRE FLEXIVEL;CLASSE 5;4"
30/04/2026;RTG Material Maitenance;704;28,11;"TERMINAL P/BATERIA; APERTO; PO"
30/04/2026;RTG Material Maitenance;704;27,89;"TERMINAL P/BAT;APERT;NEG;LAT;C"
30/04/2026;RTG Material Maitenance;704;273,16;"PROTECAO;CONECTOR;BATERIA;PAR"
30/04/2026;RTG Material Maitenance;704;3,34;"TUBO ESP P/AMARR;1/2POL;TRAMON"
30/04/2026;RTG Material Maitenance;704;11,39;"TUBO ESP P/AMARR;3/4POL;TRAMON"
30/04/2026;RTG Material Maitenance;704;121,63;"CONECTOR;SENSOR;TEMP;CUMMINS/3"
30/04/2026;RTG Material Maitenance;704;930,67;"CHICOTE;ELETRICO;E3232E-010201"
30/04/2026;RTG Material Maitenance;704;102,50;"TUBO ESP P/AMARR;3/4POL;TRAMON"
30/04/2026;RTG Material Maitenance;704;30,05;"TUBO ESP P/AMARR;1/2POL;TRAMON"
30/04/2026;RTG Material Maitenance;704;33,65;"CADEADO;LAT MACIC;25MM;S/INVOL"
30/04/2026;RTG Material Maitenance;704;780,02;"SENSOR;BIDUK/I7CF-M3016A-OEL4"
30/04/2026;RTG Material Maitenance;704;780,02;"SENSOR;BIDUK/I7CF-M3016A-OEL4"
30/04/2026;RTG Material Maitenance;704;5.445,00;"RESISTENCIA;120W;GINO AG/63463"
30/04/2026;RTG Material Maitenance;704;6.490,55;"BOMBA HIDR PIST;AX;A10V045DFLR"
30/04/2026;RTG Material Maitenance;704;1.134,38;"CONTATOR;SIEMENS/3RT1034-1B"
30/04/2026;RTG Material Maitenance;704;91,52;"FILTRO;SEPAR;CUMMINS/FS19763"
30/04/2026;RTG Material Maitenance;704;276,86;"ACOPLAMENTO FLEX;ALU;28-38MM;6"
30/04/2026;RTG Material Maitenance;704;731,26;"REGULADOR TENS;ENCAPSULADO;GRAMEYER/RT7-TH4 E 5A-A"
30/04/2026;RTG Material Maitenance;704;214,53;"RELE AUX ENC;PIN;230VCA;RELECO"
30/04/2026;RTG Material Maitenance;704;326,98;"BASE RELE;SOQ;RELECO/S10M"
30/04/2026;RTG Material Maitenance;704;91,52;"FILTRO;SEPAR;CUMMINS/FS19763"
30/04/2026;RTG Material Maitenance;704;6.308,05;"MODULO ELET POTENC;SIEMENS/6SL"
30/04/2026;RTG Material Maitenance;704;127,95;"FUSIVEL NH000; 25 A; 500 V; RU"
30/04/2026;RTG Material Maitenance;704;2.603,56;"MOTOR;ARRANQUE;TENSAO;24V;MODE"
30/04/2026;RTG Material Maitenance;705;17.424,00;"MODULO INTRF H MAQ;SIEMENS/6AV"
30/04/2026;RTG Material Maitenance;705;3.782,37;"CODIFICADOR;INCR;BID;LEINE E L"
30/04/2026;RTG Material Maitenance;705;91,52;"FILTRO;SEPAR;CUMMINS/FS19763"
30/04/2026;RTG Material Maitenance;705;91,52;"FILTRO;SEPAR;CUMMINS/FS19763"
30/04/2026;RTG Material Maitenance;705;3.567,36;MOTOR ARRANQUE TR KONE 01 A 06
30/04/2026;RTG Material Maitenance;705;371,45;"BLOCO TERMIN;SIEMENS S7-300;6E"
30/04/2026;RTG Material Maitenance;705;413,96;"CABO;FLAT;CONECTOR;16X0.14MM2;"
30/04/2026;RTG Material Maitenance;705;91,52;"FILTRO;SEPAR;CUMMINS/FS19763"
30/04/2026;RTG Material Maitenance;705;526,14;"OLEO;HIDIDRAULICO;HVLP 68"
30/04/2026;RTG Material Maitenance;705;116,91;"FRASCO;PLAS;INCOL;CIL;250ML;C/"
30/04/2026;RTG Material Maitenance;705;1.983,27;"GRAXA;OLEO MINER;ROCOL/RDOFFSH"
30/04/2026;RTG Material Maitenance;705;41,61;"BUZINA;ELET 24VCC;S/CORNETA;BO"
30/04/2026;RTG Material Maitenance;705;37,59;"FITA ISOL ELETR;69KV;3M/H00021"
30/04/2026;RTG Material Maitenance;705;136,58;"PROTECAO;CONECTOR;BATERIA;PAR"
30/04/2026;RTG Material Maitenance;705;49,90;"FITA ISOL ELETR;750V;ADES;PVC;"
30/04/2026;RTG Material Maitenance;705;51,75;"GRAXA;NAUTICA;LIT;INGRAX/UNILI"
30/04/2026;RTG Material Maitenance;705;511,74;"DESENGRAXANTE;DIELETRICO;WURTH"
30/04/2026;RTG Material Maitenance;705;1.079,92;"DESENGRAXANTE;20L;CERTIFIED/DA"
30/04/2026;RTG Material Maitenance;705;33,93;"CABECOTE BOT COM ILUM;RED;VD;S"
30/04/2026;RTG Material Maitenance;705;30,36;"CABECOTE BOT COM ILUM;RED;VM;S"
30/04/2026;RTG Material Maitenance;705;253,62;"OLEO LUBRIFICANTE;P/ ENGRENAGE"
30/04/2026;RTG Material Maitenance;705;3.059,10;"FILTRO DUPLO; F/R:77656002"
30/04/2026;RTG Material Maitenance;706;91,52;"FILTRO;SEPAR;CUMMINS/FS19763"
30/04/2026;RTG Material Maitenance;706;2.226,92;ALTERNADOR 24V TRs 01 A 07 (Re
30/04/2026;RTG Material Maitenance;706;998,25;"MODULO;KONE/V0003740"
30/04/2026;RTG Material Maitenance;706;91,52;"FILTRO;SEPAR;CUMMINS/FS19763"
30/04/2026;RTG Material Maitenance;706;3.782,37;"CODIFICADOR;INCR;BID;LEINE E L"
30/04/2026;RTG Material Maitenance;706;8.526,78;"MOTOR;ELETRICO;KONECRANES/V001"
30/04/2026;RTG Material Maitenance;706;419,76;"MANIFOLD;EOS/VMG-2-R410A-B"
30/04/2026;RTG Material Maitenance;708;82,90;
30/04/2026;RTG Material Maitenance;709;2.475,53;"MOTOR PARTID;7,5KW;24VCC;DELCO"
30/04/2026;RTG Material Maitenance;709;199,78;"DISCO FLAP;115X22MM;WURTH"
30/04/2026;RTG Material Maitenance;709;181,14;"DISCO DESBAST;OXID ALU; WURTH/"
30/04/2026;RTG Material Maitenance;709;203,25;"DISCO CORTE;WURTH/0664115232"
30/04/2026;RTG Material Maitenance;709;22.341,13;"SAPATA FREIO;KALMAR/807605416;"
30/04/2026;RTG Material Maitenance;709;120,13;"TUBO;FADO/F7710"
30/04/2026;RTG Material Maitenance;709;22,05;"PLUGUE;MACHO;P/TOMADA;20A;250V"
30/04/2026;RTG Material Maitenance;709;16,01;"PROLONGADOR;20A;250V;FAME/1728"
30/04/2026;RTG Material Maitenance;709;17,20;"ADESIVO VED; INCOLOR;WURTH/089"
30/04/2026;RTG Material Maitenance;709;261,47;"ALMOFADA;TERBERG/T24095192"
30/04/2026;RTG Material Maitenance;709;167,89;"TUBO;FLEXIVEL;ESCAPAMENTO;CT;T"
30/04/2026;RTG Material Maitenance;709;18.958,71;"SILENCIOSO;KALMAR/N0901100H"
30/04/2026;RTG Material Maitenance;709;19.009,07;"TURBOCOMPRESSOR;HX82;APLICACAO"
30/04/2026;RTG Material Maitenance;709;461,43;"MICRO FEEDBACK;SIEMENS/3SE5122"
30/04/2026;RTG Material Maitenance;710;-550,86;"VALVULA HIDR DIREC;EATON/DG4V3"
30/04/2026;RTG Material Maitenance;710;550,86;"VALVULA HIDR DIREC;EATON/DG4V3"
30/04/2026;RTG Material Maitenance;710;935,88;"VALVULA HIDR DIREC;EATON/DG4V3"
30/04/2026;RTG Material Maitenance;710;822,27;"ACOPLAMENTO FLEX;ELAST;68MM;KT"
30/04/2026;RTG Material Maitenance;710;3.236,51;"DISPOSITIVO;ABERTURA;BUBENZER/"
30/04/2026;RTG Material Maitenance;710;91,52;"FILTRO;SEPAR;CUMMINS/FS19763"
30/04/2026;RTG Material Maitenance;710;22.341,13;"SAPATA FREIO;KALMAR/807605416;"
30/04/2026;RTG Material Maitenance;710;287,95;"ANTENA;CAMERA;MONITOR;APLICACA"
30/04/2026;RTG Material Maitenance;710;152,64;"OLEO LUBRIF;MOTOR 15W40"
30/04/2026;RTG Material Maitenance;710;270,08;"CONTATOR TRIP;12A;220VCA;SCHNE"
30/04/2026;RTG Material Maitenance;710;74,03;BLOCO CONTATO AUXILIAR LADN22
30/04/2026;RTG Material Maitenance;710;148,20;"RELE TEMP;24VCA/VCC;SIEMENS/7P"
30/04/2026;RTG Material Maitenance;710;12,57;"DISJUNTOR TERM;MONO;10A;SCHNEI"
30/04/2026;RTG Material Maitenance;710;83,23;"BUZINA;ELET 24VCC;S/CORNETA;BO"
30/04/2026;RTG Material Maitenance;710;49,90;"FITA ISOL ELETR;750V;ADES;PVC;"
30/04/2026;RTG Material Maitenance;710;71,99;"ISOLANTE LIQ;EPOXI;PT;LAT 200M"
30/04/2026;RTG Material Maitenance;710;93,68;"LUBRIFICANTE;MOLYGRAFIT/ACAERO"
30/04/2026;RTG Material Maitenance;710;1.526,36;"OLEO LUBRIF;MOTOR 15W40"
30/04/2026;RTG Material Maitenance;710;1.046,53;"ADITIVO;P/ RADIADOR;COR:AZUL"
30/04/2026;RTG Material Maitenance;710;2.231,42;"TENSIONADOR;CUMMINS/3691282"
30/04/2026;RTG Material Maitenance;710;91,52;"FILTRO;SEPAR;CUMMINS/FS19763"
30/04/2026;RTG Material Maitenance;710;58,45;"FRASCO;PLAS;INCOL;CIL;250ML;C/"
30/04/2026;RTG Material Maitenance;710;265,30;"FILTRO;AG;FLEETGUARD/WF2126;DO"
30/04/2026;RTG Material Maitenance;710;232,35;"ELEMENTO;FILTRO;RESPIRO;TANQUE"
30/04/2026;RTG Material Maitenance;710;1.033,68;"FILTRO;DIESEL;CUMMINS/FF63010"
30/04/2026;RTG Material Maitenance;710;249,18;"FILTRO;F/R:FLEETGUARD/LF9070"
30/04/2026;RTG Material Maitenance;710;548,36;"FILTRO;AR;CUMMINS/AF25708M"
30/04/2026;RTG Material Maitenance;710;64,14;"LIMPADOR SUPERF;VIDR;LIQ;FR 50"
30/04/2026;RTG Material Maitenance;710;91,52;"FILTRO;SEPAR;CUMMINS/FS19763"
30/04/2026;RTG Material Maitenance;710;167,89;"TOALHA IND;BR;KIMBERLY CLARK/W"
30/04/2026;RTG Material Maitenance;711;74,23;"GRAMPO P/CAB AC;LEV;1POL;SAE 1"
30/04/2026;RTG Material Maitenance;711;4.514,27;"CABO ACO PREFORM;IPH/26MM6X41W"
30/04/2026;RTG Material Maitenance;711;7.457,17;"BOBINA;KONECRANES/60/891.080.1"
30/04/2026;RTG Material Maitenance;711;18,02;PILHA(AAA) CONJUNTO 2 UNIDADES
30/04/2026;RTG Material Maitenance;711;2.895,33;"MODULO;RETIFICADOR;RGM100"
30/04/2026;RTG Material Maitenance;711;11.185,75;"BOBINA;KONECRANES/60/891.080.1"
30/04/2026;RTG Material Maitenance;711;27,83;"ANEL;ELASTICO;FURO;32MM;DOBER"
30/04/2026;RTG Material Maitenance;711;3.338,56;"ENGRENAGEM;MOTOR;DO ACM/TROLLE"
30/04/2026;RTG Material Maitenance;711;297,38;"SUPORTE;COXIM;ELME/761579"
30/04/2026;RTG Material Maitenance;711;548,21;"COXIM;SUPORTE;RTG;11 A 14;KONECRANES;MOTOR;DIESEL;"
30/04/2026;RTG Material Maitenance;711;1.669,28;"ENGRENAGEM;MOTOR;DO ACM/TROLLE"
30/04/2026;RTG Material Maitenance;711;787,72;"ARRUELA;LI;12MMM;42MM;9MM;SAE"
30/04/2026;RTG Material Maitenance;711;128,59;"BUCHA;FACCHINI;0368136201"
30/04/2026;RTG Material Maitenance;711;45,19;"PARAFUSO;SEXTAVADO;;M16X120MM;ROSCA;45MM;PASSO;1.5"
30/04/2026;RTG Material Maitenance;711;68,97;"ARRUELA;M20;85X5MM;HOIST;FABRI"
30/04/2026;RTG Material Maitenance;711;194,20;"ARRUELA;ESTR;M12;DIN-25201"
30/04/2026;RTG Material Maitenance;711;48.587,38;"GERADOR;STANFORD/HCI534D1 G 95"
30/04/2026;RTG Material Maitenance;711;4.332,81;"REGULADOR TENS;5A;STAMFORD;AVR"
30/04/2026;RTG Material Maitenance;711;91,52;"FILTRO;SEPAR;CUMMINS/FS19763"
30/04/2026;RTG Material Maitenance;711;3.728,58;"BOBINA;KONECRANES/60/891.080.1"
30/04/2026;RTG Material Maitenance;711;3.782,37;"CODIFICADOR;INCR;BID;LEINE E L"
30/04/2026;RTG Material Maitenance;711;3.728,59;"BOBINA;KONECRANES/60/891.080.1"
30/04/2026;RTG Material Maitenance;711;998,25;"MODULO;KONE/V0003740"
30/04/2026;RTG Material Maitenance;711;152,64;"OLEO LUBRIF;MOTOR 15W40"
30/04/2026;RTG Material Maitenance;711;91,52;"FILTRO;SEPAR;CUMMINS/FS19763"
30/04/2026;RTG Material Maitenance;711;92,06;"HASTE;VARETA;ACO;INOX;3.0MM;TA"
30/04/2026;RTG Material Maitenance;711;58,45;"FRASCO;PLAS;INCOL;CIL;250ML;C/"
30/04/2026;RTG Material Maitenance;711;8.230,37;"FREIO;GANTRY/TRANSLADO;TR-11-2"
30/04/2026;RTG Material Maitenance;711;45,31;"CADEADO;LAT MACIC;50MM;S/INVOL"
30/04/2026;RTG Material Maitenance;711;650,44;"BUCHA;KONECRANES/52490100"
30/04/2026;RTG Material Maitenance;711;1.079,92;"DESENGRAXANTE;20L;CERTIFIED/DA"
30/04/2026;RTG Material Maitenance;711;633,34;"PINO;DRAWING/RTGHBA3OP2"
30/04/2026;RTG Material Maitenance;711;17,26;"ADESIVO VED;BRASCOLA/BRASCOVED"
30/04/2026;RTG Material Maitenance;711;102,03;"CABO CON;EXTENS;PUR PT;0,30M;P"
30/04/2026;RTG Material Maitenance;711;1.497,13;"DESENGRAXANTE;50L;HEPTA CLEAN"
30/04/2026;RTG Material Maitenance;711;251,86;"BACTERICIDA;METASIL/DESIX AIR"
30/04/2026;RTG Material Maitenance;711;167,89;"TOALHA IND;BR;KIMBERLY CLARK/W"
30/04/2026;RTG Material Maitenance;711;7.977,09;"CODIFICADOR;ABS;LEINE & LINDE/"
30/04/2026;RTG Material Maitenance;711;466,44;"CABO;SISTEMA;BUS;SAC-2P-15,0-9"
30/04/2026;RTG Material Maitenance;711;7.457,17;"BOBINA;KONECRANES/60/891.080.1"
30/04/2026;RTG Material Maitenance;711;1.526,36;"OLEO LUBRIF;MOTOR 15W40"
30/04/2026;RTG Material Maitenance;711;1.046,53;"ADITIVO;P/ RADIADOR;COR:AZUL"
30/04/2026;RTG Material Maitenance;711;91,52;"FILTRO;SEPAR;CUMMINS/FS19763"
30/04/2026;RTG Material Maitenance;711;58,45;"FRASCO;PLAS;INCOL;CIL;250ML;C/"
30/04/2026;RTG Material Maitenance;711;265,30;"FILTRO;AG;FLEETGUARD/WF2126;DO"
30/04/2026;RTG Material Maitenance;711;228,30;"ELEMENTO FILTR;OLEO DIESEL;FLE"
30/04/2026;RTG Material Maitenance;711;249,18;"FILTRO;F/R:FLEETGUARD/LF9070"
30/04/2026;RTG Material Maitenance;711;314,01;"FILTRO;PRIMAR;AR;DONALDSON/P78"
30/04/2026;RTG Material Maitenance;711;184,45;"ELEMENTO FILTR;AR SEC;DONALDSO"
30/04/2026;RTG Material Maitenance;711;1.447,67;"MODULO;RETIFICADOR;RGM100"
30/04/2026;RTG Material Maitenance;711;91,52;"FILTRO;SEPAR;CUMMINS/FS19763"
30/04/2026;RTG Material Maitenance;712;-94,31;"PARAFUSO SEX;UNF7/16;1 1/8POL;"
30/04/2026;RTG Material Maitenance;712;-2.389,57;"VENT;MOTOR;HOIST;REP;KONECRANE"
30/04/2026;RTG Material Maitenance;712;24,43;"PARAFUSO;SEXTAVADO;7/16X1POL:1"
30/04/2026;RTG Material Maitenance;712;94,31;"PARAFUSO SEX;UNF7/16;1 1/8POL;"
30/04/2026;RTG Material Maitenance;712;48.587,38;"GERADOR;STANFORD/HCI534D1 G 95"
30/04/2026;RTG Material Maitenance;712;4.332,81;"REGULADOR TENS;5A;STAMFORD;AVR"
30/04/2026;RTG Material Maitenance;712;2.389,57;"VENT;MOTOR;HOIST;REP;KONECRANE"
30/04/2026;RTG Material Maitenance;712;35.999,62;"RETIFICADOR;KONECRANES/1114696"
30/04/2026;RTG Material Maitenance;712;594,76;"SUPORTE;COXIM;ELME/761579"
30/04/2026;RTG Material Maitenance;712;128,59;"BUCHA;FACCHINI;0368136201"
30/04/2026;RTG Material Maitenance;712;2.475,53;"MOTOR PARTID;7,5KW;24VCC;DELCO"
30/04/2026;RTG Material Maitenance;712;70,69;"BATERIA;ALC;9V;DURACELL/806494"
30/04/2026;RTG Material Maitenance;712;63.506,85;"INVERSOR;KONECRANES/52427261"
30/04/2026;RTG Material Maitenance;712;33.788,89;"UNIDADE CONTROLE;KONECRANES/52"
30/04/2026;RTG Material Maitenance;712;122,00;FUSIVEL ULTRA RAPIDO 170M 250A
30/04/2026;RTG Material Maitenance;712;91,52;"FILTRO;SEPAR;CUMMINS/FS19763"
30/04/2026;RTG Material Maitenance;712;1.266,26;"FUSIVEL NH;000;250A;690V;UR;BU"
30/04/2026;RTG Material Maitenance;712;35.999,62;"RETIFICADOR;KONECRANES/1114696"
30/04/2026;RTG Material Maitenance;712;7.276,06;"INVERSOR;KONECRANES/D2C005FT58"
30/04/2026;RTG Material Maitenance;712;152,64;"OLEO LUBRIF;MOTOR 15W40"
30/04/2026;RTG Material Maitenance;712;91,52;"FILTRO;SEPAR;CUMMINS/FS19763"
30/04/2026;RTG Material Maitenance;713;261,48;
30/04/2026;RTG Material Maitenance;713;44,77;"ADESIVO PU;MONOCOMP;CINZA;WURT"
30/04/2026;RTG Material Maitenance;713;91,52;"FILTRO;SEPAR;CUMMINS/FS19763"
30/04/2026;RTG Material Maitenance;713;1.717,56;"SACO;AR;PNEU;12.00X24;EV;KONEC"
30/04/2026;RTG Material Maitenance;713;453,13;"PROTETOR;CAMARA DE AR;ARO 24 P"
30/04/2026;RTG Material Maitenance;713;13,00;"ROLO PINTURA;TIGRE/1383"
30/04/2026;RTG Material Maitenance;713;43,84;"TINTA;SPRAY;PRETO; ALTA TEMPER"
30/04/2026;RTG Material Maitenance;713;20,20;"TINTA;PRATA;SPR 200ML;MUNDIAL"
30/04/2026;RTG Material Maitenance;713;572,52;"SACO;AR;PNEU;12.00X24;EV;KONEC"
30/04/2026;RTG Material Maitenance;713;319,88;"ANEL O;573X9,80MM;BORR NT;80 S"
30/04/2026;RTG Material Maitenance;713;362,50;"PROTETOR;CAMARA DE AR;ARO 24 P"
30/04/2026;RTG Material Maitenance;713;2.080,91;"PNEU 1400X24;RECAPADO; ARO:24;"
30/04/2026;RTG Material Maitenance;713;2.080,91;"PNEU 1400X24;RECAPADO; ARO:24;"
30/04/2026;RTG Material Maitenance;713;8.230,37;"FREIO;GANTRY/TRANSLADO;TR-11-2"
30/04/2026;RTG Material Maitenance;713;92,06;"HASTE;VARETA;ACO;INOX;3.0MM;TA"
30/04/2026;RTG Material Maitenance;713;2,38;"CAPA;PROTECAO;PA;M20X1,5;PHOEN"
30/04/2026;RTG Material Maitenance;713;8,58;"CAPA;PROTECAO;M32X1,5; PHOENIX"
30/04/2026;RTG Material Maitenance;713;6,43;"CAPA;PROTECAO;PA;M25X1,5;PHOEN"
30/04/2026;RTG Material Maitenance;713;1.916,75;"BOTAO EMERGENCIA;BANNER/SSA-EB"
30/04/2026;RTG Material Maitenance;713;76,32;"OLEO LUBRIF;MOTOR 15W40"
30/04/2026;RTG Material Maitenance;713;1.717,56;"SACO;AR;PNEU;12.00X24;EV;KONEC"
30/04/2026;RTG Material Maitenance;713;2.475,53;"MOTOR PARTID;7,5KW;24VCC;DELCO"
30/04/2026;RTG Material Maitenance;713;91,52;"FILTRO;SEPAR;CUMMINS/FS19763"
30/04/2026;RTG Material Maitenance;713;3.728,59;"BOBINA;KONECRANES/60/891.080.1"
30/04/2026;RTG Material Maitenance;713;998,25;"MODULO;KONE/V0003740"
30/04/2026;RTG Material Maitenance;713;862,13;"MICRO;FIM DE CURSO;TELEMECANIQ"
30/04/2026;RTG Material Maitenance;713;765,66;CONECTOR SENSOR MACHO RETO
30/04/2026;RTG Material Maitenance;713;1.055,21;"BLOCO CONT AUX TEMPORIZ;SCHNEI"
30/04/2026;RTG Material Maitenance;713;1.055,21;"BLOCO CONT AUX TEMPORIZ;SCHNEI"
30/04/2026;RTG Material Maitenance;713;91,52;"FILTRO;SEPAR;CUMMINS/FS19763"
30/04/2026;RTG Material Maitenance;713;3.728,58;"BOBINA;KONECRANES/60/891.080.1"
30/04/2026;RTG Material Maitenance;713;5.185,13;"MOTOR;KONECRANES/MFXP200212BB5"
30/04/2026;RTG Material Maitenance;714;340,58;
30/04/2026;RTG Material Maitenance;714;91,52;"FILTRO;SEPAR;CUMMINS/FS19763"
30/04/2026;RTG Material Maitenance;714;548,36;"FILTRO;AR;CUMMINS/AF25708M"
30/04/2026;RTG Material Maitenance;714;548,36;"FILTRO;AR;CUMMINS/AF25708M"
30/04/2026;RTG Material Maitenance;714;91,52;"FILTRO;SEPAR;CUMMINS/FS19763"
30/04/2026;RTG Material Maitenance;715;1.860,80;"CABO ACO PREFORM;IPH/16MM6X41W"
30/04/2026;RTG Material Maitenance;715;33,65;"CADEADO;LAT MACIC;25MM;S/INVOL"
30/04/2026;RTG Material Maitenance;715;3,56;"JUNTA;CUMMINS/3202117"
30/04/2026;RTG Material Maitenance;715;723,48;"TUBO;DENTADO;ALUMINIO;VEDACAO;"
30/04/2026;RTG Material Maitenance;715;319,30;"BUCHA;KONECRANES/KM2108V3"
30/04/2026;RTG Material Maitenance;715;325,22;"BUCHA;KONECRANES/52490100"
30/04/2026;RTG Material Maitenance;715;6.088,42;"POLIA;AUXILIAR;DO TR;KONECRANE"
30/04/2026;RTG Material Maitenance;715;4.483,44;"POLIA;KONECRANES/KP80004N"
30/04/2026;RTG Material Maitenance;715;1.526,36;"OLEO LUBRIF;MOTOR 15W40"
30/04/2026;RTG Material Maitenance;715;91,52;"FILTRO;SEPAR;CUMMINS/FS19763"
30/04/2026;RTG Material Maitenance;715;58,45;"FRASCO;PLAS;INCOL;CIL;250ML;C/"
30/04/2026;RTG Material Maitenance;715;265,30;"FILTRO;AG;FLEETGUARD/WF2126;DO"
30/04/2026;RTG Material Maitenance;715;228,30;"ELEMENTO FILTR;OLEO DIESEL;FLE"
30/04/2026;RTG Material Maitenance;715;249,18;"FILTRO;F/R:FLEETGUARD/LF9070"
30/04/2026;RTG Material Maitenance;715;11,07;"PORCA;SEXT;M20X2,50;16MM;SAE10"
30/04/2026;RTG Material Maitenance;715;25,87;"GRAXA;NAUTICA;LIT;INGRAX/UNILI"
30/04/2026;RTG Material Maitenance;715;63,28;"GRAXA;F/R WURTH 0893106"
30/04/2026;RTG Material Maitenance;716;91,52;"FILTRO;SEPAR;CUMMINS/FS19763"
30/04/2026;RTG Material Maitenance;716;8.230,37;"FREIO;GANTRY/TRANSLADO;TR-11-2"
30/04/2026;RTG Material Maitenance;716;998,25;"MODULO;KONE/V0003740"
30/04/2026;RTG Material Maitenance;716;1.526,36;"OLEO LUBRIF;MOTOR 15W40"
30/04/2026;RTG Material Maitenance;716;91,52;"FILTRO;SEPAR;CUMMINS/FS19763"
30/04/2026;RTG Material Maitenance;716;58,46;"FRASCO;PLAS;INCOL;CIL;250ML;C/"
30/04/2026;RTG Material Maitenance;716;265,30;"FILTRO;AG;FLEETGUARD/WF2126;DO"
30/04/2026;RTG Material Maitenance;716;1.033,68;"FILTRO;DIESEL;CUMMINS/FF63010"
30/04/2026;RTG Material Maitenance;716;249,18;"FILTRO;F/R:FLEETGUARD/LF9070"
30/04/2026;RTG Material Maitenance;716;1.079,92;"DESENGRAXANTE;20L;CERTIFIED/DA"
30/04/2026;RTG Material Maitenance;716;1.302,02;"SENSOR;PRESSAO;APLICACAO;MOTOR"
30/04/2026;RTG Material Maitenance;716;1.860,80;"CABO ACO PREFORM;IPH/16MM6X41W"
30/04/2026;RTG Material Maitenance;716;1.964,40;"CABO ACO PREFORM;IPH/16MM6X41W"
30/04/2026;RTG Material Maitenance;716;91,52;"FILTRO;SEPAR;CUMMINS/FS19763"
30/04/2026;RTG Material Maitenance;716;548,36;"FILTRO;AR;CUMMINS/AF25708M"
30/04/2026;RTG Material Maitenance;716;5.980,33;"VALVULA;REGULADORA,ATUADOR;DA;BOMBA;DE;COMBUSTIVEL"
30/04/2026;RTG Material Maitenance;716;8.995,35;"CABO ACO PREFORM;IPH/26MM6X41W"
30/04/2026;RTG Material Maitenance;716;9.028,54;"CABO ACO PREFORM;IPH/26MM6X41W"
30/04/2026;RTG Material Maitenance;716;32,49;"QUEROSENE;FR 1L"
30/04/2026;RTG Material Maitenance;716;111,35;"GRAMPO P/CAB AC;LEV;1POL;SAE 1"
30/04/2026;RTG Material Maitenance;716;46,68;"GRAMPO P/CAB AC;5/8POL;SAE 102"
30/04/2026;RTG Material Maitenance;716;91,52;"FILTRO;SEPAR;CUMMINS/FS19763"
30/04/2026;RTG Material Maitenance;716;44.408,94;"BOMBA;COMBUSTIVEL;INJETORA;APL"
30/04/2026;RTG Material Maitenance;716;162,61;"BUCHA;KONECRANES/52490100"
30/04/2026;RTG Material Maitenance;716;4.161,81;"PNEU 1400X24;RECAPADO; ARO:24;"
30/04/2026;RTG Material Maitenance;716;1.145,04;"SACO;AR;PNEU;12.00X24;EV;KONEC"
30/04/2026;RTG Material Maitenance;716;181,25;"PROTETOR;CAMARA DE AR;ARO 24 P"
30/04/2026;RTG Material Maitenance;716;91,52;"FILTRO;SEPAR;CUMMINS/FS19763"
30/04/2026;RTG Material Maitenance;716;3.164,57;"VENTILADOR(01);KONECRANES"
30/04/2026;RTG Material Maitenance;716;9.891,75;"VACON;PC00299;PLACA;RGM"
30/04/2026;RTG Material Maitenance;716;3,18;"SACO LIX;PVC;100L;EMBAL C/100"
30/04/2026;RTG Material Maitenance;716;16,65;"ESTILETE;RETRAT;LARG;AZ/AM;ABS"
30/04/2026;RTG Material Maitenance;716;189,52;"ADAPTADOR P/PLU CONECT;Y;TPU;P"
30/04/2026;RTG Material Maitenance;717;91,52;"FILTRO;SEPAR;CUMMINS/FS19763"
30/04/2026;RTG Material Maitenance;717;548,36;"FILTRO;AR;CUMMINS/AF25708M"
30/04/2026;RTG Material Maitenance;717;4.791,76;"CABO;P/ ESTEIRA PORTA CABO; ES"
30/04/2026;RTG Material Maitenance;717;548,36;"FILTRO;AR;CUMMINS/AF25708M"
30/04/2026;RTG Material Maitenance;717;136,13;"CAIXA;110X110X60MM;PASSAGEM;PV"
30/04/2026;RTG Material Maitenance;717;71,99;"ISOLANTE LIQ;EPOXI;PT;LAT 200M"
30/04/2026;RTG Material Maitenance;717;1.964,40;"CABO ACO PREFORM;IPH/16MM6X41W"
30/04/2026;RTG Material Maitenance;717;167,89;"TOALHA IND;BR;KIMBERLY CLARK/W"
30/04/2026;RTG Material Maitenance;717;1.497,13;"DESENGRAXANTE;50L;HEPTA CLEAN"
30/04/2026;RTG Material Maitenance;717;45,92;"PARAFUSO;ALLEN;M12X70MM;ROSCA:"
30/04/2026;RTG Material Maitenance;717;23,41;"FITA;ISOLANTE;TECIDO;DNI/DNI50"
30/04/2026;RTG Material Maitenance;717;8,35;"PILHA;(AA);CONJUNTO 2 UNIDADES"
30/04/2026;RTG Material Maitenance;717;429,00;"BOTOEIRA MONT;1 BOT;SIEMENS/3S"
30/04/2026;RTG Material Maitenance;717;361,18;"BACTERICIDA;METASIL/DESIX TALC"
30/04/2026;RTG Material Maitenance;717;47,13;"FITA ISOL TERM;PT;ESP ELASTOM;"
30/04/2026;RTG Material Maitenance;717;25,87;"GRAXA;NAUTICA;LIT;INGRAX/UNILI"
30/04/2026;RTG Material Maitenance;717;63,28;"GRAXA;F/R WURTH 0893106"
30/04/2026;RTG Material Maitenance;717;16,25;"QUEROSENE;FR 1L"
30/04/2026;RTG Material Maitenance;717;116,91;"FRASCO;PLAS;INCOL;CIL;250ML;C/"
30/04/2026;RTG Material Maitenance;717;1.526,36;"OLEO LUBRIF;MOTOR 15W40"
30/04/2026;RTG Material Maitenance;717;91,52;"FILTRO;SEPAR;CUMMINS/FS19763"
30/04/2026;RTG Material Maitenance;717;58,45;"FRASCO;PLAS;INCOL;CIL;250ML;C/"
30/04/2026;RTG Material Maitenance;717;265,30;"FILTRO;AG;FLEETGUARD/WF2126;DO"
30/04/2026;RTG Material Maitenance;717;1.033,68;"FILTRO;DIESEL;CUMMINS/FF63010"
30/04/2026;RTG Material Maitenance;717;249,18;"FILTRO;F/R:FLEETGUARD/LF9070"
30/04/2026;RTG Material Maitenance;717;91,52;"FILTRO;SEPAR;CUMMINS/FS19763"
30/04/2026;RTG Material Maitenance;717;548,36;"FILTRO;AR;CUMMINS/AF25708M"
30/04/2026;RTG Material Maitenance;717;91,52;"FILTRO;SEPAR;CUMMINS/FS19763"
30/04/2026;RTG Material Maitenance;717;548,36;"FILTRO;AR;CUMMINS/AF25708M"
30/04/2026;RTG Material Maitenance;717;91,52;"FILTRO;SEPAR;CUMMINS/FS19763"
30/04/2026;RTG Material Maitenance;717;548,36;"FILTRO;AR;CUMMINS/AF25708M"
30/04/2026;RTG Material Maitenance;718;-3.851,46;"CODIFICADOR;ABSOLUTO;UNIDIRECI"
30/04/2026;RTG Material Maitenance;718;2.895,33;"MODULO;RETIFICADOR;RGM100"
30/04/2026;RTG Material Maitenance;718;24.691,12;"FREIO;GANTRY/TRANSLADO;TR-11-2"
30/04/2026;RTG Material Maitenance;718;5,44;"FUSIVEL;VIDRO;GRANDE;2A"
30/04/2026;RTG Material Maitenance;718;602,88;PARAFUSO F/R:DHL/PAR-2581
30/04/2026;RTG Material Maitenance;718;1.079,92;"DESENGRAXANTE;20L;CERTIFIED/DA"
30/04/2026;RTG Material Maitenance;718;1.526,36;"OLEO LUBRIF;MOTOR 15W40"
30/04/2026;RTG Material Maitenance;718;91,52;"FILTRO;SEPAR;CUMMINS/FS19763"
30/04/2026;RTG Material Maitenance;718;58,45;"FRASCO;PLAS;INCOL;CIL;250ML;C/"
30/04/2026;RTG Material Maitenance;718;265,30;"FILTRO;AG;FLEETGUARD/WF2126;DO"
30/04/2026;RTG Material Maitenance;718;1.033,68;"FILTRO;DIESEL;CUMMINS/FF63010"
30/04/2026;RTG Material Maitenance;718;249,18;"FILTRO;F/R:FLEETGUARD/LF9070"
30/04/2026;RTG Material Maitenance;718;1.872,63;"LUMINARIA;ESTRUTURA;LED;PHILIP"
30/04/2026;RTG Material Maitenance;718;116,91;"FRASCO;PLAS;INCOL;CIL;250ML;C/"
30/04/2026;RTG Material Maitenance;718;228,28;"FILTRO;HIDR;OLEO;PARKER/G04260"
30/04/2026;RTG Material Maitenance;718;8.230,37;"FREIO;GANTRY/TRANSLADO;TR-11-2"
30/04/2026;RTG Material Maitenance;718;998,25;"MODULO;KONE/V0003740"
30/04/2026;RTG Material Maitenance;718;548,36;"FILTRO;AR;CUMMINS/AF25708M"
30/04/2026;RTG Material Maitenance;718;777,58;"SENSOR; F/R:IFM/IIT212"
30/04/2026;RTG Material Maitenance;718;91,52;"FILTRO;SEPAR;CUMMINS/FS19763"
30/04/2026;RTG Material Maitenance;718;330,99;"CABO CON;EXTENS;PUR PT;5M;IFM/"
30/04/2026;RTG Material Maitenance;718;3.851,46;"CODIFICADOR;ABSOLUTO;UNIDIRECI"
30/04/2026;RTG Material Maitenance;718;780,02;"SENSOR;BIDUK/I7CF-M3016A-OEL4"
30/04/2026;RTG Material Maitenance;718;7.977,09;"CODIFICADOR;ABS;LEINE & LINDE/"
30/04/2026;RTG Material Maitenance;718;325,22;"BUCHA;KONECRANES/52490100"
30/04/2026;RTG Material Maitenance;718;3.782,37;"CODIFICADOR;INCR;BID;LEINE E L"
30/04/2026;RTG Material Maitenance;718;91,52;"FILTRO;SEPAR;CUMMINS/FS19763"
30/04/2026;RTG Material Maitenance;718;602,88;PARAFUSO F/R:DHL/PAR-2581
30/04/2026;RTG Material Maitenance;718;22,96;"PARAFUSO;ALLEN;M12X70MM;ROSCA:"
30/04/2026;RTG Material Maitenance;718;102,03;"CABO CON;EXTENS;PUR PT;0,30M;P"
30/04/2026;RTG Material Maitenance;718;862,01;CORPO CHAVE FIM CURSO
30/04/2026;RTG Material Maitenance;718;765,66;CONECTOR SENSOR MACHO RETO
30/04/2026;RTG Material Maitenance;718;35.999,62;"RETIFICADOR;KONECRANES/1114696"
30/04/2026;RTG Material Maitenance;718;4.532,91;"ACOPLAMENTO;ACO;MOTOR;GANTRY;A"
30/04/2026;RTG Material Maitenance;718;203,16;"CABO CON;EXTENS;PUR VT;0,50M;P"
30/04/2026;RTG Material Maitenance;718;91,52;"FILTRO;SEPAR;CUMMINS/FS19763"
30/04/2026;RTG Material Maitenance;718;548,36;"FILTRO;AR;CUMMINS/AF25708M"
30/04/2026;RTG Material Maitenance;718;91,52;"FILTRO;SEPAR;CUMMINS/FS19763"
30/04/2026;RTG Material Maitenance;718;10.080,86;"BICO;INJETOR;COMBUSTIVEL;APLIC"
30/04/2026;RTG Material Maitenance;718;399,34;"SENSOR;TURCK/BI4U-M12-AP6X;KON"
30/04/2026;RTG Material Maitenance;719;8.230,37;"FREIO;GANTRY/TRANSLADO;TR-11-2"
30/04/2026;RTG Material Maitenance;719;1.447,67;"MODULO;RETIFICADOR;RGM100"
30/04/2026;RTG Material Maitenance;719;1.860,80;"CABO ACO PREFORM;IPH/16MM6X41W"
30/04/2026;RTG Material Maitenance;719;58,99;"O'RING;VEDACAO;V-RING;ORING;GA"
30/04/2026;RTG Material Maitenance;719;8.230,37;"FREIO;GANTRY/TRANSLADO;TR-11-2"
30/04/2026;RTG Material Maitenance;719;1.447,67;"MODULO;RETIFICADOR;RGM100"
30/04/2026;RTG Material Maitenance;719;8.230,37;"FREIO;GANTRY/TRANSLADO;TR-11-2"
30/04/2026;RTG Material Maitenance;719;998,25;"MODULO;KONE/V0003740"
30/04/2026;RTG Material Maitenance;719;117,88;ALCOOL ISOPROPILICO 5 LT GALAO
30/04/2026;RTG Material Maitenance;719;2.234,01;"MOTOR;LOCK;PIN;REPARADO;KONECR"
30/04/2026;RTG Material Maitenance;719;3.728,58;"BOBINA;KONECRANES/60/891.080.1"
30/04/2026;RTG Material Maitenance;719;4,54;"FUSIVEL;VIDRO;GRANDE;2A"
30/04/2026;RTG Material Maitenance;719;1.526,36;"OLEO LUBRIF;MOTOR 15W40"
30/04/2026;RTG Material Maitenance;719;91,52;"FILTRO;SEPAR;CUMMINS/FS19763"
30/04/2026;RTG Material Maitenance;719;58,46;"FRASCO;PLAS;INCOL;CIL;250ML;C/"
30/04/2026;RTG Material Maitenance;719;265,30;"FILTRO;AG;FLEETGUARD/WF2126;DO"
30/04/2026;RTG Material Maitenance;719;228,30;"ELEMENTO FILTR;OLEO DIESEL;FLE"
30/04/2026;RTG Material Maitenance;719;249,18;"FILTRO;F/R:FLEETGUARD/LF9070"
30/04/2026;RTG Material Maitenance;719;303,03;"FILTRO;PRIMARIO;DIESEL;QSX15;A"
30/04/2026;RTG Material Maitenance;719;303,03;"FILTRO;PRIMARIO;DIESEL;QSX15;A"
30/04/2026;RTG Material Maitenance;719;184,45;"ELEMENTO FILTR;AR SEC;DONALDSO"
30/04/2026;RTG Material Maitenance;719;314,01;"FILTRO;PRIMAR;AR;DONALDSON/P78"
30/04/2026;RTG Material Maitenance;719;184,52;"RELE;COMANDO;BOMBA;DIESEL;50A;"
30/04/2026;RTG Material Maitenance;719;187,37;"LUBRIFICANTE;MOLYGRAFIT/ACAERO"
30/04/2026;RTG Material Maitenance;719;11,30;"RELE AUX ENC;SOQ;12VCC;40A;1NA"
30/04/2026;RTG Material Maitenance;719;97,10;"ARRUELA;ESTR;M12;DIN-25201"
30/04/2026;RTG Material Maitenance;720;1.145,04;"SACO;AR;PNEU;12.00X24;EV;KONEC"
30/04/2026;RTG Material Maitenance;720;210,54;"PARAFUSO;FIXACAO;TERBERG/T2904"
30/04/2026;RTG Material Maitenance;720;1.088,17;"PORCA;AUTOT SEXT ALTA;M24X3;28"
30/04/2026;RTG Material Maitenance;721;20,00;"FLUIDO LIMP CONT;WURTH/3895653"
30/04/2026;RTG Material Maitenance;721;20,51;"OLEO DESENGRIP;AEROSSOL 300ML;"
30/04/2026;RTG Material Maitenance;721;91,52;"FILTRO;SEPAR;CUMMINS/FS19763"
30/04/2026;RTG Material Maitenance;721;1.502,52;"AMORTECEDOR;COXIM;VIBRACAO;MOTOR;DIESEL;GERADOR;TR"
30/04/2026;RTG Material Maitenance;721;6,90;PARAFUSO ACO SEXT M16X45MM MB-
30/04/2026;RTG Material Maitenance;721;2.804,17;"ALTERNADOR;MOD:33SI;24V;100A;"
30/04/2026;RTG Material Maitenance;721;41,61;"BUZINA;ELET 24VCC;S/CORNETA;BO"
30/04/2026;RTG Material Maitenance;721;24,00;"ADESIVO EPOXI;LIQ;BRASCOLA/ARA"
30/04/2026;RTG Material Maitenance;721;1.079,92;"DESENGRAXANTE;20L;CERTIFIED/DA"
30/04/2026;RTG Material Maitenance;721;59,35;"PARAFUSO;SEXTAVADO;M20X70;ROSC"
30/04/2026;RTG Material Maitenance;721;3.005,03;"AMORTECEDOR;COXIM;VIBRACAO;MOTOR;DIESEL;GERADOR;TR"
30/04/2026;RTG Material Maitenance;721;76,05;"LIMPADOR SUPERF;LAVAGEM A SECO"
30/04/2026;RTG Material Maitenance;721;791,05;"MANGOTE;TURBINA;APLICACAO;RTG;"
30/04/2026;RTG Material Maitenance;721;44,54;"GAS BUTANO;VOLCANO CLIPPER"
30/04/2026;RTG Material Maitenance;721;436,93;"BOTAO P/JOYSTICK;CIRC;TERMOPL;"
30/04/2026;RTG Material Maitenance;721;1.526,36;"OLEO LUBRIF;MOTOR 15W40"
30/04/2026;RTG Material Maitenance;721;91,52;"FILTRO;SEPAR;CUMMINS/FS19763"
30/04/2026;RTG Material Maitenance;721;58,45;"FRASCO;PLAS;INCOL;CIL;250ML;C/"
30/04/2026;RTG Material Maitenance;721;45,18;"FILTRO;DO OLEO HID;P556005"
30/04/2026;RTG Material Maitenance;721;265,30;"FILTRO;AG;FLEETGUARD/WF2126;DO"
30/04/2026;RTG Material Maitenance;721;228,30;"ELEMENTO FILTR;OLEO DIESEL;FLE"
30/04/2026;RTG Material Maitenance;721;249,18;"FILTRO;F/R:FLEETGUARD/LF9070"
30/04/2026;RTG Material Maitenance;721;166,38;"PLUGUE BLIND;A PROV RESPING;CI"
30/04/2026;RTG Material Maitenance;721;68,99;"PLUG;MOVEL;2P+T;16A;6H;220/240"
30/04/2026;RTG Material Maitenance;721;52,01;"ROLO PINTURA;TIGRE/1383"
30/04/2026;RTG Material Maitenance;721;22.341,13;"SAPATA FREIO;KALMAR/807605416;"
30/04/2026;RTG Material Maitenance;721;24,95;"FITA ISOL ELETR;750V;ADES;PVC;"
30/04/2026;RTG Material Maitenance;721;6,34;"FITA VED PTFE;18MM;0,70MM;ROL"
30/04/2026;RTG Material Maitenance;721;435,74;"SENSOR;PROXIMIDADE;FREIO;SB28;"
30/04/2026;RTG Material Maitenance;721;583,21;"GRAMPO;TENSOR;HASTE;TP-U;FIXA;F/R;KIFIX/KF-943DTR"
30/04/2026;RTG Material Maitenance;721;1.407,40;"DOBRADICA;DHL/DPTR-DHL-2360"
30/04/2026;RTG Material Maitenance;721;81,30;"DISCO CORTE;WURTH/0664115232"
30/04/2026;RTG Material Maitenance;721;171,52;"TINTA;AM;LUMINOSO;COLORART/615"
30/04/2026;RTG Material Maitenance;722;91,52;"FILTRO;SEPAR;CUMMINS/FS19763"
30/04/2026;RTG Material Maitenance;722;91,52;"FILTRO;SEPAR;CUMMINS/FS19763"
30/04/2026;RTG Material Maitenance;722;30,77;"OLEO DESENGRIP;AEROSSOL 300ML;"
30/04/2026;RTG Material Maitenance;722;314,01;"FILTRO;PRIMAR;AR;DONALDSON/P78"
30/04/2026;RTG Material Maitenance;722;91,52;"FILTRO;SEPAR;CUMMINS/FS19763"
30/04/2026;RTG Material Maitenance;722;2.237,90;"CONDICIONADOR AR;SPLIT;12000BT"
30/04/2026;RTG Material Maitenance;722;99,82;"SUPORTE;P/UNIDADE COND;U;AC GA"
30/04/2026;RTG Material Maitenance;722;2.302,91;"TUBO FLEX CU;ASTM B743;1/4POL;"
30/04/2026;RTG Material Maitenance;722;122,11;"OLEO LUBRIF;MOTOR 15W40"
30/04/2026;RTG Material Maitenance;722;1.526,36;"OLEO LUBRIF;MOTOR 15W40"
30/04/2026;RTG Material Maitenance;722;91,52;"FILTRO;SEPAR;CUMMINS/FS19763"
30/04/2026;RTG Material Maitenance;722;58,46;"FRASCO;PLAS;INCOL;CIL;250ML;C/"
30/04/2026;RTG Material Maitenance;722;45,18;"FILTRO;DO OLEO HID;P556005"
30/04/2026;RTG Material Maitenance;722;265,30;"FILTRO;AG;FLEETGUARD/WF2126;DO"
30/04/2026;RTG Material Maitenance;722;228,30;"ELEMENTO FILTR;OLEO DIESEL;FLE"
30/04/2026;RTG Material Maitenance;722;249,18;"FILTRO;F/R:FLEETGUARD/LF9070"
30/04/2026;RTG Material Maitenance;722;51,75;"GRAXA;NAUTICA;LIT;INGRAX/UNILI"
30/04/2026;RTG Material Maitenance;722;1.079,92;"DESENGRAXANTE;20L;CERTIFIED/DA"
30/04/2026;RTG Material Maitenance;722;1.516,86;"PROTECAO;FREIO;FIRE/2998"
30/04/2026;RTG Material Maitenance;722;22.341,13;"SAPATA FREIO;KALMAR/807605416;"
30/04/2026;RTG Material Maitenance;722;92,06;"HASTE;VARETA;ACO;INOX;3.0MM;TA"
30/04/2026;RTG Material Maitenance;722;9,01;PILHA(AAA) CONJUNTO 2 UNIDADES
30/04/2026;RTG Material Maitenance;722;1.158,52;"CONECTOR P/CAB COMUNIC RED;6ES"
30/04/2026;RTG Material Maitenance;722;1.093,13;"CABO;COBRE;FLEXIVEL;4X8MM2;FIC"
30/04/2026;RTG Material Maitenance;722;3.868,49;"GRAXA;COMP LIT;GADUS-S3-V220C2"
30/04/2026;RTG Material Maitenance;722;1.497,37;"CHAVE FIM CURS;ACE SCHMERSAL/M"
30/04/2026;RTG Material Maitenance;722;52,60;"GRAXA;POLIUREIA;GADUS-S3-T100"
30/04/2026;RTG Material Maitenance;723;91,52;"FILTRO;SEPAR;CUMMINS/FS19763"
30/04/2026;RTG Material Maitenance;723;305,27;"OLEO LUBRIF;MOTOR 15W40"
30/04/2026;RTG Material Maitenance;723;91,52;"FILTRO;SEPAR;CUMMINS/FS19763"
30/04/2026;RTG Material Maitenance;723;335,80;"OLEO LUBRIF;MOTOR 15W40"
30/04/2026;RTG Material Maitenance;723;91,52;"FILTRO;SEPAR;CUMMINS/FS19763"
30/04/2026;RTG Material Maitenance;723;1.526,36;"OLEO LUBRIF;MOTOR 15W40"
30/04/2026;RTG Material Maitenance;723;91,52;"FILTRO;SEPAR;CUMMINS/FS19763"
30/04/2026;RTG Material Maitenance;723;58,46;"FRASCO;PLAS;INCOL;CIL;250ML;C/"
30/04/2026;RTG Material Maitenance;723;45,18;"FILTRO;DO OLEO HID;P556005"
30/04/2026;RTG Material Maitenance;723;265,30;"FILTRO;AG;FLEETGUARD/WF2126;DO"
30/04/2026;RTG Material Maitenance;723;228,30;"ELEMENTO FILTR;OLEO DIESEL;FLE"
30/04/2026;RTG Material Maitenance;723;249,18;"FILTRO;F/R:FLEETGUARD/LF9070"
30/04/2026;RTG Material Maitenance;723;1.158,52;"CONECTOR P/CAB COMUNIC RED;6ES"
30/04/2026;RTG Material Maitenance;723;25,87;"GRAXA;NAUTICA;LIT;INGRAX/UNILI"
30/04/2026;RTG Material Maitenance;723;892,79;"JUNTA;CUMMINS/4376196"
30/04/2026;RTG Material Maitenance;723;1.079,92;"DESENGRAXANTE;20L;CERTIFIED/DA"
30/04/2026;RTG Material Maitenance;723;461,43;"MICRO FEEDBACK;SIEMENS/3SE5122"
30/04/2026;RTG Material Maitenance;723;460,81;"SENSOR;PINO;TWISTLOCK;KALMAR/J"
30/04/2026;RTG Material Maitenance;723;276,58;"EMENDA;CORRENTE;F/R:DAIDO/16-B"
30/04/2026;RTG Material Maitenance;723;15.427,50;"TAMPA;TROCADOR;CALOR;MOTOR;DIESEL;QSX15;APLICACAO;"
30/04/2026;RTG Material Maitenance;723;183,04;"FILTRO;SEPAR;CUMMINS/FS19763"
30/04/2026;RTG Material Maitenance;723;91,52;"FILTRO;SEPAR;CUMMINS/FS19763"
30/04/2026;RTG Material Maitenance;724;8.063,84;"MOTOR;SKEW;SEW;REPARADO;EURODR"
30/04/2026;RTG Material Maitenance;724;25,90;"ADESIVO VED;BRASCOLA/BRASCOVED"
30/04/2026;RTG Material Maitenance;724;34,53;"ADESIVO VED;BRASCOLA/BRASCOVED"
30/04/2026;RTG Material Maitenance;724;91,52;"FILTRO;SEPAR;CUMMINS/FS19763"
30/04/2026;RTG Material Maitenance;724;91,52;"FILTRO;SEPAR;CUMMINS/FS19763"
30/04/2026;RTG Material Maitenance;724;167,89;"TOALHA IND;BR;KIMBERLY CLARK/W"
30/04/2026;RTG Material Maitenance;724;1.526,36;"OLEO LUBRIF;MOTOR 15W40"
30/04/2026;RTG Material Maitenance;724;91,52;"FILTRO;SEPAR;CUMMINS/FS19763"
30/04/2026;RTG Material Maitenance;724;58,46;"FRASCO;PLAS;INCOL;CIL;250ML;C/"
30/04/2026;RTG Material Maitenance;724;45,18;"FILTRO;DO OLEO HID;P556005"
30/04/2026;RTG Material Maitenance;724;265,30;"FILTRO;AG;FLEETGUARD/WF2126;DO"
30/04/2026;RTG Material Maitenance;724;228,30;"ELEMENTO FILTR;OLEO DIESEL;FLE"
30/04/2026;RTG Material Maitenance;724;249,18;"FILTRO;F/R:FLEETGUARD/LF9070"
30/04/2026;RTG Material Maitenance;724;4.275,23;"BOBINA;SB17 MX 133 – 380V"
30/04/2026;RTG Material Maitenance;724;461,43;"MICRO FEEDBACK;SIEMENS/3SE5122"
30/04/2026;RTG Material Maitenance;725;-1.625,90;"VALVULA;  SIRAI/ L133V16"
30/04/2026;RTG Material Maitenance;725;-10.385,27;"ATUADOR;CUMMINS/4089980"
30/04/2026;RTG Material Maitenance;725;-10.292,28;"ATUADOR;CUMMINS/4089981"
30/04/2026;RTG Material Maitenance;725;-5.414,72;"BOMBA;CUMMINS/4089431RX"
30/04/2026;RTG Material Maitenance;725;2.475,53;"MOTOR PARTID;7,5KW;24VCC;DELCO"
30/04/2026;RTG Material Maitenance;725;2.475,53;"MOTOR PARTID;7,5KW;24VCC;DELCO"
30/04/2026;RTG Material Maitenance;725;24,00;"ADESIVO EPOXI;LIQ;BRASCOLA/ARA"
30/04/2026;RTG Material Maitenance;725;21,64;"ADESIVO INST;CIANOACR;HENKEL/S"
30/04/2026;RTG Material Maitenance;725;91,52;"FILTRO;SEPAR;CUMMINS/FS19763"
30/04/2026;RTG Material Maitenance;725;5.414,72;"BOMBA;CUMMINS/4089431RX"
30/04/2026;RTG Material Maitenance;725;1.625,90;"VALVULA;  SIRAI/ L133V16"
30/04/2026;RTG Material Maitenance;725;4.945,88;"CONVERSOR;ADFWEB/HD67553"
30/04/2026;RTG Material Maitenance;725;422,49;"VALVULA;CUMMINS/3348322"
30/04/2026;RTG Material Maitenance;725;91,52;"FILTRO;SEPAR;CUMMINS/FS19763"
30/04/2026;RTG Material Maitenance;725;314,01;"FILTRO;PRIMAR;AR;DONALDSON/P78"
30/04/2026;RTG Material Maitenance;725;91,52;"FILTRO;SEPAR;CUMMINS/FS19763"
30/04/2026;RTG Material Maitenance;725;3.164,20;"MANGOTE;TURBINA;APLICACAO;RTG;"
30/04/2026;RTG Material Maitenance;725;3.866,73;"VENTILADOR;9PAS.;MOTOR;DIESEL;"
30/04/2026;RTG Material Maitenance;725;2.904,00;"FLEXPLATE;PLACA;APLICACAO;RTG"
30/04/2026;RTG Material Maitenance;725;91,52;"FILTRO;SEPAR;CUMMINS/FS19763"
30/04/2026;RTG Material Maitenance;725;10.385,27;"ATUADOR;CUMMINS/4089980"
30/04/2026;RTG Material Maitenance;725;10.292,28;"ATUADOR;CUMMINS/4089981"
30/04/2026;RTG Material Maitenance;725;59,95;"COXIM;BORR;CIL;PORC;SUPORTE RE"
30/04/2026;RTG Material Maitenance;725;1.205,80;"SENSOR;BOSCH/4921473"
30/04/2026;RTG Material Maitenance;725;2.475,53;"MOTOR PARTID;7,5KW;24VCC;DELCO"
30/04/2026;RTG Material Maitenance;725;4.387,67;"INDICADOR NIVEL;OLEO;ESCALA MI"
30/04/2026;RTG Material Maitenance;725;91,52;"FILTRO;SEPAR;CUMMINS/FS19763"
30/04/2026;RTG Material Maitenance;725;228,30;"ELEMENTO FILTR;OLEO DIESEL;FLE"
30/04/2026;RTG Material Maitenance;725;30.383,92;"MODULO;ELETRONICO;CONTROLE;APLICACAO:MOTOR;DIESEL;"
30/04/2026;RTG Material Maitenance;725;91,52;"FILTRO;SEPAR;CUMMINS/FS19763"
30/04/2026;RTG Material Maitenance;725;91,58;"OLEO LUBRIF;MOTOR 15W40"
30/04/2026;RTG Material Maitenance;725;36,43;"CONECTOR;FEMEA;3 PINOS;"
30/04/2026;RTG Material Maitenance;725;91,52;"FILTRO;SEPAR;CUMMINS/FS19763"
30/04/2026;RTG Material Maitenance;726;-66,68;"VISOR NIV;VISORTEC/VIDROCRISTA"
30/04/2026;RTG Material Maitenance;726;1.425,51;
30/04/2026;RTG Material Maitenance;726;91,52;"FILTRO;SEPAR;CUMMINS/FS19763"
30/04/2026;RTG Material Maitenance;726;305,27;"OLEO LUBRIF;MOTOR 15W40"
30/04/2026;RTG Material Maitenance;726;4.962,01;"ROLDANA;DO TR;REPARADO"
30/04/2026;RTG Material Maitenance;726;3.587,67;"PINO;POLIA;HEADBLOCK;KALMAR/N4"
30/04/2026;RTG Material Maitenance;726;140,90;"OLEO LUBRIFICANTE;P/ ENGRENAGE"
30/04/2026;RTG Material Maitenance;726;1.521,71;"OLEO LUBRIFICANTE;P/ ENGRENAGE"
30/04/2026;RTG Material Maitenance;726;1.157,52;"OLEO;HIDIDRAULICO;HVLP 68"
30/04/2026;RTG Material Maitenance;726;58,45;"FRASCO;PLAS;INCOL;CIL;250ML;C/"
30/04/2026;RTG Material Maitenance;726;621,00;"ELEMENTO FILTR;OLEO;VIDR;SCHRO"
30/04/2026;RTG Material Maitenance;726;1.526,36;"OLEO LUBRIF;MOTOR 15W40"
30/04/2026;RTG Material Maitenance;726;91,52;"FILTRO;SEPAR;CUMMINS/FS19763"
30/04/2026;RTG Material Maitenance;726;58,46;"FRASCO;PLAS;INCOL;CIL;250ML;C/"
30/04/2026;RTG Material Maitenance;726;45,18;"FILTRO;DO OLEO HID;P556005"
30/04/2026;RTG Material Maitenance;726;265,30;"FILTRO;AG;FLEETGUARD/WF2126;DO"
30/04/2026;RTG Material Maitenance;726;228,30;"ELEMENTO FILTR;OLEO DIESEL;FLE"
30/04/2026;RTG Material Maitenance;726;249,18;"FILTRO;F/R:FLEETGUARD/LF9070"
30/04/2026;RTG Material Maitenance;726;69,01;"PARA-BARRO;RANDON/208006606"
30/04/2026;RTG Material Maitenance;726;66,68;"VISOR NIV;VISORTEC/VIDROCRISTA"
30/04/2026;RTG Material Maitenance;726;44,54;"GAS BUTANO;VOLCANO CLIPPER"
30/04/2026;RTG Material Maitenance;726;273,16;"PROTECAO;CONECTOR;BATERIA;PAR"
30/04/2026;RTG Material Maitenance;726;16,82;"CADEADO;LAT MACIC;25MM;S/INVOL"
30/04/2026;RTG Material Maitenance;726;45,31;"CADEADO;LAT MACIC;50MM;S/INVOL"
30/04/2026;RTG Material Maitenance;726;2.641,03;"RETIFICADOR;F/R:KALMAR/J015089"
30/04/2026;RTG Material Maitenance;726;91,52;"FILTRO;SEPAR;CUMMINS/FS19763"
30/04/2026;RTG Material Maitenance;727;1.931,04;"CILINDRO;BROMMA/BR1001131"
30/04/2026;RTG Material Maitenance;727;3,63;"FUSIVEL;VIDRO;GRANDE;2A"
30/04/2026;RTG Material Maitenance;727;1.983,27;"GRAXA;OLEO MINER;ROCOL/RDOFFSH"
30/04/2026;RTG Material Maitenance;727;167,89;"TOALHA IND;BR;KIMBERLY CLARK/W"
30/04/2026;RTG Material Maitenance;727;16,85;"LIMPADOR SUPERF;MULTI-USO;AZULIM;500ML"
30/04/2026;RTG Material Maitenance;727;511,74;"DESENGRAXANTE;DIELETRICO;WURTH"
30/04/2026;RTG Material Maitenance;727;1.079,92;"DESENGRAXANTE;20L;CERTIFIED/DA"
30/04/2026;RTG Material Maitenance;727;49,90;"FITA ISOL ELETR;750V;ADES;PVC;"
30/04/2026;RTG Material Maitenance;727;8,13;"DISCO CORTE;WURTH/0664115232"
30/04/2026;RTG Material Maitenance;727;71,99;"ISOLANTE LIQ;EPOXI;PT;LAT 200M"
30/04/2026;RTG Material Maitenance;727;1.526,36;"OLEO LUBRIF;MOTOR 15W40"
30/04/2026;RTG Material Maitenance;727;1.046,53;"ADITIVO;P/ RADIADOR;COR:AZUL"
30/04/2026;RTG Material Maitenance;727;91,52;"FILTRO;SEPAR;CUMMINS/FS19763"
30/04/2026;RTG Material Maitenance;727;58,46;"FRASCO;PLAS;INCOL;CIL;250ML;C/"
30/04/2026;RTG Material Maitenance;727;45,18;"FILTRO;DO OLEO HID;P556005"
30/04/2026;RTG Material Maitenance;727;265,30;"FILTRO;AG;FLEETGUARD/WF2126;DO"
30/04/2026;RTG Material Maitenance;727;228,30;"ELEMENTO FILTR;OLEO DIESEL;FLE"
30/04/2026;RTG Material Maitenance;727;249,18;"FILTRO;F/R:FLEETGUARD/LF9070"
30/04/2026;RTG Material Maitenance;727;314,01;"FILTRO;PRIMAR;AR;DONALDSON/P78"
30/04/2026;RTG Material Maitenance;727;184,45;"ELEMENTO FILTR;AR SEC;DONALDSO"
30/04/2026;RTG Material Maitenance;727;58,45;"FRASCO;PLAS;INCOL;CIL;250ML;C/"
30/04/2026;RTG Material Maitenance;727;1.931,04;"CILINDRO;BROMMA/BR1001131"
30/04/2026;RTG Material Maitenance;727;91,52;"FILTRO;SEPAR;CUMMINS/FS19763"
30/04/2026;RTG Material Maitenance;727;4.819,93;"CODIFICADOR/ENCODER;INCREMENT"
30/04/2026;RTG Material Maitenance;727;124,46;"INSERTO TOMAD IND;FEM;16A;HART"
30/04/2026;RTG Material Maitenance;727;116,68;"INSERTO TOMAD IND;MACH;HARTING"
30/04/2026;RTG Material Maitenance;728;2.475,53;"MOTOR PARTID;7,5KW;24VCC;DELCO"
30/04/2026;RTG Material Maitenance;728;460,81;"SENSOR;PINO;TWISTLOCK;KALMAR/J"
30/04/2026;RTG Material Maitenance;728;91,52;"FILTRO;SEPAR;CUMMINS/FS19763"
30/04/2026;RTG Material Maitenance;728;167,89;"TOALHA IND;BR;KIMBERLY CLARK/W"
30/04/2026;RTG Material Maitenance;728;1.407,40;"DOBRADICA;DHL/DPTR-DHL-2360"
30/04/2026;RTG Material Maitenance;728;621,00;"ELEMENTO FILTR;OLEO;VIDR;SCHRO"
30/04/2026;RTG Material Maitenance;728;790,90;"TINTA;AZUL;RAL5002;PU;JOTUN"
30/04/2026;RTG Material Maitenance;728;55,67;"COXIM;MENOR;APLICACAO:TELA SCS"
30/04/2026;RTG Material Maitenance;728;41,61;"BUZINA;ELET 24VCC;S/CORNETA;BO"
30/04/2026;RTG Material Maitenance;728;22,40;BLOCO DISTRIBUICAO MARROM BASI
30/04/2026;RTG Material Maitenance;728;2,05;ADAPTADOR P/TRILHO FIXACAO MOD
30/04/2026;RTG Material Maitenance;728;8,20;ADAPTADOR P/TRILHO FIXACAO MOD
30/04/2026;RTG Material Maitenance;728;16,01;BLOCO DISTRIBUICAO VERDE BASIC
30/04/2026;RTG Material Maitenance;728;17,21;BLOCO DISTRIBUICAO PRETO BASIC
30/04/2026;RTG Material Maitenance;728;15,54;BLOCO DISTRIBUICAO AZUL BASICO
30/04/2026;RTG Material Maitenance;728;22,40;BLOCO DISTRIBUICAO BRANCO BASI
30/04/2026;RTG Material Maitenance;728;22,40;BLOCO DISTRIBUICAO CINZA BASIC
30/04/2026;RTG Material Maitenance;728;17,10;BLOCO DISTRIBUICAO AMARELO BAS
30/04/2026;RTG Material Maitenance;728;15,54;BLOCO DISTRIBUICAO VERMELHO BA
30/04/2026;RTG Material Maitenance;728;14,42;"MARCADOR IND;2MM;BADEN/TRACOFO"
30/04/2026;RTG Material Maitenance;728;49,90;"FITA ISOL ELETR;750V;ADES;PVC;"
30/04/2026;RTG Material Maitenance;728;9,38;"LAMINA P/ESTIL;LARG;100X18X0,5;18MM"
30/04/2026;RTG Material Maitenance;728;125,17;"VISOR NIV RESERV;C/TERMOMETR;H"
30/04/2026;RTG Material Maitenance;728;1.983,27;"GRAXA;OLEO MINER;ROCOL/RDOFFSH"
30/04/2026;RTG Material Maitenance;728;126,56;"GRAXA;F/R WURTH 0893106"
30/04/2026;RTG Material Maitenance;728;91,52;"FILTRO;SEPAR;CUMMINS/FS19763"
30/04/2026;RTG Material Maitenance;728;5.051,86;"EIXO;F/R:KALMAR/ JP106555"
30/04/2026;RTG Material Maitenance;728;91,52;"FILTRO;SEPAR;CUMMINS/FS19763"
30/04/2026;RTG Material Maitenance;728;91,52;"FILTRO;SEPAR;CUMMINS/FS19763"
30/04/2026;RTG Material Maitenance;728;4.819,93;"CODIFICADOR/ENCODER;INCREMENT"
30/04/2026;RTG Material Maitenance;729;1.526,36;"OLEO LUBRIF;MOTOR 15W40"
30/04/2026;RTG Material Maitenance;729;1.046,53;"ADITIVO;P/ RADIADOR;COR:AZUL"
30/04/2026;RTG Material Maitenance;729;91,52;"FILTRO;SEPAR;CUMMINS/FS19763"
30/04/2026;RTG Material Maitenance;729;58,45;"FRASCO;PLAS;INCOL;CIL;250ML;C/"
30/04/2026;RTG Material Maitenance;729;45,18;"FILTRO;DO OLEO HID;P556005"
30/04/2026;RTG Material Maitenance;729;265,30;"FILTRO;AG;FLEETGUARD/WF2126;DO"
30/04/2026;RTG Material Maitenance;729;228,30;"ELEMENTO FILTR;OLEO DIESEL;FLE"
30/04/2026;RTG Material Maitenance;729;249,18;"FILTRO;F/R:FLEETGUARD/LF9070"
30/04/2026;RTG Material Maitenance;729;314,01;"FILTRO;PRIMAR;AR;DONALDSON/P78"
30/04/2026;RTG Material Maitenance;729;184,45;"ELEMENTO FILTR;AR SEC;DONALDSO"
30/04/2026;RTG Material Maitenance;729;3.747,38;TURBO COMPRESSOR 3104768 QSX15
30/04/2026;RTG Material Maitenance;730;91,52;"FILTRO;SEPAR;CUMMINS/FS19763"
30/04/2026;RTG Material Maitenance;730;1.819,02;"LUMINARIA;LATINA/LT.BIL.A050.60"
30/04/2026;RTG Material Maitenance;730;1.079,92;"DESENGRAXANTE;20L;CERTIFIED/DA"
30/04/2026;RTG Material Maitenance;730;46,68;"GRAMPO P/CAB AC;5/8POL;SAE 102"
30/04/2026;RTG Material Maitenance;730;65,47;"GRAMPO P/CAB AC;LEV;1/2POL;SAE"
30/04/2026;RTG Material Maitenance;730;1.526,36;"OLEO LUBRIF;MOTOR 15W40"
30/04/2026;RTG Material Maitenance;730;91,52;"FILTRO;SEPAR;CUMMINS/FS19763"
30/04/2026;RTG Material Maitenance;730;58,46;"FRASCO;PLAS;INCOL;CIL;250ML;C/"
30/04/2026;RTG Material Maitenance;730;45,18;"FILTRO;DO OLEO HID;P556005"
30/04/2026;RTG Material Maitenance;730;265,30;"FILTRO;AG;FLEETGUARD/WF2126;DO"
30/04/2026;RTG Material Maitenance;730;228,30;"ELEMENTO FILTR;OLEO DIESEL;FLE"
30/04/2026;RTG Material Maitenance;730;249,18;"FILTRO;F/R:FLEETGUARD/LF9070"
30/04/2026;RTG Material Maitenance;730;25,87;"GRAXA;NAUTICA;LIT;INGRAX/UNILI"
30/04/2026;RTG Material Maitenance;730;63,28;"GRAXA;F/R WURTH 0893106"
30/04/2026;RTG Material Maitenance;730;1.516,87;"MEDIDOR DIG P/OLEO;C/GAT;PIUSI"
30/04/2026;RTG Material Maitenance;730;4.973,00;"CONDICIONADOR AR;CARRIER/42MAC"
30/04/2026;RTG Material Maitenance;731;-621,27;"CONECTOR SOLEN;QUAD;STECK/S935"
30/04/2026;RTG Material Maitenance;731;915,25;"ROLAMENTO;85X180X41MM;APLICACAO;GERADOR;RTG;ZPMC;F"
30/04/2026;RTG Material Maitenance;731;9.188,13;"PMG;GERADOR;STAMFORD;TR 11-30"
30/04/2026;RTG Material Maitenance;731;1.079,92;"DESENGRAXANTE;20L;CERTIFIED/DA"
30/04/2026;RTG Material Maitenance;731;24,50;"TERMINAL;OLHAL;COMPRESSAO;70MM"
30/04/2026;RTG Material Maitenance;731;429,00;"BOTOEIRA MONT;1 BOT;SIEMENS/3S"
30/04/2026;RTG Material Maitenance;731;45,31;"CADEADO;LAT MACIC;50MM;S/INVOL"
30/04/2026;RTG Material Maitenance;731;621,27;"CONECTOR SOLEN;QUAD;STECK/S935"
30/04/2026;RTG Material Maitenance;731;13.889,31;"FILTRO;GERADOR;STAMFORD;APLICA"
30/04/2026;RTG Material Maitenance;731;163,35;"BLOCO;CONTATOR;AUXILIAR;APLICACAO;HEADBLOCK;RTG;ZP"
30/04/2026;RTG Material Maitenance;731;1.755,31;"OLEO LUBRIF;MOTOR 15W40"
30/04/2026;RTG Material Maitenance;731;1.046,53;"ADITIVO;P/ RADIADOR;COR:AZUL"
30/04/2026;RTG Material Maitenance;731;58,45;"FRASCO;PLAS;INCOL;CIL;250ML;C/"
30/04/2026;RTG Material Maitenance;731;49,21;"FILTRO;AG;ROSC;FLEETGUARD/WF21"
30/04/2026;RTG Material Maitenance;731;671,17;"FILTRO;OLEO MOTOR LF14000NN"
30/04/2026;RTG Material Maitenance;731;987,59;"ELEMENTO;FILTRANTE;FS53015"
30/04/2026;RTG Material Maitenance;731;1.599,68;"FILTRO;COMBUSTIVEL;FF5782NN"
30/04/2026;RTG Material Maitenance;731;93,68;"LUBRIFICANTE;MOLYGRAFIT/ACAERO"
30/04/2026;RTG Material Maitenance;732;915,25;"ROLAMENTO;85X180X41MM;APLICACAO;GERADOR;RTG;ZPMC;F"
30/04/2026;RTG Material Maitenance;732;1.755,31;"OLEO LUBRIF;MOTOR 15W40"
30/04/2026;RTG Material Maitenance;732;58,45;"FRASCO;PLAS;INCOL;CIL;250ML;C/"
30/04/2026;RTG Material Maitenance;732;49,21;"FILTRO;AG;ROSC;FLEETGUARD/WF21"
30/04/2026;RTG Material Maitenance;732;671,17;"FILTRO;OLEO MOTOR LF14000NN"
30/04/2026;RTG Material Maitenance;732;987,59;"ELEMENTO;FILTRANTE;FS53015"
30/04/2026;RTG Material Maitenance;732;1.599,68;"FILTRO;COMBUSTIVEL;FF5782NN"
30/04/2026;RTG Material Maitenance;732;28,11;"TERMINAL P/BATERIA; APERTO; PO"
30/04/2026;RTG Material Maitenance;732;27,89;"TERMINAL P/BAT;APERT;NEG;LAT;C"
30/04/2026;RTG Material Maitenance;733;76,32;"OLEO LUBRIF;MOTOR 15W40"
30/04/2026;RTG Material Maitenance;733;987,59;"ELEMENTO;FILTRANTE;FS53015"
30/04/2026;RTG Material Maitenance;735;1.755,31;"OLEO LUBRIF;MOTOR 15W40"
30/04/2026;RTG Material Maitenance;735;58,46;"FRASCO;PLAS;INCOL;CIL;250ML;C/"
30/04/2026;RTG Material Maitenance;735;49,21;"FILTRO;AG;ROSC;FLEETGUARD/WF21"
30/04/2026;RTG Material Maitenance;735;987,59;"ELEMENTO;FILTRANTE;FS53015"
30/04/2026;RTG Material Maitenance;735;1.599,68;"FILTRO;COMBUSTIVEL;FF5782NN"
30/04/2026;RTG Material Maitenance;735;335,58;"FILTRO;OLEO MOTOR LF14000NN"
30/04/2026;RTG Material Maitenance;735;30,77;"OLEO DESENGRIP;AEROSSOL 300ML;"
30/04/2026;RTG Material Maitenance;735;99,80;"FITA ISOL ELETR;750V;ADES;PVC;"
30/04/2026;RTG Material Maitenance;735;46,82;"FITA;ISOLANTE;TECIDO;DNI/DNI50"
30/04/2026;RTG Material Maitenance;735;1.872,63;"LUMINARIA;ESTRUTURA;LED;PHILIP"
30/04/2026;RTG Material Maitenance;735;987,59;"ELEMENTO;FILTRANTE;FS53015"
30/04/2026;RTG Material Maitenance;735;76,32;"OLEO LUBRIF;MOTOR 15W40"
30/04/2026;RTG Material Maitenance;736;108,90;"BLOCO;CONTATOR;AUXILIAR;APLICACAO;HEADBLOCK;RTG;ZP"
30/04/2026;RTG Material Maitenance;736;31,92;"BARRA ROSC AC INOX;AISI 304;M8"
30/04/2026;RTG Material Maitenance;736;987,59;"ELEMENTO;FILTRANTE;FS53015"
30/04/2026;RTG Material Maitenance;736;122,11;"OLEO LUBRIF;MOTOR 15W40"
30/04/2026;RTG Material Maitenance;736;1.300,09;"KIT;ELEMENTOS;FLEETGUARD AA296"
30/04/2026;RTG Material Maitenance;737;777,58;"SENSOR; F/R:IFM/IIT212"
30/04/2026;RTG Material Maitenance;737;777,58;"SENSOR; F/R:IFM/IIT212"
30/04/2026;RTG Material Maitenance;737;1.755,31;"OLEO LUBRIF;MOTOR 15W40"
30/04/2026;RTG Material Maitenance;737;58,45;"FRASCO;PLAS;INCOL;CIL;250ML;C/"
30/04/2026;RTG Material Maitenance;737;49,21;"FILTRO;AG;ROSC;FLEETGUARD/WF21"
30/04/2026;RTG Material Maitenance;737;671,17;"FILTRO;OLEO MOTOR LF14000NN"
30/04/2026;RTG Material Maitenance;737;987,59;"ELEMENTO;FILTRANTE;FS53015"
30/04/2026;RTG Material Maitenance;737;1.599,68;"FILTRO;COMBUSTIVEL;FF5782NN"
30/04/2026;RTG Material Maitenance;737;24,95;"FITA ISOL ELETR;750V;ADES;PVC;"
30/04/2026;RTG Material Maitenance;737;167,89;"TOALHA IND;BR;KIMBERLY CLARK/W"
30/04/2026;RTG Material Maitenance;737;43,26;"MARCADOR IND;2MM;BADEN/TRACOFO"
30/04/2026;RTG Material Maitenance;737;556,64;"CHAVE FIM CURS;1NA1NF;SCHNEIDE"
30/04/2026;RTG Material Maitenance;737;16,65;"ESTILETE;RETRAT;LARG;AZ/AM;ABS"
30/04/2026;RTG Material Maitenance;737;915,25;"ROLAMENTO;85X180X41MM;APLICACAO;GERADOR;RTG;ZPMC;F"
30/04/2026;RTG Material Maitenance;738;31,92;"BARRA ROSC AC INOX;AISI 304;M8"
30/04/2026;RTG Material Maitenance;738;1.897,67;"BATERIA AUTO;SELAD;12V;180A"
30/04/2026;RTG Material Maitenance;738;34,48;"TOMADA;MOVEL;FAMATEL/23200"
30/04/2026;RTG Material Maitenance;738;49,90;"FITA ISOL ELETR;750V;ADES;PVC;"
30/04/2026;RTG Material Maitenance;738;76,05;"LIMPADOR SUPERF;LAVAGEM A SECO"
30/04/2026;RTG Material Maitenance;738;99,80;"FITA ISOL ELETR;750V;ADES;PVC;"
30/04/2026;RTG Material Maitenance;738;47,99;"ADESIVO EPOXI;LIQ;BRASCOLA/ARA"
30/04/2026;RTG Material Maitenance;738;187,37;"LUBRIFICANTE;MOLYGRAFIT/ACAERO"
30/04/2026;RTG Material Maitenance;738;33,26;"LONA PLAST PROT;PT;PVC;8X100M;"
30/04/2026;RTG Material Maitenance;738;35,50;"FILME PLAS;PE;INCOL;500MM;BOB"
30/04/2026;RTG Material Maitenance;738;1.755,31;"OLEO LUBRIF;MOTOR 15W40"
30/04/2026;RTG Material Maitenance;738;1.046,53;"ADITIVO;P/ RADIADOR;COR:AZUL"
30/04/2026;RTG Material Maitenance;738;58,45;"FRASCO;PLAS;INCOL;CIL;250ML;C/"
30/04/2026;RTG Material Maitenance;738;49,21;"FILTRO;AG;ROSC;FLEETGUARD/WF21"
30/04/2026;RTG Material Maitenance;738;671,17;"FILTRO;OLEO MOTOR LF14000NN"
30/04/2026;RTG Material Maitenance;738;987,59;"ELEMENTO;FILTRANTE;FS53015"
30/04/2026;RTG Material Maitenance;738;1.599,68;"FILTRO;COMBUSTIVEL;FF5782NN"
30/04/2026;RTG Material Maitenance;738;269,21;"TOMADA;FEMEA;CONEXAO: 3P+T+N;T"
30/04/2026;RTG Material Maitenance;739;125,93;"BACTERICIDA;METASIL/DESIX AIR"
30/04/2026;RTG Material Maitenance;739;167,89;"TOALHA IND;BR;KIMBERLY CLARK/W"
30/04/2026;RTG Material Maitenance;739;1.755,31;"OLEO LUBRIF;MOTOR 15W40"
30/04/2026;RTG Material Maitenance;739;58,46;"FRASCO;PLAS;INCOL;CIL;250ML;C/"
30/04/2026;RTG Material Maitenance;739;49,21;"FILTRO;AG;ROSC;FLEETGUARD/WF21"
30/04/2026;RTG Material Maitenance;739;57,45;"FILTRO;ENC;PARKER/2020PMOR30M"
30/04/2026;RTG Material Maitenance;739;987,59;"ELEMENTO;FILTRANTE;FS53015"
30/04/2026;RTG Material Maitenance;739;1.599,68;"FILTRO;COMBUSTIVEL;FF5782NN"
30/04/2026;RTG Material Maitenance;739;16,82;"CADEADO;LAT MACIC;25MM;S/INVOL"
30/04/2026;RTG Material Maitenance;739;671,17;"FILTRO;OLEO MOTOR LF14000NN"
30/04/2026;RTG Material Maitenance;740;449,21;"BLOCO;CONTATO;HEAD;SCHNEIDER/X"
30/04/2026;RTG Material Maitenance;740;1.755,31;"OLEO LUBRIF;MOTOR 15W40"
30/04/2026;RTG Material Maitenance;740;1.046,53;"ADITIVO;P/ RADIADOR;COR:AZUL"
30/04/2026;RTG Material Maitenance;740;58,46;"FRASCO;PLAS;INCOL;CIL;250ML;C/"
30/04/2026;RTG Material Maitenance;740;671,17;"FILTRO;OLEO MOTOR LF14000NN"
30/04/2026;RTG Material Maitenance;740;49,21;"FILTRO;AG;ROSC;FLEETGUARD/WF21"
30/04/2026;RTG Material Maitenance;740;987,59;"ELEMENTO;FILTRANTE;FS53015"
30/04/2026;RTG Material Maitenance;740;1.599,68;"FILTRO;COMBUSTIVEL;FF5782NN"
30/04/2026;RTG Material Maitenance;740;41,61;"BUZINA;ELET 24VCC;S/CORNETA;BO"
30/04/2026;RTG Material Maitenance;741;10,82;"ADESIVO INST;CIANOACR;HENKEL/S"
30/04/2026;RTG Material Maitenance;741;24,00;"ADESIVO EPOXI;LIQ;BRASCOLA/ARA"
30/04/2026;RTG Material Maitenance;741;1.497,37;"CHAVE FIM CURS;ACE SCHMERSAL/M"
30/04/2026;RTG Material Maitenance;741;92,06;"HASTE;VARETA;ACO;INOX;3.0MM;TA"
30/04/2026;RTG Material Maitenance;741;260,36;"OLEO;HIDRAULICO;TITAN CHF 11S"
30/04/2026;RTG Material Maitenance;F316;291,61;"GRAMPO;TENSOR;HASTE;TP-U;FIXA;F/R;KIFIX/KF-943DTR"
07/05/2026;RTG Maintenance Services;;2.000,00;
07/05/2026;RTG Maintenance Services;;800,00;
07/05/2026;RTG Maintenance Services;;1.850,00;
07/05/2026;RTG Maintenance Services;;1.400,00;
12/05/2026;RTG Maintenance Services;;225,00;
12/05/2026;RTG Maintenance Services;;3.000,00;
12/05/2026;RTG Maintenance Services;;860,00;
12/05/2026;RTG Maintenance Services;;330,00;
19/05/2026;RTG Material Maitenance;;5.500,00;
22/05/2026;RTG Maintenance Services;;660,00;
25/05/2026;RTG Maintenance Services;;1.400,00;
25/05/2026;RTG Maintenance Services;;9.011,00;
25/05/2026;RTG Maintenance Services;;50,00;
26/05/2026;RTG Maintenance Services;;303,39;
26/05/2026;RTG Material Maitenance;709;851,72;
26/05/2026;RTG Material Maitenance;713;113,00;
26/05/2026;RTG Material Maitenance;714;175,27;
26/05/2026;RTG Material Maitenance;715;462,16;
26/05/2026;RTG Material Maitenance;737;173,76;
28/05/2026;RTG Maintenance Services;;3.900,00;
28/05/2026;RTG Maintenance Services;;3.900,00;
29/05/2026;RTG Maintenance Services;;3.900,00;
29/05/2026;RTG Maintenance Services;;3.900,00;
31/05/2026;RTG Maintenance Services;;9.814,46;
31/05/2026;RTG Material Maitenance;701;-164,88;"VISOR NIV TP BUJ;ALU;3/4BSP;MI"
31/05/2026;RTG Material Maitenance;701;1.555,13;"SENSOR; F/R:IFM/IIT212"
31/05/2026;RTG Material Maitenance;701;293,24;"CONECTOR SENSOR;TURCK/RKC4.4T"
31/05/2026;RTG Material Maitenance;701;116,91;"FRASCO;PLAS;INCOL;CIL;250ML;C/"
31/05/2026;RTG Material Maitenance;701;164,88;"VISOR NIV TP BUJ;ALU;3/4BSP;MI"
31/05/2026;RTG Material Maitenance;701;100,02;"VISOR NIV;VISORTEC/VIDROCRISTA"
31/05/2026;RTG Material Maitenance;701;100,02;"VISOR NIV;VISORTEC/VIDROCRISTA"
31/05/2026;RTG Material Maitenance;701;4.497,68;"CABO ACO PREFORM;IPH/26MM6X41W"
31/05/2026;RTG Material Maitenance;701;3.721,60;"CABO ACO PREFORM;IPH/16MM6X41W"
31/05/2026;RTG Material Maitenance;701;3.928,81;"CABO ACO PREFORM;IPH/16MM6X41W"
31/05/2026;RTG Material Maitenance;701;1.450,37;"MODULO;RETIFICADOR;RGM100"
31/05/2026;RTG Material Maitenance;701;514,67;"BLOCO CONT AUX TEMPORIZ;SCHNEI"
31/05/2026;RTG Material Maitenance;701;514,67;"BLOCO CONT AUX TEMPORIZ;SCHNEI"
31/05/2026;RTG Material Maitenance;701;1.174,08;"DISCO;KONECRANES/NM34008NR2"
31/05/2026;RTG Material Maitenance;701;61,56;"ABRACADEIRA;SUPORTE P/MANGUEIR"
31/05/2026;RTG Material Maitenance;701;452,33;"CONTATOR TRIP;32A;110VCA;SCHNE"
31/05/2026;RTG Material Maitenance;701;1.074,48;"ENGRENAGEM;31;DENTES;OPCAO/52R"
31/05/2026;RTG Material Maitenance;701;109,43;"BLOCO CONT AUX INST;2NA;SCHNEI"
31/05/2026;RTG Material Maitenance;701;632,02;"OLEO LUBRIF;MOTOR 15W40"
31/05/2026;RTG Material Maitenance;701;237,05;"TERMO-HIGROMETRO DIGIT;1,5VCC;"
31/05/2026;RTG Material Maitenance;701;56,38;"OLEO LUBRIFICANTE;P/ ENGRENAGE"
31/05/2026;RTG Material Maitenance;701;1.177,32;"OLEO;HIDIDRAULICO;HVLP 68"
31/05/2026;RTG Material Maitenance;702;83,63;BLOCO CONTATO AUXILIAR LADN22
31/05/2026;RTG Material Maitenance;702;116,76;MOLAS SPREADER PT CP-156 DE-21
31/05/2026;RTG Material Maitenance;702;30,36;"CABECOTE BOT COM ILUM;RED;VM;S"
31/05/2026;RTG Material Maitenance;702;951,11;"BATERIA AUTO;SELAD;12V;180A"
31/05/2026;RTG Material Maitenance;702;8.995,35;"CABO ACO PREFORM;IPH/26MM6X41W"
31/05/2026;RTG Material Maitenance;702;4.514,27;"CABO ACO PREFORM;IPH/26MM6X41W"
31/05/2026;RTG Material Maitenance;702;1.517,54;"CHAVE FIM CURS;ACE SCHMERSAL/M"
31/05/2026;RTG Material Maitenance;702;2.348,16;"DISCO;KONECRANES/NM34008NR2"
31/05/2026;RTG Material Maitenance;702;632,02;"OLEO LUBRIF;MOTOR 15W40"
31/05/2026;RTG Material Maitenance;702;633,38;"PINO;DRAWING/RTGHBA3OP2"
31/05/2026;RTG Material Maitenance;702;237,05;"TERMO-HIGROMETRO DIGIT;1,5VCC;"
31/05/2026;RTG Material Maitenance;703;632,02;"OLEO LUBRIF;MOTOR 15W40"
31/05/2026;RTG Material Maitenance;703;5.053,40;"ROLAMENTO AUTOC ROL;RAD/AXI;AC"
31/05/2026;RTG Material Maitenance;703;3.844,62;"ROLAMENTO ROL CON;100X215X77,5"
31/05/2026;RTG Material Maitenance;703;237,05;"TERMO-HIGROMETRO DIGIT;1,5VCC;"
31/05/2026;RTG Material Maitenance;703;330,63;"CONTATOR TRIP;12A;110VCA;SCHNE"
31/05/2026;RTG Material Maitenance;703;72,83;"BLOCO CONT AUX INST;1NA1NF;SCH"
31/05/2026;RTG Material Maitenance;703;109,43;"BLOCO CONT AUX INST;2NA;SCHNEI"
31/05/2026;RTG Material Maitenance;703;53,32;"BLOCO CONT AUX INST;2NA2NF;SCH"
31/05/2026;RTG Material Maitenance;703;35,29;"BLOCO CONT AUX INST;1NA1NF;SCH"
31/05/2026;RTG Material Maitenance;703;514,67;"BLOCO CONT AUX TEMPORIZ;SCHNEI"
31/05/2026;RTG Material Maitenance;704;34,40;"ADESIVO VED; INCOLOR;WURTH/089"
31/05/2026;RTG Material Maitenance;704;91,52;"FILTRO;SEPAR;CUMMINS/FS19763"
31/05/2026;RTG Material Maitenance;704;6.781,56;"ROLAMENTO AUTOC ROL;RAD;CIL;BR"
31/05/2026;RTG Material Maitenance;704;268,36;"ROLAMENTO ROL CON;40X90X35,25M"
31/05/2026;RTG Material Maitenance;704;3.581,08;"FONTE ALIM;85-264VCA;24VCC;PHO"
31/05/2026;RTG Material Maitenance;705;116,91;"FRASCO;PLAS;INCOL;CIL;250ML;C/"
31/05/2026;RTG Material Maitenance;705;632,02;"OLEO LUBRIF;MOTOR 15W40"
31/05/2026;RTG Material Maitenance;705;91,52;"FILTRO;SEPAR;CUMMINS/FS19763"
31/05/2026;RTG Material Maitenance;705;58,46;"FRASCO;PLAS;INCOL;CIL;250ML;C/"
31/05/2026;RTG Material Maitenance;705;109,38;"FILTRO;CART;AG;11/16-16UN;BALD"
31/05/2026;RTG Material Maitenance;705;238,07;"FILTRO;P/ OLEO LUBRIFICANTE;FI"
31/05/2026;RTG Material Maitenance;705;514,67;"BLOCO CONT AUX TEMPORIZ;SCHNEI"
31/05/2026;RTG Material Maitenance;705;167,89;"TOALHA IND;BR;KIMBERLY CLARK/W"
31/05/2026;RTG Material Maitenance;705;622,54;"PARAFUSO CAB QUADRADA;10.9;ANSI/ASME B18 2 1;UNC3/"
31/05/2026;RTG Material Maitenance;705;1.450,37;"MODULO;RETIFICADOR;RGM100"
31/05/2026;RTG Material Maitenance;705;34,84;"TERMINAL;OLHAL;S/ISOLACAO;25MM"
31/05/2026;RTG Material Maitenance;705;1.902,21;"BATERIA AUTO;SELAD;12V;180A"
31/05/2026;RTG Material Maitenance;705;126,40;"CORREIA;KONECRANES/200549"
31/05/2026;RTG Material Maitenance;705;79,00;"OLEO LUBRIF;MOTOR 15W40"
31/05/2026;RTG Material Maitenance;705;268,61;"OLEO LUBRIF;MOTOR 15W40"
31/05/2026;RTG Material Maitenance;706;91,52;"FILTRO;SEPAR;CUMMINS/FS19763"
31/05/2026;RTG Material Maitenance;706;91,52;"FILTRO;SEPAR;CUMMINS/FS19763"
31/05/2026;RTG Material Maitenance;706;91,52;"FILTRO;SEPAR;CUMMINS/FS19763"
31/05/2026;RTG Material Maitenance;706;301,05;"BOLSA;COLETORA;24.000BTU;GBMAK"
31/05/2026;RTG Material Maitenance;706;376,90;"ELEMENTO FILTR;AR;FLEETGUARD/A"
31/05/2026;RTG Material Maitenance;706;226,84;"ADAPTADOR;RADIOSHACK/2603487"
31/05/2026;RTG Material Maitenance;706;16,45;"ESTILETE;RETRAT;LARG;AZ/AM;ABS"
31/05/2026;RTG Material Maitenance;709;3.864,14;"CUNHA DE AJUSTE;BUBENZER/8-635"
31/05/2026;RTG Material Maitenance;709;91,52;"FILTRO;SEPAR;CUMMINS/FS19763"
31/05/2026;RTG Material Maitenance;709;93,68;"LUBRIFICANTE;MOLYGRAFIT/ACAERO"
31/05/2026;RTG Material Maitenance;709;1.580,06;"OLEO LUBRIF;MOTOR 15W40"
31/05/2026;RTG Material Maitenance;709;91,52;"FILTRO;SEPAR;CUMMINS/FS19763"
31/05/2026;RTG Material Maitenance;709;58,45;"FRASCO;PLAS;INCOL;CIL;250ML;C/"
31/05/2026;RTG Material Maitenance;709;265,30;"FILTRO;AG;FLEETGUARD/WF2126;DO"
31/05/2026;RTG Material Maitenance;709;1.033,68;"FILTRO;DIESEL;CUMMINS/FF63010"
31/05/2026;RTG Material Maitenance;709;249,18;"FILTRO;F/R:FLEETGUARD/LF9070"
31/05/2026;RTG Material Maitenance;709;11.046,52;"CUBO;VENTILADOR;ASM;APLICACAO;"
31/05/2026;RTG Material Maitenance;709;562,05;"COIFA;PARA MANIPULADOR;COMANDO"
31/05/2026;RTG Material Maitenance;709;126,56;"GRAXA;F/R WURTH 0893106"
31/05/2026;RTG Material Maitenance;709;83,85;"BLOCO CONT AUX INST;SIEMENS/3R"
31/05/2026;RTG Material Maitenance;709;4.556,67;"RETIFICADOR;BUBENZER/BB0009"
31/05/2026;RTG Material Maitenance;709;36,83;"FITA ISOL ELETR;69KV;3M/H00021"
31/05/2026;RTG Material Maitenance;709;17,63;"FLUIDO LIMP CONT;WURTH/3895653"
31/05/2026;RTG Material Maitenance;709;10,26;"OLEO DESENGRIP;AEROSSOL 300ML;"
31/05/2026;RTG Material Maitenance;709;38,03;"LIMPADOR SUPERF;LAVAGEM A SECO"
31/05/2026;RTG Material Maitenance;709;167,89;"TOALHA IND;BR;KIMBERLY CLARK/W"
31/05/2026;RTG Material Maitenance;709;8.496,94;ASSENTO COMPLETO 65301750 CABI
31/05/2026;RTG Material Maitenance;709;125,19;"RETENTOR;CUMMINS/200307"
31/05/2026;RTG Material Maitenance;709;326,34;"GIROFLEX;REDONDO;GIROLED/110/2"
31/05/2026;RTG Material Maitenance;709;25,87;"GRAXA;NAUTICA;LIT;INGRAX/UNILI"
31/05/2026;RTG Material Maitenance;709;126,56;"GRAXA;F/R WURTH 0893106"
31/05/2026;RTG Material Maitenance;709;1.079,92;"DESENGRAXANTE;20L;CERTIFIED/DA"
31/05/2026;RTG Material Maitenance;709;1.023,47;"DESENGRAXANTE;DIELETRICO;WURTH"
31/05/2026;RTG Material Maitenance;709;126,56;"GRAXA;F/R WURTH 0893106"
31/05/2026;RTG Material Maitenance;709;90,63;"CADEADO;LAT MACIC;50MM;S/INVOL"
31/05/2026;RTG Material Maitenance;709;999,56;"CONE ROL CON;EIX 34,92MM;30811"
31/05/2026;RTG Material Maitenance;709;521,85;"FILTRO;AR;CUMMINS/AF25708M"
31/05/2026;RTG Material Maitenance;710;299,02;"CABO;C/CONECTOR;VALVULA;TIPO:A"
31/05/2026;RTG Material Maitenance;710;1.075,49;"VALVULA HIDR DIRECIONAL;EATON"
31/05/2026;RTG Material Maitenance;710;299,02;"CABO;C/CONECTOR;VALVULA;TIPO:A"
31/05/2026;RTG Material Maitenance;710;1.075,49;"VALVULA HIDR DIRECIONAL;EATON"
31/05/2026;RTG Material Maitenance;710;167,89;"TOALHA IND;BR;KIMBERLY CLARK/W"
31/05/2026;RTG Material Maitenance;710;935,88;"VALVULA HIDR DIREC;EATON/DG4V3"
31/05/2026;RTG Material Maitenance;710;544,50;BOBINA SOLENOIDE 24VCC F/R VIC
31/05/2026;RTG Material Maitenance;710;91,52;"FILTRO;SEPAR;CUMMINS/FS19763"
31/05/2026;RTG Material Maitenance;710;20,51;"OLEO DESENGRIP;AEROSSOL 300ML;"
31/05/2026;RTG Material Maitenance;710;2.207,03;"CJ LAMINAS P/ ACOPL;90MM;132MM"
31/05/2026;RTG Material Maitenance;710;2.207,03;"CJ LAMINAS P/ ACOPL;90MM;132MM"
31/05/2026;RTG Material Maitenance;710;428,12;"OLEO;HIDIDRAULICO;HVLP 68"
31/05/2026;RTG Material Maitenance;710;1.079,92;"DESENGRAXANTE;20L;CERTIFIED/DA"
31/05/2026;RTG Material Maitenance;710;93,68;"LUBRIFICANTE;MOLYGRAFIT/ACAERO"
31/05/2026;RTG Material Maitenance;710;1.580,06;"OLEO LUBRIF;MOTOR 15W40"
31/05/2026;RTG Material Maitenance;710;91,52;"FILTRO;SEPAR;CUMMINS/FS19763"
31/05/2026;RTG Material Maitenance;710;58,45;"FRASCO;PLAS;INCOL;CIL;250ML;C/"
31/05/2026;RTG Material Maitenance;710;265,30;"FILTRO;AG;FLEETGUARD/WF2126;DO"
31/05/2026;RTG Material Maitenance;710;1.033,68;"FILTRO;DIESEL;CUMMINS/FF63010"
31/05/2026;RTG Material Maitenance;710;249,18;"FILTRO;F/R:FLEETGUARD/LF9070"
31/05/2026;RTG Material Maitenance;711;126,40;"OLEO LUBRIF;MOTOR 15W40"
31/05/2026;RTG Material Maitenance;711;91,52;"FILTRO;SEPAR;CUMMINS/FS19763"
31/05/2026;RTG Material Maitenance;711;8.884,72;"FREIO;GANTRY/TRANSLADO;TR-11-2"
31/05/2026;RTG Material Maitenance;711;4.197,04;"BOBINA;KONECRANES/60/891.080.1"
31/05/2026;RTG Material Maitenance;711;27.752,93;INVERSOR DYNAC VECTOR II D2C04
31/05/2026;RTG Material Maitenance;711;1.287,60;"FUSIVEL NH;000;250A;690V;UR;BU"
31/05/2026;RTG Material Maitenance;711;0,64;"SACO LIX;PVC;100L;EMBAL C/100"
31/05/2026;RTG Material Maitenance;711;2,54;"SACO LIX;PVC;100L;EMBAL C/100"
31/05/2026;RTG Material Maitenance;711;91,52;"FILTRO;SEPAR;CUMMINS/FS19763"
31/05/2026;RTG Material Maitenance;711;495,22;"CONTATOR TRIP;12A;120VCA;SCHNE"
31/05/2026;RTG Material Maitenance;711;813,39;"BLOCO CONT AUX TEMPORIZ;SCHNEI"
31/05/2026;RTG Material Maitenance;711;1,81;"FUSIVEL;VIDRO;GRANDE;2A"
31/05/2026;RTG Material Maitenance;711;1.996,50;"MODULO;KONE/V0003740"
31/05/2026;RTG Material Maitenance;711;8.394,08;"BOBINA;KONECRANES/60/891.080.1"
31/05/2026;RTG Material Maitenance;711;1.996,50;"MODULO;KONE/V0003740"
31/05/2026;RTG Material Maitenance;711;15,62;"DISJUNTOR TERM;MONO;10A;SIEMEN"
31/05/2026;RTG Material Maitenance;711;74,00;"DISJUNTOR TERM;MONO;4A;SIEMENS"
31/05/2026;RTG Material Maitenance;711;2.900,75;"MODULO;RETIFICADOR;RGM100"
31/05/2026;RTG Material Maitenance;711;998,25;"MODULO;KONE/V0003740"
31/05/2026;RTG Material Maitenance;711;1.450,37;"MODULO;RETIFICADOR;RGM100"
31/05/2026;RTG Material Maitenance;711;15,57;PILHA(AAA) CONJUNTO 2 UNIDADES
31/05/2026;RTG Material Maitenance;711;1.452,00;"FLEXPLATE;PLACA;APLICACAO;RTG"
31/05/2026;RTG Material Maitenance;711;91,52;"FILTRO;SEPAR;CUMMINS/FS19763"
31/05/2026;RTG Material Maitenance;711;34.171,89;"GERADOR;STANFORD/HCI534D1 G 95"
31/05/2026;RTG Material Maitenance;711;4.630,40;"COXIM;SUPORTE;108X172X41;C/ROS"
31/05/2026;RTG Material Maitenance;711;2.192,83;"COXIM;SUPORTE;RTG;11 A 14;KONECRANES;MOTOR;DIESEL;"
31/05/2026;RTG Material Maitenance;711;5.947,82;"PLACA ELETR;CONTROL TECHNI/STA"
31/05/2026;RTG Material Maitenance;711;30.055,08;"DISCO;HOIST;FREIO;2100NM"
31/05/2026;RTG Material Maitenance;711;3.996,09;"CODIFICADOR;INCR;BID;LEINE E L"
31/05/2026;RTG Material Maitenance;711;1.029,34;"BLOCO CONT AUX TEMPORIZ;SCHNEI"
31/05/2026;RTG Material Maitenance;711;299,29;"SENSOR;BIDUK I1CF-M1808P-O3U2"
31/05/2026;RTG Material Maitenance;711;399,34;"SENSOR;TURCK/BI4U-M12-AP6X;KON"
31/05/2026;RTG Material Maitenance;712;91,52;"FILTRO;SEPAR;CUMMINS/FS19763"
31/05/2026;RTG Material Maitenance;712;3.996,09;"CODIFICADOR;INCR;BID;LEINE E L"
31/05/2026;RTG Material Maitenance;712;91,52;"FILTRO;SEPAR;CUMMINS/FS19763"
31/05/2026;RTG Material Maitenance;712;10,26;"OLEO DESENGRIP;AEROSSOL 300ML;"
31/05/2026;RTG Material Maitenance;712;79,00;"OLEO LUBRIF;MOTOR 15W40"
31/05/2026;RTG Material Maitenance;712;83,23;"BUZINA;ELET 24VCC;S/CORNETA;BO"
31/05/2026;RTG Material Maitenance;712;91,52;"FILTRO;SEPAR;CUMMINS/FS19763"
31/05/2026;RTG Material Maitenance;712;91,52;"FILTRO;SEPAR;CUMMINS/FS19763"
31/05/2026;RTG Material Maitenance;712;1.580,06;"OLEO LUBRIF;MOTOR 15W40"
31/05/2026;RTG Material Maitenance;712;91,52;"FILTRO;SEPAR;CUMMINS/FS19763"
31/05/2026;RTG Material Maitenance;712;58,46;"FRASCO;PLAS;INCOL;CIL;250ML;C/"
31/05/2026;RTG Material Maitenance;712;265,30;"FILTRO;AG;FLEETGUARD/WF2126;DO"
31/05/2026;RTG Material Maitenance;712;228,30;"ELEMENTO FILTR;OLEO DIESEL;FLE"
31/05/2026;RTG Material Maitenance;712;249,18;"FILTRO;F/R:FLEETGUARD/LF9070"
31/05/2026;RTG Material Maitenance;712;20,51;"OLEO DESENGRIP;AEROSSOL 300ML;"
31/05/2026;RTG Material Maitenance;712;71,91;"RETENTOR;45X72X9,50MM;SABO/015"
31/05/2026;RTG Material Maitenance;712;281,03;"COIFA;PARA MANIPULADOR;COMANDO"
31/05/2026;RTG Material Maitenance;712;17,26;"ADESIVO VED;BRASCOLA/BRASCOVED"
31/05/2026;RTG Material Maitenance;712;35,26;"FLUIDO LIMP CONT;WURTH/3895653"
31/05/2026;RTG Material Maitenance;712;20,51;"OLEO DESENGRIP;AEROSSOL 300ML;"
31/05/2026;RTG Material Maitenance;712;51,75;"GRAXA;NAUTICA;LIT;INGRAX/UNILI"
31/05/2026;RTG Material Maitenance;712;12,48;"TRAVA;ARANHA;BOGGIE/KONECRANES"
31/05/2026;RTG Material Maitenance;712;325,00;"BUCHA;KONECRANES/52490100"
31/05/2026;RTG Material Maitenance;712;44,52;"ANEL;TRAVA;INTER;;ANELBRAS/J16"
31/05/2026;RTG Material Maitenance;712;4.219,88;"CAVALETE;MANCAL;DROMO;ARMENIO/"
31/05/2026;RTG Material Maitenance;712;11,90;"ANEL;TRAVA;EXTERNO;90X3;DIN471"
31/05/2026;RTG Material Maitenance;712;1.730,47;"ROLAMENTO AUTOC ROL;RAD/AXI;AC"
31/05/2026;RTG Material Maitenance;712;127,05;"ANEL;NILOS;TIPO:JV;P/ROLAMENTO"
31/05/2026;RTG Material Maitenance;712;2.359,50;"EIXO;MANCAL;DROMO;GRUPO ARMENI"
31/05/2026;RTG Material Maitenance;712;167,89;"TOALHA IND;BR;KIMBERLY CLARK/W"
31/05/2026;RTG Material Maitenance;712;7,16;"ESCOVA MAN;MAD;MR;C/CAB;VONDER"
31/05/2026;RTG Material Maitenance;712;91,52;"FILTRO;SEPAR;CUMMINS/FS19763"
31/05/2026;RTG Material Maitenance;712;8.884,72;"FREIO;GANTRY/TRANSLADO;TR-11-2"
31/05/2026;RTG Material Maitenance;712;17.769,45;"FREIO;GANTRY/TRANSLADO;TR-11-2"
31/05/2026;RTG Material Maitenance;712;2.900,75;"MODULO;RETIFICADOR;RGM100"
31/05/2026;RTG Material Maitenance;712;1.029,34;"BLOCO CONT AUX TEMPORIZ;SCHNEI"
31/05/2026;RTG Material Maitenance;712;91,52;"FILTRO;SEPAR;CUMMINS/FS19763"
31/05/2026;RTG Material Maitenance;712;238,98;"CHAVE;GERAL;OSPINA/094004"
31/05/2026;RTG Material Maitenance;712;2.408,06;"MOTOR PARTID;7,5KW;24VCC;DELCO"
31/05/2026;RTG Material Maitenance;713;-12.093,98;REDUTOR TROLLEY REPARADO KONEC
31/05/2026;RTG Material Maitenance;713;91,52;"FILTRO;SEPAR;CUMMINS/FS19763"
31/05/2026;RTG Material Maitenance;713;2.408,06;"MOTOR PARTID;7,5KW;24VCC;DELCO"
31/05/2026;RTG Material Maitenance;713;7,44;"PRENSA;F/R:WETZEL/E007020050"
31/05/2026;RTG Material Maitenance;713;862,13;"MICRO;FIM DE CURSO;TELEMECANIQ"
31/05/2026;RTG Material Maitenance;713;765,66;CONECTOR SENSOR MACHO RETO
31/05/2026;RTG Material Maitenance;713;165,17;"ALAVANCA;AJUSTAVEL;APLICACAO;L"
31/05/2026;RTG Material Maitenance;713;10,82;"ADESIVO INST;CIANOACR;HENKEL/S"
31/05/2026;RTG Material Maitenance;713;24,95;"FITA ISOL ELETR;750V;ADES;PVC;"
31/05/2026;RTG Material Maitenance;713;91,52;"FILTRO;SEPAR;CUMMINS/FS19763"
31/05/2026;RTG Material Maitenance;713;91,52;"FILTRO;SEPAR;CUMMINS/FS19763"
31/05/2026;RTG Material Maitenance;713;28.070,79;"RODA LE CARRO/TROLLEY;53213852"
31/05/2026;RTG Material Maitenance;713;22.188,37;"RODA LD CARRO/TROLLEY;53213853"
31/05/2026;RTG Material Maitenance;713;12.093,98;REDUTOR TROLLEY REPARADO KONEC
31/05/2026;RTG Material Maitenance;713;22.188,37;"RODA LD CARRO/TROLLEY;53213853"
31/05/2026;RTG Material Maitenance;713;5.205,17;"ROLAMENTO AUTOC ROL;RAD;CIL;A"
31/05/2026;RTG Material Maitenance;713;112,75;"BARRA ROSC AC INOX;AISI 304;M2"
31/05/2026;RTG Material Maitenance;713;44,28;"PORCA;SEXT;M20X2,50;16MM;SAE10"
31/05/2026;RTG Material Maitenance;713;46.600,13;"RODA;DIREITA;TROLLEY;53205098"
31/05/2026;RTG Material Maitenance;713;11.574,76;"ACOPLAMENTO;KONECRANES/5G4408"
31/05/2026;RTG Material Maitenance;713;77,30;"PARAFUSO;SEXTAVADO;M20X80MM;PA"
31/05/2026;RTG Material Maitenance;713;20,51;"OLEO DESENGRIP;AEROSSOL 300ML;"
31/05/2026;RTG Material Maitenance;713;91,52;"FILTRO;SEPAR;CUMMINS/FS19763"
31/05/2026;RTG Material Maitenance;713;1.029,34;"BLOCO CONT AUX TEMPORIZ;SCHNEI"
31/05/2026;RTG Material Maitenance;713;2.900,75;"MODULO;RETIFICADOR;RGM100"
31/05/2026;RTG Material Maitenance;713;91,52;"FILTRO;SEPAR;CUMMINS/FS19763"
31/05/2026;RTG Material Maitenance;713;1.443,36;"CORREIA;CUMMINS/3106099"
31/05/2026;RTG Material Maitenance;713;2.249,14;ALTERNADOR 24V 4936879
31/05/2026;RTG Material Maitenance;713;686,96;"SIRENE;BC-8;NANHUA;TENSAO 24V"
31/05/2026;RTG Material Maitenance;713;8.884,72;"FREIO;GANTRY/TRANSLADO;TR-11-2"
31/05/2026;RTG Material Maitenance;713;15,52;"ANEL;ELASTICO;M35;DIAMETRO;NÃO;TENSIONADO;32,2MM;D"
31/05/2026;RTG Material Maitenance;713;1.450,37;"MODULO;RETIFICADOR;RGM100"
31/05/2026;RTG Material Maitenance;713;1.450,37;"MODULO;RETIFICADOR;RGM100"
31/05/2026;RTG Material Maitenance;713;17.769,45;"FREIO;GANTRY/TRANSLADO;TR-11-2"
31/05/2026;RTG Material Maitenance;713;1.580,06;"OLEO LUBRIF;MOTOR 15W40"
31/05/2026;RTG Material Maitenance;713;91,52;"FILTRO;SEPAR;CUMMINS/FS19763"
31/05/2026;RTG Material Maitenance;713;58,45;"FRASCO;PLAS;INCOL;CIL;250ML;C/"
31/05/2026;RTG Material Maitenance;713;265,30;"FILTRO;AG;FLEETGUARD/WF2126;DO"
31/05/2026;RTG Material Maitenance;713;228,30;"ELEMENTO FILTR;OLEO DIESEL;FLE"
31/05/2026;RTG Material Maitenance;713;249,18;"FILTRO;F/R:FLEETGUARD/LF9070"
31/05/2026;RTG Material Maitenance;713;71,39;"ISOLANTE LIQ;EPOXI;PT;LAT 200M"
31/05/2026;RTG Material Maitenance;713;35,26;"FLUIDO LIMP CONT;WURTH/3895653"
31/05/2026;RTG Material Maitenance;713;167,89;"TOALHA IND;BR;KIMBERLY CLARK/W"
31/05/2026;RTG Material Maitenance;713;2.159,85;"DESENGRAXANTE;20L;CERTIFIED/DA"
31/05/2026;RTG Material Maitenance;713;2.900,75;"MODULO;RETIFICADOR;RGM100"
31/05/2026;RTG Material Maitenance;713;5.230,83;"BOMBA DUPL DIAFR;PNEUM;ALU;HYT"
31/05/2026;RTG Material Maitenance;714;-1.027,60;"CORREIA;CUMMINS/3681636"
31/05/2026;RTG Material Maitenance;714;65,85;"ARRUELA;1/2POL;APLICACAO:MOTOR"
31/05/2026;RTG Material Maitenance;714;78,67;"PINO;GUIA;MOTOR;DIESEL;CUMMINS"
31/05/2026;RTG Material Maitenance;714;32,21;"PROTETOR;POEIRA;APLICACAO:MOTO"
31/05/2026;RTG Material Maitenance;714;474,24;"PILOTO;CUMMINS/3681715"
31/05/2026;RTG Material Maitenance;714;2.487,01;"POLIA;CUMMINS/3681587"
31/05/2026;RTG Material Maitenance;714;1.027,60;"CORREIA;CUMMINS/3681636"
31/05/2026;RTG Material Maitenance;714;896,16;"SUPORTE;CUMMINS/3681191"
31/05/2026;RTG Material Maitenance;714;167,89;"TOALHA IND;BR;KIMBERLY CLARK/W"
31/05/2026;RTG Material Maitenance;714;521,85;"FILTRO;AR;CUMMINS/AF25708M"
31/05/2026;RTG Material Maitenance;714;105,10;"PARAFUSO;CUMMINS/3681390"
31/05/2026;RTG Material Maitenance;714;1.443,36;"CORREIA;CUMMINS/3106099"
31/05/2026;RTG Material Maitenance;714;3,68;"PARAFUSO;SEXTAVADO;CABECA;FLAN"
31/05/2026;RTG Material Maitenance;714;25,43;"PARAFUSO;CUMMINS/3092250"
31/05/2026;RTG Material Maitenance;714;2.422,59;"TENSOR;KONECRANES/3104029"
31/05/2026;RTG Material Maitenance;714;1.287,60;"FUSIVEL NH;000;250A;690V;UR;BU"
31/05/2026;RTG Material Maitenance;714;9.958,75;"MOTOR;KONECRANES/MF13G200210AA"
31/05/2026;RTG Material Maitenance;714;17.769,45;"FREIO;GANTRY/TRANSLADO;TR-11-2"
31/05/2026;RTG Material Maitenance;714;1.517,54;"CHAVE FIM CURS;ACE SCHMERSAL/M"
31/05/2026;RTG Material Maitenance;714;862,07;CORPO CHAVE FIM CURSO
31/05/2026;RTG Material Maitenance;714;765,66;CONECTOR SENSOR MACHO RETO
31/05/2026;RTG Material Maitenance;714;602,88;PARAFUSO F/R:DHL/PAR-2581
31/05/2026;RTG Material Maitenance;714;59,63;"PRENSA CABO;HARTING/0110061816"
31/05/2026;RTG Material Maitenance;714;8.884,72;"FREIO;GANTRY/TRANSLADO;TR-11-2"
31/05/2026;RTG Material Maitenance;714;1.450,37;"MODULO;RETIFICADOR;RGM100"
31/05/2026;RTG Material Maitenance;714;1.450,37;"MODULO;RETIFICADOR;RGM100"
31/05/2026;RTG Material Maitenance;714;4.197,04;"BOBINA;KONECRANES/60/891.080.1"
31/05/2026;RTG Material Maitenance;714;249,18;"FILTRO;F/R:FLEETGUARD/LF9070"
31/05/2026;RTG Material Maitenance;714;1.033,68;"FILTRO;DIESEL;CUMMINS/FF63010"
31/05/2026;RTG Material Maitenance;714;265,30;"FILTRO;AG;FLEETGUARD/WF2126;DO"
31/05/2026;RTG Material Maitenance;714;599,90;"FILTRO;PRIMARIO;DIESEL;QSX15;A"
31/05/2026;RTG Material Maitenance;714;6,35;"SACO LIX;PVC;100L;EMBAL C/100"
31/05/2026;RTG Material Maitenance;714;4.197,04;"BOBINA;KONECRANES/60/891.080.1"
31/05/2026;RTG Material Maitenance;714;3.877,97;"BOBINA;KONECRANES/52301642"
31/05/2026;RTG Material Maitenance;714;2.900,75;"MODULO;RETIFICADOR;RGM100"
31/05/2026;RTG Material Maitenance;714;3.877,97;"BOBINA;KONECRANES/52301642"
31/05/2026;RTG Material Maitenance;714;1.450,37;"MODULO;RETIFICADOR;RGM100"
31/05/2026;RTG Material Maitenance;714;0,91;"FUSIVEL;VIDRO;GRANDE;2A"
31/05/2026;RTG Material Maitenance;714;10,82;"ADESIVO INST;CIANOACR;HENKEL/S"
31/05/2026;RTG Material Maitenance;714;514,67;"BLOCO CONT AUX TEMPORIZ;SCHNEI"
31/05/2026;RTG Material Maitenance;714;1.450,37;"MODULO;RETIFICADOR;RGM100"
31/05/2026;RTG Material Maitenance;714;109,43;"BLOCO CONT AUX INST;2NA;SCHNEI"
31/05/2026;RTG Material Maitenance;714;8.884,72;"FREIO;GANTRY/TRANSLADO;TR-11-2"
31/05/2026;RTG Material Maitenance;714;1.373,91;"SIRENE;BC-8;NANHUA;TENSAO 24V"
31/05/2026;RTG Material Maitenance;714;521,85;"FILTRO;AR;CUMMINS/AF25708M"
31/05/2026;RTG Material Maitenance;715;-317,17;"SINALIZADOR LUM IND;SI;CIL;ACR"
31/05/2026;RTG Material Maitenance;715;-3.851,46;"CODIFICADOR;ABSOLUTO;UNIDIRECI"
31/05/2026;RTG Material Maitenance;715;317,17;"SINALIZADOR LUM IND;SI;CIL;ACR"
31/05/2026;RTG Material Maitenance;715;4.332,81;"REGULADOR TENS;5A;STAMFORD;AVR"
31/05/2026;RTG Material Maitenance;715;3.851,46;"CODIFICADOR;ABSOLUTO;UNIDIRECI"
31/05/2026;RTG Material Maitenance;715;633,38;"PINO;DRAWING/RTGHBA3OP2"
31/05/2026;RTG Material Maitenance;715;8.394,08;"BOBINA;KONECRANES/60/891.080.1"
31/05/2026;RTG Material Maitenance;715;526,35;"CONTATOR TETRA;40A;110VCA;SCHN"
31/05/2026;RTG Material Maitenance;715;162,50;"BUCHA;KONECRANES/52490100"
31/05/2026;RTG Material Maitenance;716;316,72;"EIXO;APLICACAO;ENCODER;MOTOR;H"
31/05/2026;RTG Material Maitenance;716;91,52;"FILTRO;SEPAR;CUMMINS/FS19763"
31/05/2026;RTG Material Maitenance;716;19,68;"CHAVE;P/QUADRO;COMANDO;USS4;PH"
31/05/2026;RTG Material Maitenance;716;91,52;"FILTRO;SEPAR;CUMMINS/FS19763"
31/05/2026;RTG Material Maitenance;716;1.033,68;"FILTRO;DIESEL;CUMMINS/FF63010"
31/05/2026;RTG Material Maitenance;716;521,85;"FILTRO;AR;CUMMINS/AF25708M"
31/05/2026;RTG Material Maitenance;716;450,47;"SENSOR;VIGIA/X1102A5032"
31/05/2026;RTG Material Maitenance;716;60.485,18;"BICO;INJETOR;COMBUSTIVEL;APLIC"
31/05/2026;RTG Material Maitenance;716;1.079,92;"DESENGRAXANTE;20L;CERTIFIED/DA"
31/05/2026;RTG Material Maitenance;716;1.580,06;"OLEO LUBRIF;MOTOR 15W40"
31/05/2026;RTG Material Maitenance;716;91,52;"FILTRO;SEPAR;CUMMINS/FS19763"
31/05/2026;RTG Material Maitenance;716;58,46;"FRASCO;PLAS;INCOL;CIL;250ML;C/"
31/05/2026;RTG Material Maitenance;716;265,30;"FILTRO;AG;FLEETGUARD/WF2126;DO"
31/05/2026;RTG Material Maitenance;716;1.033,68;"FILTRO;DIESEL;CUMMINS/FF63010"
31/05/2026;RTG Material Maitenance;716;249,18;"FILTRO;F/R:FLEETGUARD/LF9070"
31/05/2026;RTG Material Maitenance;716;5.802,62;"KIT;FILTRO;PRIMARIO;DIESEL;QSX"
31/05/2026;RTG Material Maitenance;716;1.860,80;"CABO ACO PREFORM;IPH/16MM6X41W"
31/05/2026;RTG Material Maitenance;716;862,13;"MICRO;FIM DE CURSO;TELEMECANIQ"
31/05/2026;RTG Material Maitenance;716;76,05;"LIMPADOR SUPERF;LAVAGEM A SECO"
31/05/2026;RTG Material Maitenance;716;2.609,41;"MOTOR;LOCK;PIN;REPARADO;KONECR"
31/05/2026;RTG Material Maitenance;716;765,66;CONECTOR SENSOR MACHO RETO
31/05/2026;RTG Material Maitenance;716;10,26;"OLEO DESENGRIP;AEROSSOL 300ML;"
31/05/2026;RTG Material Maitenance;716;35,26;"FLUIDO LIMP CONT;WURTH/3895653"
31/05/2026;RTG Material Maitenance;716;20,51;"OLEO DESENGRIP;AEROSSOL 300ML;"
31/05/2026;RTG Material Maitenance;716;1.443,36;"CORREIA;CUMMINS/3106099"
31/05/2026;RTG Material Maitenance;716;1.027,60;"CORREIA;CUMMINS/3681636"
31/05/2026;RTG Material Maitenance;717;-3.232,52;"PLACA;ELETRONICA;OPTE5;PROFIBU"
31/05/2026;RTG Material Maitenance;717;1.287,60;"FUSIVEL NH;000;250A;690V;UR;BU"
31/05/2026;RTG Material Maitenance;717;91,52;"FILTRO;SEPAR;CUMMINS/FS19763"
31/05/2026;RTG Material Maitenance;717;521,85;"FILTRO;AR;CUMMINS/AF25708M"
31/05/2026;RTG Material Maitenance;717;10.080,86;"BICO;INJETOR;COMBUSTIVEL;APLIC"
31/05/2026;RTG Material Maitenance;717;1.860,80;"CABO ACO PREFORM;IPH/16MM6X41W"
31/05/2026;RTG Material Maitenance;717;9,99;"DISCO FLAP;115X22MM;WURTH"
31/05/2026;RTG Material Maitenance;717;1.943,23;"REGUA;UHMW;COPAFLEX/UHMW"
31/05/2026;RTG Material Maitenance;717;4.791,76;"CABO;P/ ESTEIRA PORTA CABO; ES"
31/05/2026;RTG Material Maitenance;717;107.082,85;"ESTEIRA;BREVETTI/M80PEX470400"
31/05/2026;RTG Material Maitenance;717;4,07;"DISCO CORTE;WURTH/0664115232"
31/05/2026;RTG Material Maitenance;717;36,59;"DISCO CORTE;WURTH/0664115232"
31/05/2026;RTG Material Maitenance;717;9,99;"DISCO FLAP;115X22MM;WURTH"
31/05/2026;RTG Material Maitenance;717;6,35;"SACO LIX;PVC;100L;EMBAL C/100"
31/05/2026;RTG Material Maitenance;717;7.137,99;"SAPATA;DESLIZANTE;IGUS/93.20B."
31/05/2026;RTG Material Maitenance;717;8.995,35;"CABO ACO PREFORM;IPH/26MM6X41W"
31/05/2026;RTG Material Maitenance;717;1.964,40;"CABO ACO PREFORM;IPH/16MM6X41W"
31/05/2026;RTG Material Maitenance;717;4.514,27;"CABO ACO PREFORM;IPH/26MM6X41W"
31/05/2026;RTG Material Maitenance;717;4.791,76;"CABO;P/ ESTEIRA PORTA CABO; ES"
31/05/2026;RTG Material Maitenance;717;470,09;"PONTA PROV EXTENS P/TEST;1000V"
31/05/2026;RTG Material Maitenance;717;521,85;"FILTRO;AR;CUMMINS/AF25708M"
31/05/2026;RTG Material Maitenance;717;8.884,72;"FREIO;GANTRY/TRANSLADO;TR-11-2"
31/05/2026;RTG Material Maitenance;717;256,08;"TERMINAL P/BAT;APERT;NEG;LAT;C"
31/05/2026;RTG Material Maitenance;717;24,95;"FITA ISOL ELETR;750V;ADES;PVC;"
31/05/2026;RTG Material Maitenance;717;5.127,07;"MOTOR;KONECRANES/MFXP200212BB5"
31/05/2026;RTG Material Maitenance;717;602,88;PARAFUSO F/R:DHL/PAR-2581
31/05/2026;RTG Material Maitenance;717;2.900,75;"MODULO;RETIFICADOR;RGM100"
31/05/2026;RTG Material Maitenance;717;1,81;"FUSIVEL;VIDRO;GRANDE;2A"
31/05/2026;RTG Material Maitenance;717;3.232,52;"PLACA;ELETRONICA;OPTE5;PROFIBU"
31/05/2026;RTG Material Maitenance;717;5.127,07;"MOTOR;KONECRANES/MFXP200212BB5"
31/05/2026;RTG Material Maitenance;717;27.752,93;INVERSOR DYNAC VECTOR II D2C04
31/05/2026;RTG Material Maitenance;717;5.127,07;"MOTOR;KONECRANES/MFXP200212BB5"
31/05/2026;RTG Material Maitenance;717;17,26;"ADESIVO VED;BRASCOLA/BRASCOVED"
31/05/2026;RTG Material Maitenance;717;10,26;"OLEO DESENGRIP;AEROSSOL 300ML;"
31/05/2026;RTG Material Maitenance;717;301,44;PARAFUSO F/R:DHL/PAR-2581
31/05/2026;RTG Material Maitenance;717;5.127,07;"MOTOR;KONECRANES/MFXP200212BB5"
31/05/2026;RTG Material Maitenance;718;-71,91;"RETENTOR;45X72X9,50MM;SABO/015"
31/05/2026;RTG Material Maitenance;718;-403,77;"DISJUNTOR TRIP PROT MTR;SIEMEN"
31/05/2026;RTG Material Maitenance;718;998,25;"MODULO;KONE/V0003740"
31/05/2026;RTG Material Maitenance;718;8.884,72;"FREIO;GANTRY/TRANSLADO;TR-11-2"
31/05/2026;RTG Material Maitenance;718;186,96;"BASE;CHAP MOLA;AC INOX;LEINE &"
31/05/2026;RTG Material Maitenance;718;3.996,09;"CODIFICADOR;INCR;BID;LEINE E L"
31/05/2026;RTG Material Maitenance;718;1.450,37;"MODULO;RETIFICADOR;RGM100"
31/05/2026;RTG Material Maitenance;718;514,67;"BLOCO CONT AUX TEMPORIZ;SCHNEI"
31/05/2026;RTG Material Maitenance;718;428,02;"SUPORTE;LEINE LINDE/531441-01"
31/05/2026;RTG Material Maitenance;718;76,05;"LIMPADOR SUPERF;LAVAGEM A SECO"
31/05/2026;RTG Material Maitenance;718;1.580,06;"OLEO LUBRIF;MOTOR 15W40"
31/05/2026;RTG Material Maitenance;718;1.046,89;"ADITIVO;P/ RADIADOR;COR:AZUL"
31/05/2026;RTG Material Maitenance;718;2.231,42;"TENSIONADOR;CUMMINS/3691282"
31/05/2026;RTG Material Maitenance;718;91,52;"FILTRO;SEPAR;CUMMINS/FS19763"
31/05/2026;RTG Material Maitenance;718;58,46;"FRASCO;PLAS;INCOL;CIL;250ML;C/"
31/05/2026;RTG Material Maitenance;718;265,30;"FILTRO;AG;FLEETGUARD/WF2126;DO"
31/05/2026;RTG Material Maitenance;718;1.033,68;"FILTRO;DIESEL;CUMMINS/FF63010"
31/05/2026;RTG Material Maitenance;718;249,18;"FILTRO;F/R:FLEETGUARD/LF9070"
31/05/2026;RTG Material Maitenance;718;232,35;"ELEMENTO;FILTRO;RESPIRO;TANQUE"
31/05/2026;RTG Material Maitenance;718;521,85;"FILTRO;AR;CUMMINS/AF25708M"
31/05/2026;RTG Material Maitenance;718;934,72;"BOBINA;COMPLETA;ZPMC;SEW;REPAR"
31/05/2026;RTG Material Maitenance;718;107,87;"RETENTOR;45X72X9,50MM;SABO/015"
31/05/2026;RTG Material Maitenance;718;602,88;PARAFUSO F/R:DHL/PAR-2581
31/05/2026;RTG Material Maitenance;718;403,77;"DISJUNTOR TRIP PROT MTR;SIEMEN"
31/05/2026;RTG Material Maitenance;718;8.884,72;"FREIO;GANTRY/TRANSLADO;TR-11-2"
31/05/2026;RTG Material Maitenance;718;395,02;"OLEO LUBRIF;MOTOR 15W40"
31/05/2026;RTG Material Maitenance;718;440,79;"SUPORTE;LEINE LINDE/534184-01"
31/05/2026;RTG Material Maitenance;718;34,40;"ADESIVO VED; INCOLOR;WURTH/089"
31/05/2026;RTG Material Maitenance;718;71,39;"ISOLANTE LIQ;EPOXI;PT;LAT 200M"
31/05/2026;RTG Material Maitenance;718;5.127,07;"MOTOR;KONECRANES/MFXP200212BB5"
31/05/2026;RTG Material Maitenance;718;32,62;"PARAFUSO;ALLEN;M6X80MM;PASSO:1"
31/05/2026;RTG Material Maitenance;719;-521,85;"FILTRO;AR;CUMMINS/AF25708M"
31/05/2026;RTG Material Maitenance;719;998,25;"MODULO;KONE/V0003740"
31/05/2026;RTG Material Maitenance;719;8.884,72;"FREIO;GANTRY/TRANSLADO;TR-11-2"
31/05/2026;RTG Material Maitenance;719;998,25;"MODULO;KONE/V0003740"
31/05/2026;RTG Material Maitenance;719;998,25;"MODULO;KONE/V0003740"
31/05/2026;RTG Material Maitenance;719;1.972,00;"ENGRENAGEM;MOTOR;DO GANTRY; US"
31/05/2026;RTG Material Maitenance;719;8.884,72;"FREIO;GANTRY/TRANSLADO;TR-11-2"
31/05/2026;RTG Material Maitenance;719;91,52;"FILTRO;SEPAR;CUMMINS/FS19763"
31/05/2026;RTG Material Maitenance;719;90,63;"PROTETOR;CAMARA DE AR;ARO 24 P"
31/05/2026;RTG Material Maitenance;719;316,01;"OLEO LUBRIF;MOTOR 15W40"
31/05/2026;RTG Material Maitenance;719;12,48;"TRAVA;ARANHA;BOGGIE/KONECRANES"
31/05/2026;RTG Material Maitenance;719;59,76;"PORCA P/ROLAM;ROSC DIR;M90X2;B"
31/05/2026;RTG Material Maitenance;719;521,85;"FILTRO;AR;CUMMINS/AF25708M"
31/05/2026;RTG Material Maitenance;719;1.450,37;"MODULO;RETIFICADOR;RGM100"
31/05/2026;RTG Material Maitenance;719;8.884,72;"FREIO;GANTRY/TRANSLADO;TR-11-2"
31/05/2026;RTG Material Maitenance;719;8.884,72;"FREIO;GANTRY/TRANSLADO;TR-11-2"
31/05/2026;RTG Material Maitenance;719;30.055,08;"DISCO;HOIST;FREIO;2100NM"
31/05/2026;RTG Material Maitenance;720;-71,42;"PRENSA CABO;PHOENIX/1424474"
31/05/2026;RTG Material Maitenance;720;731,37;"TINTA;AZUL;RAL5005;PU;JOTUN"
31/05/2026;RTG Material Maitenance;720;16,09;"FITA ISOLANTE;3M/IMPERIAL VERD"
31/05/2026;RTG Material Maitenance;720;14,76;"FITA ISOLANTE;3M/IMPERIAL VERM"
31/05/2026;RTG Material Maitenance;720;16,10;"FITA ISOLANTE;3M/IMPERIAL BRAN"
31/05/2026;RTG Material Maitenance;720;16,99;"FITA ISOLANTE;3M/IMPERIAL AMAR"
31/05/2026;RTG Material Maitenance;720;16,95;"FITA ISOLANTE;3M/IMPERIAL AZUL"
31/05/2026;RTG Material Maitenance;720;249,38;"ABRACADEIRA;STAUFF/540-40PPVK"
31/05/2026;RTG Material Maitenance;720;2.609,41;"MOTOR;LOCK;PIN;REPARADO;KONECR"
31/05/2026;RTG Material Maitenance;720;217,99;"CONECTOR SENS;M16X1,5;BIND"
31/05/2026;RTG Material Maitenance;720;765,66;CONECTOR SENSOR MACHO RETO
31/05/2026;RTG Material Maitenance;720;158,65;ACIONADOR CABECOTE FIM CURSO
31/05/2026;RTG Material Maitenance;720;217,99;"CONECTOR SENS;M16X1,5;BIND"
31/05/2026;RTG Material Maitenance;720;164,84;"PRENSA CABO;PHOENIX/1415125"
31/05/2026;RTG Material Maitenance;720;4.552,62;"CHAVE FIM CURS;ACE SCHMERSAL/M"
31/05/2026;RTG Material Maitenance;720;326,99;"CONECTOR SENS;M16X1,5;BIND"
31/05/2026;RTG Material Maitenance;720;1.724,13;CORPO CHAVE FIM CURSO
31/05/2026;RTG Material Maitenance;720;1.287,60;"FUSIVEL NH;000;250A;690V;UR;BU"
31/05/2026;RTG Material Maitenance;720;35,26;"FLUIDO LIMP CONT;WURTH/3895653"
31/05/2026;RTG Material Maitenance;720;16,24;"QUEROSENE;FR 1L"
31/05/2026;RTG Material Maitenance;720;475,96;ACIONADOR CABECOTE FIM CURSO
31/05/2026;RTG Material Maitenance;720;374,07;"ABRACADEIRA;STAUFF/540-40PPVK"
31/05/2026;RTG Material Maitenance;720;17,71;"PRENSA CABO;PHOENIX/1424471"
31/05/2026;RTG Material Maitenance;720;253,41;"CONECTOR SENSOR;TURCK/RSC4.4T-"
31/05/2026;RTG Material Maitenance;720;293,24;"CONECTOR SENSOR;TURCK/RKC4.4T"
31/05/2026;RTG Material Maitenance;720;1.043,63;"CAIXA;MICRO;LOCKPIN;DHL"
31/05/2026;RTG Material Maitenance;720;246,23;"ABRACADEIRA;SUPORTE P/MANGUEIR"
31/05/2026;RTG Material Maitenance;720;280,20;"CONECTOR SENSOR;TURCK/WKC4T-5-"
31/05/2026;RTG Material Maitenance;720;737,06;"CONECTOR SENSOR;TURCK/RKC4.5T-"
31/05/2026;RTG Material Maitenance;720;249,71;"CONECTOR SENS;MACH/FEM;M12X1;P"
31/05/2026;RTG Material Maitenance;720;143,75;"ADAPTADOR P/PLU CONECT;Y;TPU;P"
31/05/2026;RTG Material Maitenance;720;637,31;"CABO;COBRE;FLEXIVEL;PROFIBUS;T"
31/05/2026;RTG Material Maitenance;720;212,76;"CABO CON;EXTENS;PUR PT;0,30M;P"
31/05/2026;RTG Material Maitenance;720;3.996,01;MODULO ELET ENT DIGIT 16PONT P
31/05/2026;RTG Material Maitenance;720;932,89;"CABO;SISTEMA;BUS;SAC-2P-15,0-9"
31/05/2026;RTG Material Maitenance;720;862,13;"MICRO;FIM DE CURSO;TELEMECANIQ"
31/05/2026;RTG Material Maitenance;720;656,25;"CONECTOR;SENSOR;TAM:5M;M12;MAC"
31/05/2026;RTG Material Maitenance;720;164,84;"PRENSA CABO;PHOENIX/1415125"
31/05/2026;RTG Material Maitenance;720;353,15;"CHAVE FIM CURS;ACE SCHMERSAL/T"
31/05/2026;RTG Material Maitenance;720;217,99;"CONECTOR SENS;M16X1,5;BIND"
31/05/2026;RTG Material Maitenance;720;2.562,54;"CONECTOR REDE;PROFIBUS;90 GR;1"
31/05/2026;RTG Material Maitenance;720;5.292,82;"ACOPLAMENTO;KONECRANES/1G1108"
31/05/2026;RTG Material Maitenance;720;439,86;"CONECTOR SENSOR;TURCK/RKC4.4T"
31/05/2026;RTG Material Maitenance;720;142,05;"CONECTOR;ENERGIA;3P;M12;FEMEA;"
31/05/2026;RTG Material Maitenance;720;126,70;"CONECTOR SENSOR;TURCK/RSC4.4T-"
31/05/2026;RTG Material Maitenance;720;184,13;"HASTE;VARETA;ACO;INOX;3.0MM;TA"
31/05/2026;RTG Material Maitenance;720;1.059,44;"CHAVE FIM CURS;ACE SCHMERSAL/T"
31/05/2026;RTG Material Maitenance;720;406,56;"CABO COBRE FLEXIVEL;CLASSE 5;5"
31/05/2026;RTG Material Maitenance;720;6,35;"SACO LIX;PVC;100L;EMBAL C/100"
31/05/2026;RTG Material Maitenance;720;184,27;"CONECTOR SENSOR;TURCK/RKC4.5T-"
31/05/2026;RTG Material Maitenance;720;660,66;"ALAVANCA;AJUSTAVEL;APLICACAO;L"
31/05/2026;RTG Material Maitenance;720;249,18;"FILTRO;F/R:FLEETGUARD/LF9070"
31/05/2026;RTG Material Maitenance;720;91,52;"FILTRO;SEPAR;CUMMINS/FS19763"
31/05/2026;RTG Material Maitenance;720;1.033,68;"FILTRO;DIESEL;CUMMINS/FF63010"
31/05/2026;RTG Material Maitenance;720;1.659,06;"OLEO LUBRIF;MOTOR 15W40"
31/05/2026;RTG Material Maitenance;720;265,30;"FILTRO;AG;FLEETGUARD/WF2126;DO"
31/05/2026;RTG Material Maitenance;720;5.414,75;"PROTECAO;BOOGIE;KONECRANES/KM3"
31/05/2026;RTG Material Maitenance;720;4.387,67;"INDICADOR NIVEL;OLEO;ESCALA MI"
31/05/2026;RTG Material Maitenance;720;5.205,17;"ROLAMENTO AUTOC ROL;RAD;CIL;A"
31/05/2026;RTG Material Maitenance;720;238,98;"CHAVE;GERAL;OSPINA/094004"
31/05/2026;RTG Material Maitenance;720;34,40;"ADESIVO VED; INCOLOR;WURTH/089"
31/05/2026;RTG Material Maitenance;720;187,37;"LUBRIFICANTE;MOLYGRAFIT/ACAERO"
31/05/2026;RTG Material Maitenance;720;73,66;"FITA ISOL ELETR;69KV;3M/H00021"
31/05/2026;RTG Material Maitenance;720;18,42;"CADEADO;LAT MACIC;25MM;S/INVOL"
31/05/2026;RTG Material Maitenance;720;353,15;"CHAVE FIM CURS;ACE SCHMERSAL/T"
31/05/2026;RTG Material Maitenance;720;3.996,01;MODULO ELET ENT DIGIT 16PONT P
31/05/2026;RTG Material Maitenance;720;14,06;"TERMINAL P/BATERIA; APERTO; PO"
31/05/2026;RTG Material Maitenance;720;16,00;"TERMINAL P/BAT;APERT;NEG;LAT;C"
31/05/2026;RTG Material Maitenance;720;238,98;"CHAVE;GERAL;OSPINA/094004"
31/05/2026;RTG Material Maitenance;720;142,05;"CONECTOR;ENERGIA;3P;M12;FEMEA;"
31/05/2026;RTG Material Maitenance;720;451,59;"PROTECAO;CONECTOR;BATERIA;PAR"
31/05/2026;RTG Material Maitenance;720;32,01;"TERMINAL P/BAT;APERT;NEG;LAT;C"
31/05/2026;RTG Material Maitenance;720;28,11;"TERMINAL P/BATERIA; APERTO; PO"
31/05/2026;RTG Material Maitenance;720;162,44;"HORIMETRO P/PAIN;CONTAD;OMEGA"
31/05/2026;RTG Material Maitenance;720;18,15;"BLOCO CONT BOT COM;1NF;10A;660"
31/05/2026;RTG Material Maitenance;720;15,68;"BLOCO;CONT;1NA;STECK/SLPL42"
31/05/2026;RTG Material Maitenance;720;16,96;"CABECOTE BOT COM ILUM;RED;VD;S"
31/05/2026;RTG Material Maitenance;720;15,18;"CABECOTE BOT COM ILUM;RED;VM;S"
31/05/2026;RTG Material Maitenance;720;429,00;"BOTOEIRA MONT;1 BOT;SIEMENS/3S"
31/05/2026;RTG Material Maitenance;720;4.332,81;"REGULADOR TENS;5A;STAMFORD;AVR"
31/05/2026;RTG Material Maitenance;720;148,20;"RELE TEMP;24VCA/VCC;SIEMENS/7P"
31/05/2026;RTG Material Maitenance;720;25,15;"DISJUNTOR TERM;MONO;10A;SCHNEI"
31/05/2026;RTG Material Maitenance;720;0,01;"BASE RELE;TRILH;5PIN;OMRON/P2R"
31/05/2026;RTG Material Maitenance;720;326,70;"RELE AUX ENC;PIN;24VDC;10A;1NA"
31/05/2026;RTG Material Maitenance;720;490,59;"BASE RELE;FINDER SER 56;TRILH"
31/05/2026;RTG Material Maitenance;720;15,68;"BLOCO;CONT;1NA;STECK/SLPL42"
31/05/2026;RTG Material Maitenance;720;429,00;"BOTOEIRA MONT;1 BOT;SIEMENS/3S"
31/05/2026;RTG Material Maitenance;720;44,97;"BLOCO;CONTATO;SIEMENS/3SU1400"
31/05/2026;RTG Material Maitenance;720;396,34;"RELE AUX ENC;TERMIN;24VCC;FIND"
31/05/2026;RTG Material Maitenance;720;163,53;"BASE RELE;FINDER SER 56;TRILH"
31/05/2026;RTG Material Maitenance;720;198,17;"RELE AUX ENC;TERMIN;24VCC;FIND"
31/05/2026;RTG Material Maitenance;720;2.747,82;"SIRENE;BC-8;NANHUA;TENSAO 24V"
31/05/2026;RTG Material Maitenance;720;96,64;"PLUG;3P+T;MACH;32A;(3H)380/440"
31/05/2026;RTG Material Maitenance;720;3.829,20;"CABO;COBRE;1X185MM2;TEMPERA;FL"
31/05/2026;RTG Material Maitenance;720;71,42;"PRENSA CABO;PHOENIX/1424474"
31/05/2026;RTG Material Maitenance;720;470,30;"PRENSA CABO;PHOENIX/1415129"
31/05/2026;RTG Material Maitenance;721;1.872,63;"LUMINARIA;ESTRUTURA;LED;PHILIP"
31/05/2026;RTG Material Maitenance;721;91,52;"FILTRO;SEPAR;CUMMINS/FS19763"
31/05/2026;RTG Material Maitenance;721;215,39;"TERMINAL ESF;BROMMA/BR1001580;"
31/05/2026;RTG Material Maitenance;721;469,18;"HASTE;F/R: BROMMA/BR1000810"
31/05/2026;RTG Material Maitenance;721;1.902,21;"BATERIA AUTO;SELAD;12V;180A"
31/05/2026;RTG Material Maitenance;721;216,41;"DISCO CORT;OXID ALU;WURTH/0669"
31/05/2026;RTG Material Maitenance;721;18,15;"BLOCO CONT BOT COM;1NF;10A;660"
31/05/2026;RTG Material Maitenance;721;4.332,81;"REGULADOR TENS;5A;STAMFORD;AVR"
31/05/2026;RTG Material Maitenance;721;91,52;"FILTRO;SEPAR;CUMMINS/FS19763"
31/05/2026;RTG Material Maitenance;721;91,52;"FILTRO;SEPAR;CUMMINS/FS19763"
31/05/2026;RTG Material Maitenance;721;314,01;"FILTRO;PRIMAR;AR;DONALDSON/P78"
31/05/2026;RTG Material Maitenance;721;91,52;"FILTRO;SEPAR;CUMMINS/FS19763"
31/05/2026;RTG Material Maitenance;722;-53,53;"ROLAMENTO FIX ESF;1 CAR;25X62X"
31/05/2026;RTG Material Maitenance;722;91,52;"FILTRO;SEPAR;CUMMINS/FS19763"
31/05/2026;RTG Material Maitenance;722;82,89;"CORREIA MIC V PF;PK;6 CAN;1180"
31/05/2026;RTG Material Maitenance;722;341,14;"JUNTA;COLETOR;CUMMINS/4907447"
31/05/2026;RTG Material Maitenance;722;25,43;"ESPACADOR;CUMMINS/3092250"
31/05/2026;RTG Material Maitenance;722;25,43;"PARAFUSO;CUMMINS/3092250"
31/05/2026;RTG Material Maitenance;722;164,30;"JUNTA;COLETOR;CUMMINS/4907446"
31/05/2026;RTG Material Maitenance;722;3.747,38;TURBO COMPRESSOR 3104768 QSX15
31/05/2026;RTG Material Maitenance;722;53,53;"ROLAMENTO FIX ESF;1 CAR;25X62X"
31/05/2026;RTG Material Maitenance;722;140,49;"RETENTOR;CUMMINS/3074482"
31/05/2026;RTG Material Maitenance;722;99,79;"ABRACADEIRA;CUMMINS/186917"
31/05/2026;RTG Material Maitenance;722;40,33;"ROLAMENTO FIX ESF;1 CAR;25X62X"
31/05/2026;RTG Material Maitenance;722;761,79;"CONECTOR P/CAB COMUNIC RED;6ES"
31/05/2026;RTG Material Maitenance;722;761,79;"CONECTOR P/CAB COMUNIC RED;6ES"
31/05/2026;RTG Material Maitenance;722;640,63;"CONECTOR REDE;PROFIBUS;90 GR;1"
31/05/2026;RTG Material Maitenance;722;4.387,67;"INDICADOR NIVEL;OLEO;ESCALA MI"
31/05/2026;RTG Material Maitenance;722;64,14;"LIMPADOR SUPERF;VIDR;LIQ;FR 50"
31/05/2026;RTG Material Maitenance;722;64,14;"LIMPADOR SUPERF;VIDR;LIQ;FR 50"
31/05/2026;RTG Material Maitenance;722;140,95;"OLEO LUBRIFICANTE;P/ ENGRENAGE"
31/05/2026;RTG Material Maitenance;722;1.522,31;"OLEO LUBRIFICANTE;P/ ENGRENAGE"
31/05/2026;RTG Material Maitenance;722;1.177,32;"OLEO;HIDIDRAULICO;HVLP 68"
31/05/2026;RTG Material Maitenance;722;621,00;"ELEMENTO FILTR;OLEO;VIDR;SCHRO"
31/05/2026;RTG Material Maitenance;722;3.868,49;"GRAXA;COMP LIT;GADUS-S3-V220C2"
31/05/2026;RTG Material Maitenance;722;748,64;"DESENGRAXANTE;50L;HEPTA CLEAN"
31/05/2026;RTG Material Maitenance;722;158,01;"OLEO LUBRIF;MOTOR 15W40"
31/05/2026;RTG Material Maitenance;722;126,56;"GRAXA;F/R WURTH 0893106"
31/05/2026;RTG Material Maitenance;722;2.819,09;"OLEO LUBRIFICANTE;P/ ENGRENAGE"
31/05/2026;RTG Material Maitenance;722;1.580,06;"OLEO LUBRIF;MOTOR 15W40"
31/05/2026;RTG Material Maitenance;722;91,52;"FILTRO;SEPAR;CUMMINS/FS19763"
31/05/2026;RTG Material Maitenance;722;58,45;"FRASCO;PLAS;INCOL;CIL;250ML;C/"
31/05/2026;RTG Material Maitenance;722;45,18;"FILTRO;DO OLEO HID;P556005"
31/05/2026;RTG Material Maitenance;722;265,30;"FILTRO;AG;FLEETGUARD/WF2126;DO"
31/05/2026;RTG Material Maitenance;722;228,30;"ELEMENTO FILTR;OLEO DIESEL;FLE"
31/05/2026;RTG Material Maitenance;722;249,18;"FILTRO;F/R:FLEETGUARD/LF9070"
31/05/2026;RTG Material Maitenance;722;58,46;"FRASCO;PLAS;INCOL;CIL;250ML;C/"
31/05/2026;RTG Material Maitenance;722;2.132,27;"DOBRADICA;DHL/DPTR-DHL-2360"
31/05/2026;RTG Material Maitenance;722;867,85;"GRAMPO;TENSOR;HASTE;TP-U;FIXA;F/R;KIFIX/KF-943DTR"
31/05/2026;RTG Material Maitenance;723;115,95;"PARAFUSO;SEXTAVADO;M20X80MM;PA"
31/05/2026;RTG Material Maitenance;723;33,21;"PORCA;SEXT;M20X2,50;16MM;SAE10"
31/05/2026;RTG Material Maitenance;723;2.052,25;"GRAXA;OLEO MINER;ROCOL/RDOFFSH"
31/05/2026;RTG Material Maitenance;723;57,97;"PARAFUSO;SEXTAVADO;M20X80MM;PA"
31/05/2026;RTG Material Maitenance;723;17,97;"PASTA;P/SOLDA;FLUXO;ESTANHO;F/"
31/05/2026;RTG Material Maitenance;723;162,08;"ARAME SOLD ESTANH;SN 63PCT/PB"
31/05/2026;RTG Material Maitenance;723;17,97;"PASTA;P/SOLDA;FLUXO;ESTANHO;F/"
31/05/2026;RTG Material Maitenance;723;162,08;"ARAME SOLD ESTANH;SN 63PCT/PB"
31/05/2026;RTG Material Maitenance;723;4.161,81;"PNEU 1400X24;RECAPADO; ARO:24;"
31/05/2026;RTG Material Maitenance;723;1.144,08;"SACO;AR;PNEU;12.00X24;EV;KONEC"
31/05/2026;RTG Material Maitenance;723;271,88;"PROTETOR;CAMARA DE AR;ARO 24 P"
31/05/2026;RTG Material Maitenance;723;79,97;"ANEL O;573X9,80MM;BORR NT;80 S"
31/05/2026;RTG Material Maitenance;723;159,94;"ANEL O;573X9,80MM;BORR NT;80 S"
31/05/2026;RTG Material Maitenance;723;143,04;"BICO;P/PNEUS;1800X25;S/CAMARA;"
31/05/2026;RTG Material Maitenance;723;18.134,23;"PNEU;16,00;25;GOODYEAR/ELV-3A-"
31/05/2026;RTG Material Maitenance;723;317,62;"ACOPLAMENTO;F/R:UPTECHBRASIL"
31/05/2026;RTG Material Maitenance;723;10,82;"ADESIVO INST;CIANOACR;HENKEL/S"
31/05/2026;RTG Material Maitenance;723;91,52;"FILTRO;SEPAR;CUMMINS/FS19763"
31/05/2026;RTG Material Maitenance;723;91,52;"FILTRO;SEPAR;CUMMINS/FS19763"
31/05/2026;RTG Material Maitenance;723;237,01;"OLEO LUBRIF;MOTOR 15W40"
31/05/2026;RTG Material Maitenance;723;314,01;"FILTRO;PRIMAR;AR;DONALDSON/P78"
31/05/2026;RTG Material Maitenance;724;126,55;"INTERRUPTOR;KALMAR/65231747"
31/05/2026;RTG Material Maitenance;724;3.052,83;"ALTERNADOR;QSM11;KALMAR/922784"
31/05/2026;RTG Material Maitenance;724;1.250,54;"DESLIZANTE;CORRENTE;CARRO"
31/05/2026;RTG Material Maitenance;724;91,52;"FILTRO;SEPAR;CUMMINS/FS19763"
31/05/2026;RTG Material Maitenance;724;18,42;"CADEADO;LAT MACIC;25MM;S/INVOL"
31/05/2026;RTG Material Maitenance;724;87,89;"ELEMENTO ELAST;KTR/ROTEX28/38E"
31/05/2026;RTG Material Maitenance;724;535,14;"OLEO;HIDIDRAULICO;HVLP 68"
31/05/2026;RTG Material Maitenance;724;1.023,47;"DESENGRAXANTE;DIELETRICO;WURTH"
31/05/2026;RTG Material Maitenance;724;117,12;"VASELINA;SOLID;LAT 1KG"
31/05/2026;RTG Material Maitenance;724;83,23;"BUZINA;ELET 24VCC;S/CORNETA;BO"
31/05/2026;RTG Material Maitenance;724;126,56;"GRAXA;F/R WURTH 0893106"
31/05/2026;RTG Material Maitenance;724;3.993,48;"BATENTE;KALMAR/DHL/AM-DHL-4075"
31/05/2026;RTG Material Maitenance;724;1.580,06;"OLEO LUBRIF;MOTOR 15W40"
31/05/2026;RTG Material Maitenance;724;91,52;"FILTRO;SEPAR;CUMMINS/FS19763"
31/05/2026;RTG Material Maitenance;724;58,46;"FRASCO;PLAS;INCOL;CIL;250ML;C/"
31/05/2026;RTG Material Maitenance;724;45,18;"FILTRO;DO OLEO HID;P556005"
31/05/2026;RTG Material Maitenance;724;265,30;"FILTRO;AG;FLEETGUARD/WF2126;DO"
31/05/2026;RTG Material Maitenance;724;228,30;"ELEMENTO FILTR;OLEO DIESEL;FLE"
31/05/2026;RTG Material Maitenance;724;249,18;"FILTRO;F/R:FLEETGUARD/LF9070"
31/05/2026;RTG Material Maitenance;724;3.236,51;"DISPOSITIVO;ABERTURA;BUBENZER/"
31/05/2026;RTG Material Maitenance;724;562,05;"COIFA;PARA MANIPULADOR;COMANDO"
31/05/2026;RTG Material Maitenance;724;3.993,48;"BATENTE;KALMAR/DHL/AM-DHL-4075"
31/05/2026;RTG Material Maitenance;725;20,51;"OLEO DESENGRIP;AEROSSOL 300ML;"
31/05/2026;RTG Material Maitenance;725;35,26;"FLUIDO LIMP CONT;WURTH/3895653"
31/05/2026;RTG Material Maitenance;725;49,90;"FITA ISOL ELETR;750V;ADES;PVC;"
31/05/2026;RTG Material Maitenance;725;1.272,43;"CILINDRO;BROMMA/74147"
31/05/2026;RTG Material Maitenance;725;79,00;"OLEO LUBRIF;MOTOR 15W40"
31/05/2026;RTG Material Maitenance;725;214,06;"OLEO;HIDIDRAULICO;HVLP 68"
31/05/2026;RTG Material Maitenance;725;1.974,72;"VALVULA HIDR DIREC;350BAR;EATO"
31/05/2026;RTG Material Maitenance;725;8.757,20;"CABO ACO PREFORM;26MM;8X31"
31/05/2026;RTG Material Maitenance;725;91,52;"FILTRO;SEPAR;CUMMINS/FS19763"
31/05/2026;RTG Material Maitenance;725;91,52;"FILTRO;SEPAR;CUMMINS/FS19763"
31/05/2026;RTG Material Maitenance;725;77,37;"COPO;FILTRO;RACOR;PF420;APLICA"
31/05/2026;RTG Material Maitenance;725;91,52;"FILTRO;SEPAR;CUMMINS/FS19763"
31/05/2026;RTG Material Maitenance;725;91,52;"FILTRO;SEPAR;CUMMINS/FS19763"
31/05/2026;RTG Material Maitenance;725;91,52;"FILTRO;SEPAR;CUMMINS/FS19763"
31/05/2026;RTG Material Maitenance;726;91,52;"FILTRO;SEPAR;CUMMINS/FS19763"
31/05/2026;RTG Material Maitenance;726;1.580,06;"OLEO LUBRIF;MOTOR 15W40"
31/05/2026;RTG Material Maitenance;726;1.046,89;"ADITIVO;P/ RADIADOR;COR:AZUL"
31/05/2026;RTG Material Maitenance;726;91,52;"FILTRO;SEPAR;CUMMINS/FS19763"
31/05/2026;RTG Material Maitenance;726;58,46;"FRASCO;PLAS;INCOL;CIL;250ML;C/"
31/05/2026;RTG Material Maitenance;726;45,18;"FILTRO;DO OLEO HID;P556005"
31/05/2026;RTG Material Maitenance;726;265,30;"FILTRO;AG;FLEETGUARD/WF2126;DO"
31/05/2026;RTG Material Maitenance;726;228,30;"ELEMENTO FILTR;OLEO DIESEL;FLE"
31/05/2026;RTG Material Maitenance;726;249,18;"FILTRO;F/R:FLEETGUARD/LF9070"
31/05/2026;RTG Material Maitenance;726;314,01;"FILTRO;PRIMAR;AR;DONALDSON/P78"
31/05/2026;RTG Material Maitenance;726;184,45;"ELEMENTO FILTR;AR SEC;DONALDSO"
31/05/2026;RTG Material Maitenance;726;91,52;"FILTRO;SEPAR;CUMMINS/FS19763"
31/05/2026;RTG Material Maitenance;727;2.408,06;"MOTOR PARTID;7,5KW;24VCC;DELCO"
31/05/2026;RTG Material Maitenance;727;251,55;"BLOCO CONT AUX INST;SIEMENS/3R"
31/05/2026;RTG Material Maitenance;727;7,79;PILHA(AAA) CONJUNTO 2 UNIDADES
31/05/2026;RTG Material Maitenance;727;91,52;"FILTRO;SEPAR;CUMMINS/FS19763"
31/05/2026;RTG Material Maitenance;727;187,37;"LUBRIFICANTE;MOLYGRAFIT/ACAERO"
31/05/2026;RTG Material Maitenance;727;51,75;"GRAXA;NAUTICA;LIT;INGRAX/UNILI"
31/05/2026;RTG Material Maitenance;727;1.079,92;"DESENGRAXANTE;20L;CERTIFIED/DA"
31/05/2026;RTG Material Maitenance;727;4.387,67;"INDICADOR NIVEL;OLEO;ESCALA MI"
31/05/2026;RTG Material Maitenance;727;11,03;"LIMPADOR SUPERF;MULTI-USO;AZULIM;500ML"
31/05/2026;RTG Material Maitenance;727;88,28;"LIMPADOR SUPERF;MULTI-USO;AZULIM;500ML"
31/05/2026;RTG Material Maitenance;727;4.115,04;"BOBINA;SB17 MX 133 – 380V"
31/05/2026;RTG Material Maitenance;727;4.556,67;"RETIFICADOR;BUBENZER/BB0009"
31/05/2026;RTG Material Maitenance;727;41,61;"BUZINA;ELET 24VCC;S/CORNETA;BO"
31/05/2026;RTG Material Maitenance;727;43,96;SIRENE RE BIVOLT 12-24V DNI402
31/05/2026;RTG Material Maitenance;727;49,90;"FITA ISOL ELETR;750V;ADES;PVC;"
31/05/2026;RTG Material Maitenance;727;23,17;"FITA;ISOLANTE;TECIDO;DNI/DNI50"
31/05/2026;RTG Material Maitenance;727;8,17;"PLUGUE;FEMEA; P/TOMADA;20 A;25"
31/05/2026;RTG Material Maitenance;727;5.414,72;"BOMBA;CUMMINS/4089431RX"
31/05/2026;RTG Material Maitenance;727;91,52;"FILTRO;SEPAR;CUMMINS/FS19763"
31/05/2026;RTG Material Maitenance;728;91,52;"FILTRO;SEPAR;CUMMINS/FS19763"
31/05/2026;RTG Material Maitenance;728;314,01;"FILTRO;PRIMAR;AR;DONALDSON/P78"
31/05/2026;RTG Material Maitenance;728;3.339,60;"JOYSTICK;ESQUERDO;KALMAR;RTG-2"
31/05/2026;RTG Material Maitenance;728;3.747,38;TURBO COMPRESSOR 3104768 QSX15
31/05/2026;RTG Material Maitenance;728;3,66;"JUNTA;CUMMINS/3202117"
31/05/2026;RTG Material Maitenance;728;170,19;"JUNTA;CUMMINS/3171368"
31/05/2026;RTG Material Maitenance;728;1.580,06;"OLEO LUBRIF;MOTOR 15W40"
31/05/2026;RTG Material Maitenance;728;91,52;"FILTRO;SEPAR;CUMMINS/FS19763"
31/05/2026;RTG Material Maitenance;728;58,45;"FRASCO;PLAS;INCOL;CIL;250ML;C/"
31/05/2026;RTG Material Maitenance;728;45,18;"FILTRO;DO OLEO HID;P556005"
31/05/2026;RTG Material Maitenance;728;265,30;"FILTRO;AG;FLEETGUARD/WF2126;DO"
31/05/2026;RTG Material Maitenance;728;228,30;"ELEMENTO FILTR;OLEO DIESEL;FLE"
31/05/2026;RTG Material Maitenance;728;249,18;"FILTRO;F/R:FLEETGUARD/LF9070"
31/05/2026;RTG Material Maitenance;728;1.177,32;"OLEO;HIDIDRAULICO;HVLP 68"
31/05/2026;RTG Material Maitenance;728;58,46;"FRASCO;PLAS;INCOL;CIL;250ML;C/"
31/05/2026;RTG Material Maitenance;728;621,00;"ELEMENTO FILTR;OLEO;VIDR;SCHRO"
31/05/2026;RTG Material Maitenance;728;91,52;"FILTRO;SEPAR;CUMMINS/FS19763"
31/05/2026;RTG Material Maitenance;728;91,52;"FILTRO;SEPAR;CUMMINS/FS19763"
31/05/2026;RTG Material Maitenance;728;1.580,06;"OLEO LUBRIF;MOTOR 15W40"
31/05/2026;RTG Material Maitenance;728;91,52;"FILTRO;SEPAR;CUMMINS/FS19763"
31/05/2026;RTG Material Maitenance;728;58,45;"FRASCO;PLAS;INCOL;CIL;250ML;C/"
31/05/2026;RTG Material Maitenance;728;45,18;"FILTRO;DO OLEO HID;P556005"
31/05/2026;RTG Material Maitenance;728;265,30;"FILTRO;AG;FLEETGUARD/WF2126;DO"
31/05/2026;RTG Material Maitenance;728;228,30;"ELEMENTO FILTR;OLEO DIESEL;FLE"
31/05/2026;RTG Material Maitenance;728;249,18;"FILTRO;F/R:FLEETGUARD/LF9070"
31/05/2026;RTG Material Maitenance;728;133,29;"BOTAO;BYPASS;KALMAR/65231525"
31/05/2026;RTG Material Maitenance;728;28,11;"TERMINAL P/BATERIA; APERTO; PO"
31/05/2026;RTG Material Maitenance;728;32,01;"TERMINAL P/BAT;APERT;NEG;LAT;C"
31/05/2026;RTG Material Maitenance;728;1.250,54;"DESLIZANTE;CORRENTE;CARRO"
31/05/2026;RTG Material Maitenance;728;761,79;"CONECTOR P/CAB COMUNIC RED;6ES"
31/05/2026;RTG Material Maitenance;728;7.737,49;"CABO ACO PREFORM;IPH/26MM 8X31"
31/05/2026;RTG Material Maitenance;729;5.787,38;"ACOPLAMENTO;KONECRANES/5G4408"
31/05/2026;RTG Material Maitenance;730;91,52;"FILTRO;SEPAR;CUMMINS/FS19763"
31/05/2026;RTG Material Maitenance;730;117,12;"VASELINA;SOLID;LAT 1KG"
31/05/2026;RTG Material Maitenance;730;319,88;"ANEL O;573X9,80MM;BORR NT;80 S"
31/05/2026;RTG Material Maitenance;730;6.029,43;PNEU RECAPADO 1600X25 E3/L3 32
31/05/2026;RTG Material Maitenance;730;173,81;"OLEO LUBRIF;MOTOR 15W40"
31/05/2026;RTG Material Maitenance;730;51,75;"GRAXA;NAUTICA;LIT;INGRAX/UNILI"
31/05/2026;RTG Material Maitenance;730;43,94;"PARAFUSO;SEXTAVADO;M20X90MM;PA"
31/05/2026;RTG Material Maitenance;730;12,91;PORCA AUTO TRAVANTE  M20 PASSO
31/05/2026;RTG Material Maitenance;730;167,89;"TOALHA IND;BR;KIMBERLY CLARK/W"
31/05/2026;RTG Material Maitenance;730;11,77;"PARAFUSO;SEXTAVADO;1/2-13 X1.1"
31/05/2026;RTG Material Maitenance;730;53,53;"ROLAMENTO FIX ESF;1 CAR;25X62X"
31/05/2026;RTG Material Maitenance;730;140,49;"RETENTOR;CUMMINS/3074482"
31/05/2026;RTG Material Maitenance;730;1.580,06;"OLEO LUBRIF;MOTOR 15W40"
31/05/2026;RTG Material Maitenance;730;1.046,89;"ADITIVO;P/ RADIADOR;COR:AZUL"
31/05/2026;RTG Material Maitenance;730;2.422,59;"TENSOR;KONECRANES/3104029"
31/05/2026;RTG Material Maitenance;730;2.300,54;"TENSIONADOR;CUMMINS/3104027"
31/05/2026;RTG Material Maitenance;730;999,56;"CONE ROL CON;EIX 34,92MM;30811"
31/05/2026;RTG Material Maitenance;730;3.117,44;"FILTRO;RESPIRO;CUMMINS/3102738"
31/05/2026;RTG Material Maitenance;730;91,52;"FILTRO;SEPAR;CUMMINS/FS19763"
31/05/2026;RTG Material Maitenance;730;58,46;"FRASCO;PLAS;INCOL;CIL;250ML;C/"
31/05/2026;RTG Material Maitenance;730;45,18;"FILTRO;DO OLEO HID;P556005"
31/05/2026;RTG Material Maitenance;730;265,30;"FILTRO;AG;FLEETGUARD/WF2126;DO"
31/05/2026;RTG Material Maitenance;730;228,30;"ELEMENTO FILTR;OLEO DIESEL;FLE"
31/05/2026;RTG Material Maitenance;730;249,18;"FILTRO;F/R:FLEETGUARD/LF9070"
31/05/2026;RTG Material Maitenance;730;2.487,01;"POLIA;CUMMINS/3681587"
31/05/2026;RTG Material Maitenance;730;35,66;"PORCA;CUMMINS/142176"
31/05/2026;RTG Material Maitenance;730;125,19;"RETENTOR;CUMMINS/200307"
31/05/2026;RTG Material Maitenance;730;166,69;"PARAFUSO;CUMMINS/3102743"
31/05/2026;RTG Material Maitenance;730;314,01;"FILTRO;PRIMAR;AR;DONALDSON/P78"
31/05/2026;RTG Material Maitenance;730;184,45;"ELEMENTO FILTR;AR SEC;DONALDSO"
31/05/2026;RTG Material Maitenance;730;1.443,36;"CORREIA;CUMMINS/3106099"
31/05/2026;RTG Material Maitenance;730;82,89;"CORREIA MIC V PF;PK;6 CAN;1180"
31/05/2026;RTG Material Maitenance;730;3.866,73;"VENTILADOR;9PAS.;MOTOR;DIESEL;"
31/05/2026;RTG Material Maitenance;730;4.115,04;"BOBINA;SB17 MX 133 – 380V"
31/05/2026;RTG Material Maitenance;730;4.556,67;"RETIFICADOR;BUBENZER/BB0009"
31/05/2026;RTG Material Maitenance;731;1.902,21;"BATERIA AUTO;SELAD;12V;180A"
31/05/2026;RTG Material Maitenance;731;1.817,07;"OLEO LUBRIF;MOTOR 15W40"
31/05/2026;RTG Material Maitenance;731;58,46;"FRASCO;PLAS;INCOL;CIL;250ML;C/"
31/05/2026;RTG Material Maitenance;731;49,21;"FILTRO;AG;ROSC;FLEETGUARD/WF21"
31/05/2026;RTG Material Maitenance;731;671,17;"FILTRO;OLEO MOTOR LF14000NN"
31/05/2026;RTG Material Maitenance;731;999,25;"ELEMENTO;FILTRANTE;FS53015"
31/05/2026;RTG Material Maitenance;731;1.599,68;"FILTRO;COMBUSTIVEL;FF5782NN"
31/05/2026;RTG Material Maitenance;731;103,49;"GRAXA;NAUTICA;LIT;INGRAX/UNILI"
31/05/2026;RTG Material Maitenance;733;999,25;"ELEMENTO;FILTRANTE;FS53015"
31/05/2026;RTG Material Maitenance;733;531,99;"BATERIA;CHUMBO;12V;70AH;175X175X282MM;POLO;DIREITO"
31/05/2026;RTG Material Maitenance;733;94,80;"OLEO LUBRIF;MOTOR 15W40"
31/05/2026;RTG Material Maitenance;733;2.052,25;"GRAXA;OLEO MINER;ROCOL/RDOFFSH"
31/05/2026;RTG Material Maitenance;733;1.817,07;"OLEO LUBRIF;MOTOR 15W40"
31/05/2026;RTG Material Maitenance;733;58,45;"FRASCO;PLAS;INCOL;CIL;250ML;C/"
31/05/2026;RTG Material Maitenance;733;49,21;"FILTRO;AG;ROSC;FLEETGUARD/WF21"
31/05/2026;RTG Material Maitenance;733;671,17;"FILTRO;OLEO MOTOR LF14000NN"
31/05/2026;RTG Material Maitenance;733;999,25;"ELEMENTO;FILTRANTE;FS53015"
31/05/2026;RTG Material Maitenance;733;1.599,68;"FILTRO;COMBUSTIVEL;FF5782NN"
31/05/2026;RTG Material Maitenance;733;999,25;"ELEMENTO;FILTRANTE;FS53015"
31/05/2026;RTG Material Maitenance;734;187,37;"LUBRIFICANTE;MOLYGRAFIT/ACAERO"
31/05/2026;RTG Material Maitenance;734;429,00;"BOTOEIRA MONT;1 BOT;SIEMENS/3S"
31/05/2026;RTG Material Maitenance;734;167,89;"TOALHA IND;BR;KIMBERLY CLARK/W"
31/05/2026;RTG Material Maitenance;734;1.817,07;"OLEO LUBRIF;MOTOR 15W40"
31/05/2026;RTG Material Maitenance;734;58,45;"FRASCO;PLAS;INCOL;CIL;250ML;C/"
31/05/2026;RTG Material Maitenance;734;49,21;"FILTRO;AG;ROSC;FLEETGUARD/WF21"
31/05/2026;RTG Material Maitenance;734;671,17;"FILTRO;OLEO MOTOR LF14000NN"
31/05/2026;RTG Material Maitenance;734;999,25;"ELEMENTO;FILTRANTE;FS53015"
31/05/2026;RTG Material Maitenance;734;1.599,68;"FILTRO;COMBUSTIVEL;FF5782NN"
31/05/2026;RTG Material Maitenance;734;149,74;"BLOCO;CONTATO;HEAD;SCHNEIDER/X"
31/05/2026;RTG Material Maitenance;734;582,33;"CHAVE FIM CURS;1NA1NF;SCHNEIDE"
31/05/2026;RTG Material Maitenance;735;158,01;"OLEO LUBRIF;MOTOR 15W40"
31/05/2026;RTG Material Maitenance;735;167,89;"TOALHA IND;BR;KIMBERLY CLARK/W"
31/05/2026;RTG Material Maitenance;735;748,64;"DESENGRAXANTE;50L;HEPTA CLEAN"
31/05/2026;RTG Material Maitenance;735;52,88;"FLUIDO LIMP CONT;WURTH/3895653"
31/05/2026;RTG Material Maitenance;735;1.817,07;"OLEO LUBRIF;MOTOR 15W40"
31/05/2026;RTG Material Maitenance;735;1.046,89;"ADITIVO;P/ RADIADOR;COR:AZUL"
31/05/2026;RTG Material Maitenance;735;58,46;"FRASCO;PLAS;INCOL;CIL;250ML;C/"
31/05/2026;RTG Material Maitenance;735;49,21;"FILTRO;AG;ROSC;FLEETGUARD/WF21"
31/05/2026;RTG Material Maitenance;735;671,17;"FILTRO;OLEO MOTOR LF14000NN"
31/05/2026;RTG Material Maitenance;735;999,25;"ELEMENTO;FILTRANTE;FS53015"
31/05/2026;RTG Material Maitenance;735;1.599,68;"FILTRO;COMBUSTIVEL;FF5782NN"
31/05/2026;RTG Material Maitenance;736;72,60;"SUPRESSOR;SURTO;APLICACAO;HEADBLOCK;RTG;ZPMC;F/R;S"
31/05/2026;RTG Material Maitenance;736;54,45;"BLOCO;CONTATOR;AUXILIAR;APLICACAO;HEADBLOCK;RTG;ZP"
31/05/2026;RTG Material Maitenance;736;589,88;"CONTATOR;TENSAO;SIEMENS/3RT601"
31/05/2026;RTG Material Maitenance;736;429,00;"BOTOEIRA MONT;1 BOT;SIEMENS/3S"
31/05/2026;RTG Material Maitenance;736;589,88;"CONTATOR;TENSAO;SIEMENS/3RT601"
31/05/2026;RTG Material Maitenance;736;54,45;"BLOCO;CONTATOR;AUXILIAR;APLICACAO;HEADBLOCK;RTG;ZP"
31/05/2026;RTG Material Maitenance;736;72,60;"SUPRESSOR;SURTO;APLICACAO;HEADBLOCK;RTG;ZPMC;F/R;S"
31/05/2026;RTG Material Maitenance;736;2.970,28;"PROPULSOR PNEUM;P/GRAX;3/8NPT;"
31/05/2026;RTG Material Maitenance;736;35,26;"FLUIDO LIMP CONT;WURTH/3895653"
31/05/2026;RTG Material Maitenance;736;20,51;"OLEO DESENGRIP;AEROSSOL 300ML;"
31/05/2026;RTG Material Maitenance;736;76,05;"LIMPADOR SUPERF;LAVAGEM A SECO"
31/05/2026;RTG Material Maitenance;736;16,45;"ESTILETE;RETRAT;LARG;AZ/AM;ABS"
31/05/2026;RTG Material Maitenance;736;1.817,07;"OLEO LUBRIF;MOTOR 15W40"
31/05/2026;RTG Material Maitenance;736;58,45;"FRASCO;PLAS;INCOL;CIL;250ML;C/"
31/05/2026;RTG Material Maitenance;736;49,21;"FILTRO;AG;ROSC;FLEETGUARD/WF21"
31/05/2026;RTG Material Maitenance;736;671,17;"FILTRO;OLEO MOTOR LF14000NN"
31/05/2026;RTG Material Maitenance;736;999,25;"ELEMENTO;FILTRANTE;FS53015"
31/05/2026;RTG Material Maitenance;736;1.599,68;"FILTRO;COMBUSTIVEL;FF5782NN"
31/05/2026;RTG Material Maitenance;736;592,01;"OLEO LUBRIFICANTE;P/ ENGRENAGE"
31/05/2026;RTG Material Maitenance;736;2.860,19;"OLEO LUBRIFICANTE;P/ COMANDO F"
31/05/2026;RTG Material Maitenance;736;1.465,93;"OLEO LUBRIFICANTE;P/ ENGRENAGE"
31/05/2026;RTG Material Maitenance;736;1.322,19;"KIT;ELEMENTOS;FLEETGUARD AA296"
31/05/2026;RTG Material Maitenance;736;15,57;PILHA(AAA) CONJUNTO 2 UNIDADES
31/05/2026;RTG Material Maitenance;736;1.063,99;"BATERIA;CHUMBO;12V;70AH;175X175X282MM;POLO;DIREITO"
31/05/2026;RTG Material Maitenance;737;121,51;"DESENGRAXANTE;METASIL/JATOPLUS"
31/05/2026;RTG Material Maitenance;737;21,64;"ADESIVO INST;CIANOACR;HENKEL/S"
31/05/2026;RTG Material Maitenance;737;180,59;"BACTERICIDA;METASIL/DESIX TALC"
31/05/2026;RTG Material Maitenance;737;748,64;"DESENGRAXANTE;50L;HEPTA CLEAN"
31/05/2026;RTG Material Maitenance;737;57,45;"FILTRO;ENC;PARKER/2020PMOR30M"
31/05/2026;RTG Material Maitenance;737;35,26;"FLUIDO LIMP CONT;WURTH/3895653"
31/05/2026;RTG Material Maitenance;737;20,51;"OLEO DESENGRIP;AEROSSOL 300ML;"
31/05/2026;RTG Material Maitenance;737;38,03;"LIMPADOR SUPERF;LAVAGEM A SECO"
31/05/2026;RTG Material Maitenance;737;5,52;"LIMPADOR SUPERF;MULTI-USO;AZULIM;500ML"
31/05/2026;RTG Material Maitenance;737;999,25;"ELEMENTO;FILTRANTE;FS53015"
31/05/2026;RTG Material Maitenance;738;4.114,76;"MOTOR;380VCA;60HZ;2KW;PROTECAO"
31/05/2026;RTG Material Maitenance;738;1.817,07;"OLEO LUBRIF;MOTOR 15W40"
31/05/2026;RTG Material Maitenance;738;58,45;"FRASCO;PLAS;INCOL;CIL;250ML;C/"
31/05/2026;RTG Material Maitenance;738;49,21;"FILTRO;AG;ROSC;FLEETGUARD/WF21"
31/05/2026;RTG Material Maitenance;738;671,17;"FILTRO;OLEO MOTOR LF14000NN"
31/05/2026;RTG Material Maitenance;738;999,25;"ELEMENTO;FILTRANTE;FS53015"
31/05/2026;RTG Material Maitenance;738;1.599,68;"FILTRO;COMBUSTIVEL;FF5782NN"
31/05/2026;RTG Material Maitenance;738;10,26;"OLEO DESENGRIP;AEROSSOL 300ML;"
31/05/2026;RTG Material Maitenance;738;25,87;"GRAXA;NAUTICA;LIT;INGRAX/UNILI"
31/05/2026;RTG Material Maitenance;738;63,28;"GRAXA;F/R WURTH 0893106"
31/05/2026;RTG Material Maitenance;739;-14,93;MINI RELE 24V 0226 DNI
31/05/2026;RTG Material Maitenance;739;84,33;"TERMINAL P/BATERIA; APERTO; PO"
31/05/2026;RTG Material Maitenance;739;16,45;"ESTILETE;RETRAT;LARG;AZ/AM;ABS"
31/05/2026;RTG Material Maitenance;739;92,06;"HASTE;VARETA;ACO;INOX;3.0MM;TA"
31/05/2026;RTG Material Maitenance;739;7,79;PILHA(AAA) CONJUNTO 2 UNIDADES
31/05/2026;RTG Material Maitenance;739;38,03;"LIMPADOR SUPERF;LAVAGEM A SECO"
31/05/2026;RTG Material Maitenance;739;17,63;"FLUIDO LIMP CONT;WURTH/3895653"
31/05/2026;RTG Material Maitenance;739;187,37;"LUBRIFICANTE;MOLYGRAFIT/ACAERO"
31/05/2026;RTG Material Maitenance;739;449,21;"BLOCO;CONTATO;HEAD;SCHNEIDER/X"
31/05/2026;RTG Material Maitenance;739;16,45;"ESTILETE;RETRAT;LARG;AZ/AM;ABS"
31/05/2026;RTG Material Maitenance;739;1.023,47;"DESENGRAXANTE;DIELETRICO;WURTH"
31/05/2026;RTG Material Maitenance;739;1.817,07;"OLEO LUBRIF;MOTOR 15W40"
31/05/2026;RTG Material Maitenance;739;1.046,89;"ADITIVO;P/ RADIADOR;COR:AZUL"
31/05/2026;RTG Material Maitenance;739;58,45;"FRASCO;PLAS;INCOL;CIL;250ML;C/"
31/05/2026;RTG Material Maitenance;739;49,21;"FILTRO;AG;ROSC;FLEETGUARD/WF21"
31/05/2026;RTG Material Maitenance;739;671,17;"FILTRO;OLEO MOTOR LF14000NN"
31/05/2026;RTG Material Maitenance;739;999,25;"ELEMENTO;FILTRANTE;FS53015"
31/05/2026;RTG Material Maitenance;739;1.599,68;"FILTRO;COMBUSTIVEL;FF5782NN"
31/05/2026;RTG Material Maitenance;739;14,93;MINI RELE 24V 0226 DNI
31/05/2026;RTG Material Maitenance;739;4.085,79;"CHAVE;FIM CURSO;F/R:LIEBHERR/6"
31/05/2026;RTG Material Maitenance;739;261,98;"FILTRO;OLEO;MOTOR;M95X2,5;RS K"
31/05/2026;RTG Material Maitenance;739;10,26;"OLEO DESENGRIP;AEROSSOL 300ML;"
31/05/2026;RTG Material Maitenance;739;25,87;"GRAXA;NAUTICA;LIT;INGRAX/UNILI"
31/05/2026;RTG Material Maitenance;739;63,28;"GRAXA;F/R WURTH 0893106"
31/05/2026;RTG Material Maitenance;739;23,51;"ESPATULA;LISA;METAL;VONDER"
31/05/2026;RTG Material Maitenance;740;58,08;"CONECTOR;2 VIAS;RAINHA DAS SET"
31/05/2026;RTG Material Maitenance;740;1.465,93;"OLEO LUBRIFICANTE;P/ ENGRENAGE"
31/05/2026;RTG Material Maitenance;740;1.817,07;"OLEO LUBRIF;MOTOR 15W40"
31/05/2026;RTG Material Maitenance;740;58,46;"FRASCO;PLAS;INCOL;CIL;250ML;C/"
31/05/2026;RTG Material Maitenance;740;49,21;"FILTRO;AG;ROSC;FLEETGUARD/WF21"
31/05/2026;RTG Material Maitenance;740;671,17;"FILTRO;OLEO MOTOR LF14000NN"
31/05/2026;RTG Material Maitenance;740;999,25;"ELEMENTO;FILTRANTE;FS53015"
31/05/2026;RTG Material Maitenance;740;1.599,68;"FILTRO;COMBUSTIVEL;FF5782NN"
31/05/2026;RTG Material Maitenance;740;748,64;"DESENGRAXANTE;50L;HEPTA CLEAN"
31/05/2026;RTG Material Maitenance;740;482,53;"ARAME MIG;BALMER/30005905"
31/05/2026;RTG Material Maitenance;740;1.902,21;"BATERIA AUTO;SELAD;12V;180A"
31/05/2026;RTG Material Maitenance;740;63,28;"GRAXA;F/R WURTH 0893106"
31/05/2026;RTG Material Maitenance;740;25,87;"GRAXA;NAUTICA;LIT;INGRAX/UNILI"
31/05/2026;RTG Material Maitenance;740;12,68;"FITA VED PTFE;18MM;0,70MM;ROL"
31/05/2026;RTG Material Maitenance;740;167,89;"TOALHA IND;BR;KIMBERLY CLARK/W"
31/05/2026;RTG Material Maitenance;741;-3.734,37;"CARTAO;CLP;DIGITAL;ENTRADA;SIE"
31/05/2026;RTG Material Maitenance;741;-180,59;"BACTERICIDA;METASIL/DESIX TALC"
31/05/2026;RTG Material Maitenance;741;4.114,76;"MOTOR;380VCA;60HZ;2KW;PROTECAO"
31/05/2026;RTG Material Maitenance;741;3.484,80;"BOBINA;FREIO;COMPLETA;ZPMC/TJU"
31/05/2026;RTG Material Maitenance;741;3.734,37;"CARTAO;CLP;DIGITAL;ENTRADA;SIE"
31/05/2026;RTG Material Maitenance;741;1.079,92;"DESENGRAXANTE;20L;CERTIFIED/DA"
31/05/2026;RTG Material Maitenance;741;1.079,92;"DESENGRAXANTE;20L;CERTIFIED/DA"
31/05/2026;RTG Material Maitenance;741;70,51;"FLUIDO LIMP CONT;WURTH/3895653"
31/05/2026;RTG Material Maitenance;741;167,89;"TOALHA IND;BR;KIMBERLY CLARK/W"
31/05/2026;RTG Material Maitenance;741;1.817,07;"OLEO LUBRIF;MOTOR 15W40"
31/05/2026;RTG Material Maitenance;741;58,46;"FRASCO;PLAS;INCOL;CIL;250ML;C/"
31/05/2026;RTG Material Maitenance;741;49,21;"FILTRO;AG;ROSC;FLEETGUARD/WF21"
31/05/2026;RTG Material Maitenance;741;671,17;"FILTRO;OLEO MOTOR LF14000NN"
31/05/2026;RTG Material Maitenance;741;999,25;"ELEMENTO;FILTRANTE;FS53015"
31/05/2026;RTG Material Maitenance;741;1.599,68;"FILTRO;COMBUSTIVEL;FF5782NN"
31/05/2026;RTG Material Maitenance;741;63,28;"GRAXA;F/R WURTH 0893106"
31/05/2026;RTG Material Maitenance;741;51,75;"GRAXA;NAUTICA;LIT;INGRAX/UNILI"
31/05/2026;RTG Material Maitenance;741;121,51;"DESENGRAXANTE;METASIL/JATOPLUS"
31/05/2026;RTG Material Maitenance;741;180,59;"BACTERICIDA;METASIL/DESIX TALC"
31/05/2026;RTG Material Maitenance;741;5.638,17;"OLEO LUBRIFICANTE;P/ ENGRENAGE"
31/05/2026;RTG Material Maitenance;741;1.465,93;"OLEO LUBRIFICANTE;P/ ENGRENAGE"
31/05/2026;RTG Material Maitenance;741;2.052,25;"GRAXA;OLEO MINER;ROCOL/RDOFFSH"
31/05/2026;RTG Material Maitenance;741;34,41;"ADESIVO SIL ACETICO;BRANCO"
31/05/2026;RTG Material Maitenance;741;42,28;"FILME PLAS;PE;INCOL;500MM;BOB"
31/05/2026;RTG Material Maitenance;741;33,26;"LONA PLAST PROT;PT;PVC;8X100M;"
31/05/2026;RTG Material Maitenance;741;8.457,26;"OLEO LUBRIFICANTE;P/ ENGRENAGE"
02/06/2026;RTG Maintenance Services;;3.343,00;
02/06/2026;RTG Maintenance Services;;4.500,00;
02/06/2026;RTG Maintenance Services;;4.500,00;
08/06/2026;RTG Material Maitenance;;3.310,00;
11/06/2026;RTG Material Maitenance;;1.000,00;
11/06/2026;RTG Material Maitenance;715;848,70;
11/06/2026;RTG Material Maitenance;721;38,48;
11/06/2026;RTG Material Maitenance;725;2.273,58;
11/06/2026;RTG Material Maitenance;728;147,47;
12/06/2026;RTG Maintenance Services;;25.903,38;
19/06/2026;RTG Maintenance Services;;4.500,00;
19/06/2026;RTG Material Maitenance;704;1.278,10;
19/06/2026;RTG Material Maitenance;721;197,14;
19/06/2026;RTG Material Maitenance;722;689,40;
19/06/2026;RTG Material Maitenance;725;199,47;
19/06/2026;RTG Material Maitenance;726;592,81;
19/06/2026;RTG Material Maitenance;730;160,00;
22/06/2026;RTG Maintenance Services;;12.985,56;
23/06/2026;RTG Maintenance Services;;1.480,00;
25/06/2026;RTG Maintenance Services;;900,00;
25/06/2026;RTG Maintenance Services;;1.661,46;
25/06/2026;RTG Maintenance Services;;41.945,69;
30/06/2026;RTG Material Maitenance;701;3.676,74;"CABO;CELULA;CARGA;SENSOR;20M"
30/06/2026;RTG Material Maitenance;701;46.178,88;"CELULA;KONECRANES/52493545"
30/06/2026;RTG Material Maitenance;701;106,93;"BARRA ROSC AC INOX;AISI 304;M2"
30/06/2026;RTG Material Maitenance;701;44,28;"PORCA;SEXT;M20X2,50;16MM;SAE10"
30/06/2026;RTG Material Maitenance;701;20,14;"OLEO DESENGRIP;AEROSSOL 300ML;"
30/06/2026;RTG Material Maitenance;701;72,69;"DISJUNTOR TERM;BIP;16A;SIEMENS"
30/06/2026;RTG Material Maitenance;701;12,83;"LIXA;TIPO ROTATIVA;MODELO 680;"
30/06/2026;RTG Material Maitenance;701;64,15;"LIXA;TIPO ROTATIVA;MODELO 680;"
30/06/2026;RTG Material Maitenance;701;37,12;"GRAMPO P/CAB AC;LEV;1POL;SAE 1"
30/06/2026;RTG Material Maitenance;701;2.199,22;"RETIFICADOR;KONECRANES/V002141"
30/06/2026;RTG Material Maitenance;701;3.312,60;BOBINA FREIO ANTIBALANCO/ AUX
30/06/2026;RTG Material Maitenance;701;3.996,09;"CODIFICADOR;INCR;BID;LEINE E L"
30/06/2026;RTG Material Maitenance;701;635,22;"OLEO LUBRIF;MOTOR 15W40"
30/06/2026;RTG Material Maitenance;701;93,41;"FILTRO;SEPAR;CUMMINS/FS19763"
30/06/2026;RTG Material Maitenance;701;58,32;"FRASCO;PLAS;INCOL;CIL;250ML;C/"
30/06/2026;RTG Material Maitenance;701;109,38;"FILTRO;CART;AG;11/16-16UN;BALD"
30/06/2026;RTG Material Maitenance;701;238,07;"FILTRO;P/ OLEO LUBRIFICANTE;FI"
30/06/2026;RTG Material Maitenance;701;3.844,62;"ROLAMENTO ROL CON;100X215X77,5"
30/06/2026;RTG Material Maitenance;701;5.053,40;"ROLAMENTO AUTOC ROL;RAD/AXI;AC"
30/06/2026;RTG Material Maitenance;701;4.973,00;"CONDICIONADOR AR;CARRIER/42MAC"
30/06/2026;RTG Material Maitenance;702;571,66;"PARAFUSO ESTOJ;M22X1,5X42MM;PA"
30/06/2026;RTG Material Maitenance;702;1.081,27;"OLEO;HIDIDRAULICO;HVLP 68"
30/06/2026;RTG Material Maitenance;702;635,22;"OLEO LUBRIF;MOTOR 15W40"
30/06/2026;RTG Material Maitenance;702;93,41;"FILTRO;SEPAR;CUMMINS/FS19763"
30/06/2026;RTG Material Maitenance;702;58,32;"FRASCO;PLAS;INCOL;CIL;250ML;C/"
30/06/2026;RTG Material Maitenance;702;109,38;"FILTRO;CART;AG;11/16-16UN;BALD"
30/06/2026;RTG Material Maitenance;702;238,07;"FILTRO;P/ OLEO LUBRIFICANTE;FI"
30/06/2026;RTG Material Maitenance;702;1.272,43;"CILINDRO;BROMMA/74147"
30/06/2026;RTG Material Maitenance;702;1.560,04;"SENSOR;BIDUK/I7CF-M3016A-OEL4"
30/06/2026;RTG Material Maitenance;702;268,60;"CONECTOR SENSOR;TAMANHO:5M;M12"
30/06/2026;RTG Material Maitenance;702;435,60;"CASTANHA;CABOS;ACMS;APLICACAO:"
30/06/2026;RTG Material Maitenance;702;782,32;"DESENGRAXANTE;50L;HEPTA CLEAN"
30/06/2026;RTG Material Maitenance;702;1.560,04;"SENSOR;BIDUK/I7CF-M3016A-OEL4"
30/06/2026;RTG Material Maitenance;702;293,24;"CONECTOR SENSOR;TURCK/RKC4.4T"
30/06/2026;RTG Material Maitenance;702;1.564,64;"DESENGRAXANTE;50L;HEPTA CLEAN"
30/06/2026;RTG Material Maitenance;703;10.008,46;"MOTOR;ELETRICO;TROLLEY;"
30/06/2026;RTG Material Maitenance;703;42,28;"FILME PLAS;PE;INCOL;500MM;BOB"
30/06/2026;RTG Material Maitenance;703;44,02;"DISJUNTOR TERM;BIP;25A;440V;ST"
30/06/2026;RTG Material Maitenance;703;399,34;"SENSOR;TURCK/BI4U-M12-AP6X;KON"
30/06/2026;RTG Material Maitenance;703;950,10;"PINO;DRAWING/RTGHBA3OP2"
30/06/2026;RTG Material Maitenance;703;257,22;"ADESIVO VED;ESTER DIMET;HENKEL"
30/06/2026;RTG Material Maitenance;703;635,22;"OLEO LUBRIF;MOTOR 15W40"
30/06/2026;RTG Material Maitenance;703;93,41;"FILTRO;SEPAR;CUMMINS/FS19763"
30/06/2026;RTG Material Maitenance;703;58,32;"FRASCO;PLAS;INCOL;CIL;250ML;C/"
30/06/2026;RTG Material Maitenance;703;109,38;"FILTRO;CART;AG;11/16-16UN;BALD"
30/06/2026;RTG Material Maitenance;703;238,07;"FILTRO;P/ OLEO LUBRIFICANTE;FI"
30/06/2026;RTG Material Maitenance;703;29,97;"GRAXA;NAUTICA;LIT;INGRAX/UNILI"
30/06/2026;RTG Material Maitenance;703;476,41;"OLEO LUBRIF;MOTOR 15W40"
30/06/2026;RTG Material Maitenance;703;432,51;"OLEO;HIDIDRAULICO;HVLP 68"
30/06/2026;RTG Material Maitenance;703;103,85;"PROTETOR;CAMARA DE AR;ARO 24 P"
30/06/2026;RTG Material Maitenance;703;274,68;"CAMARA AR;14,00;ARO 24;RS"
30/06/2026;RTG Material Maitenance;703;93,41;"FILTRO;SEPAR;CUMMINS/FS19763"
30/06/2026;RTG Material Maitenance;704;-109,38;"FILTRO;CART;AG;11/16-16UN;BALD"
30/06/2026;RTG Material Maitenance;704;-58,32;"FRASCO;PLAS;INCOL;CIL;250ML;C/"
30/06/2026;RTG Material Maitenance;704;-731,26;"REGULADOR TENS;ENCAPSULADO;GRAMEYER/RT7-TH4 E 5A-A"
30/06/2026;RTG Material Maitenance;704;-880,49;"ELETROVALVULA;VIGIA/X1101-A010"
30/06/2026;RTG Material Maitenance;704;-578,56;"GRAMPO;TENSOR;HASTE;TP-U;FIXA;F/R;KIFIX/KF-943DTR"
30/06/2026;RTG Material Maitenance;704;63,28;"GRAXA;F/R WURTH 0893106"
30/06/2026;RTG Material Maitenance;704;2.052,25;"GRAXA;OLEO MINER;ROCOL/RDOFFSH"
30/06/2026;RTG Material Maitenance;704;635,22;"OLEO LUBRIF;MOTOR 15W40"
30/06/2026;RTG Material Maitenance;704;93,41;"FILTRO;SEPAR;CUMMINS/FS19763"
30/06/2026;RTG Material Maitenance;704;58,32;"FRASCO;PLAS;INCOL;CIL;250ML;C/"
30/06/2026;RTG Material Maitenance;704;109,38;"FILTRO;CART;AG;11/16-16UN;BALD"
30/06/2026;RTG Material Maitenance;704;238,07;"FILTRO;P/ OLEO LUBRIFICANTE;FI"
30/06/2026;RTG Material Maitenance;704;731,26;"REGULADOR TENS;ENCAPSULADO;GRAMEYER/RT7-TH4 E 5A-A"
30/06/2026;RTG Material Maitenance;704;5.924,90;"BOBINA;COMPLETA;P/FREIO;GANTRY"
30/06/2026;RTG Material Maitenance;704;48,10;"FITA ISOL ELETR;750V;ADES;PVC;"
30/06/2026;RTG Material Maitenance;704;36,21;"LIMPADOR SUPERF;LAVAGEM A SECO"
30/06/2026;RTG Material Maitenance;704;117,88;ALCOOL ISOPROPILICO 5 LT GALAO
30/06/2026;RTG Material Maitenance;704;79,40;"OLEO LUBRIF;MOTOR 15W40"
30/06/2026;RTG Material Maitenance;704;93,41;"FILTRO;SEPAR;CUMMINS/FS19763"
30/06/2026;RTG Material Maitenance;704;476,41;"OLEO LUBRIF;MOTOR 15W40"
30/06/2026;RTG Material Maitenance;704;432,51;"OLEO;HIDIDRAULICO;HVLP 68"
30/06/2026;RTG Material Maitenance;704;794,02;"OLEO LUBRIF;MOTOR 15W40"
30/06/2026;RTG Material Maitenance;704;1.144,08;"SACO;AR;PNEU;12.00X24;EV;KONEC"
30/06/2026;RTG Material Maitenance;704;207,69;"PROTETOR;CAMARA DE AR;ARO 24 P"
30/06/2026;RTG Material Maitenance;704;635,22;"OLEO LUBRIF;MOTOR 15W40"
30/06/2026;RTG Material Maitenance;704;93,41;"FILTRO;SEPAR;CUMMINS/FS19763"
30/06/2026;RTG Material Maitenance;704;58,32;"FRASCO;PLAS;INCOL;CIL;250ML;C/"
30/06/2026;RTG Material Maitenance;704;109,38;"FILTRO;CART;AG;11/16-16UN;BALD"
30/06/2026;RTG Material Maitenance;704;238,07;"FILTRO;P/ OLEO LUBRIFICANTE;FI"
30/06/2026;RTG Material Maitenance;704;18,84;"INTERRUPTOR;SI;1 TECL;LEGRAND"
30/06/2026;RTG Material Maitenance;704;4.895,96;"BOBINA;KONECRANES/52301642"
30/06/2026;RTG Material Maitenance;704;379,69;"BOLA;AUTOMATICA;EXTINTORA;INCE"
30/06/2026;RTG Material Maitenance;704;167,89;"TOALHA IND;BR;KIMBERLY CLARK/W"
30/06/2026;RTG Material Maitenance;704;578,56;"GRAMPO;TENSOR;HASTE;TP-U;FIXA;F/R;KIFIX/KF-943DTR"
30/06/2026;RTG Material Maitenance;704;355,38;"DOBRADICA;DHL/DPTR-DHL-2360"
30/06/2026;RTG Material Maitenance;704;208,73;"CONTADOR;ELETROMECANICO;24V"
30/06/2026;RTG Material Maitenance;704;167,09;"FECHO LING;GIRAT;REG;S/MANOPLA"
30/06/2026;RTG Material Maitenance;704;909,51;"LUMINARIA;LATINA/LT.BIL.A050.60"
30/06/2026;RTG Material Maitenance;704;5.924,90;"BOBINA;COMPLETA;P/FREIO;GANTRY"
30/06/2026;RTG Material Maitenance;704;60,88;"CAIXA DERIV;TERMOPL;RET;IP55;S"
30/06/2026;RTG Material Maitenance;704;482,75;"CONTATOR TRIP;32A;110VCA;SCHNE"
30/06/2026;RTG Material Maitenance;704;5.322,74;"MODULO ELET ENT;SIEMENS/6ES732"
30/06/2026;RTG Material Maitenance;704;780,02;"SENSOR;BIDUK/I7CF-M3016A-OEL4"
30/06/2026;RTG Material Maitenance;705;-888,82;"TINTA;AZUL;RAL5002;PU;JOTUN"
30/06/2026;RTG Material Maitenance;705;-2.417,73;"VALVULA;VICKERS/DG4V-5-2C-M-U-"
30/06/2026;RTG Material Maitenance;705;93,41;"FILTRO;SEPAR;CUMMINS/FS19763"
30/06/2026;RTG Material Maitenance;705;1.947,82;"BATERIA AUTO;SELAD;12V;180A"
30/06/2026;RTG Material Maitenance;705;93,41;"FILTRO;SEPAR;CUMMINS/FS19763"
30/06/2026;RTG Material Maitenance;705;1.179,75;"CONECTOR REDE;PROFIBUS;90 GR;1"
30/06/2026;RTG Material Maitenance;705;93,41;"FILTRO;SEPAR;CUMMINS/FS19763"
30/06/2026;RTG Material Maitenance;705;635,22;"OLEO LUBRIF;MOTOR 15W40"
30/06/2026;RTG Material Maitenance;705;432,51;"OLEO;HIDIDRAULICO;HVLP 68"
30/06/2026;RTG Material Maitenance;705;432,51;"OLEO;HIDIDRAULICO;HVLP 68"
30/06/2026;RTG Material Maitenance;705;476,41;"OLEO LUBRIF;MOTOR 15W40"
30/06/2026;RTG Material Maitenance;705;4.085,98;"BLOCO TERMIN;SIEMENS S7-300;6E"
30/06/2026;RTG Material Maitenance;705;635,22;"OLEO LUBRIF;MOTOR 15W40"
30/06/2026;RTG Material Maitenance;705;93,41;"FILTRO;SEPAR;CUMMINS/FS19763"
30/06/2026;RTG Material Maitenance;705;58,32;"FRASCO;PLAS;INCOL;CIL;250ML;C/"
30/06/2026;RTG Material Maitenance;705;109,38;"FILTRO;CART;AG;11/16-16UN;BALD"
30/06/2026;RTG Material Maitenance;705;238,07;"FILTRO;P/ OLEO LUBRIFICANTE;FI"
30/06/2026;RTG Material Maitenance;705;93,41;"FILTRO;SEPAR;CUMMINS/FS19763"
30/06/2026;RTG Material Maitenance;705;59,93;"GRAXA;NAUTICA;LIT;INGRAX/UNILI"
30/06/2026;RTG Material Maitenance;705;189,84;"GRAXA;F/R WURTH 0893106"
30/06/2026;RTG Material Maitenance;705;7,26;"FUSIVEL;VIDRO;GRANDE;2A"
30/06/2026;RTG Material Maitenance;705;5.924,90;"BOBINA;COMPLETA;P/FREIO;GANTRY"
30/06/2026;RTG Material Maitenance;705;7.318,97;"MOTOR;ELETRICO;KONECRANES/V001"
30/06/2026;RTG Material Maitenance;705;30.055,08;"DISCO;HOIST;FREIO;2100NM"
30/06/2026;RTG Material Maitenance;705;782,32;"DESENGRAXANTE;50L;HEPTA CLEAN"
30/06/2026;RTG Material Maitenance;705;1.421,52;"DOBRADICA;DHL/DPTR-DHL-2360"
30/06/2026;RTG Material Maitenance;705;888,82;"TINTA;AZUL;RAL5002;PU;JOTUN"
30/06/2026;RTG Material Maitenance;705;313,45;"CONTATOR TRIP;25A;110VCA;SCHNE"
30/06/2026;RTG Material Maitenance;705;998,25;"MODULO;KONE/V0003740"
30/06/2026;RTG Material Maitenance;705;641,04;"BLOCO CONT AUX TEMPORIZ;SCHNEI"
30/06/2026;RTG Material Maitenance;705;998,25;"MODULO;KONE/V0003740"
30/06/2026;RTG Material Maitenance;705;5.924,90;"BOBINA;COMPLETA;P/FREIO;GANTRY"
30/06/2026;RTG Material Maitenance;705;93,41;"FILTRO;SEPAR;CUMMINS/FS19763"
30/06/2026;RTG Material Maitenance;706;-109,38;"FILTRO;CART;AG;11/16-16UN;BALD"
30/06/2026;RTG Material Maitenance;706;-1.450,37;"MODULO;RETIFICADOR;RGM100"
30/06/2026;RTG Material Maitenance;706;-3.996,09;"CODIFICADOR;INCR;BID;LEINE E L"
30/06/2026;RTG Material Maitenance;706;-6,74;"ADESIVO VED;POLIM;BG 100G;MUND"
30/06/2026;RTG Material Maitenance;706;8.977,53;"CODIFICADOR;ABSOLUTO;RSA 698;U"
30/06/2026;RTG Material Maitenance;706;167,89;"TOALHA IND;BR;KIMBERLY CLARK/W"
30/06/2026;RTG Material Maitenance;706;71,39;"ISOLANTE LIQ;EPOXI;PT;LAT 200M"
30/06/2026;RTG Material Maitenance;706;208,73;"CONTADOR;ELETROMECANICO;24V"
30/06/2026;RTG Material Maitenance;706;35,26;"FLUIDO LIMP CONT;WURTH/3895653"
30/06/2026;RTG Material Maitenance;706;11.849,81;"BOBINA;COMPLETA;P/FREIO;GANTRY"
30/06/2026;RTG Material Maitenance;706;635,22;"OLEO LUBRIF;MOTOR 15W40"
30/06/2026;RTG Material Maitenance;706;93,41;"FILTRO;SEPAR;CUMMINS/FS19763"
30/06/2026;RTG Material Maitenance;706;58,32;"FRASCO;PLAS;INCOL;CIL;250ML;C/"
30/06/2026;RTG Material Maitenance;706;109,38;"FILTRO;CART;AG;11/16-16UN;BALD"
30/06/2026;RTG Material Maitenance;706;238,07;"FILTRO;P/ OLEO LUBRIFICANTE;FI"
30/06/2026;RTG Material Maitenance;706;43,56;"DISJUNTOR;20A;SCHNEIDER/EZ9F33"
30/06/2026;RTG Material Maitenance;706;2.900,75;"MODULO;RETIFICADOR;RGM100"
30/06/2026;RTG Material Maitenance;706;1.016,48;"DESENGRAXANTE;DIELETRICO;WURTH"
30/06/2026;RTG Material Maitenance;706;335,77;"TOALHA IND;BR;KIMBERLY CLARK/W"
30/06/2026;RTG Material Maitenance;706;2.159,85;"DESENGRAXANTE;20L;CERTIFIED/DA"
30/06/2026;RTG Material Maitenance;706;3.239,77;"DESENGRAXANTE;20L;CERTIFIED/DA"
30/06/2026;RTG Material Maitenance;706;31,79;"TERMINAL P/BATERIA; APERTO; PO"
30/06/2026;RTG Material Maitenance;706;32,58;"TERMINAL P/BAT;APERT;NEG;LAT;C"
30/06/2026;RTG Material Maitenance;706;93,41;"FILTRO;SEPAR;CUMMINS/FS19763"
30/06/2026;RTG Material Maitenance;706;3.996,09;"CODIFICADOR;INCR;BID;LEINE E L"
30/06/2026;RTG Material Maitenance;706;93,41;"FILTRO;SEPAR;CUMMINS/FS19763"
30/06/2026;RTG Material Maitenance;706;12,83;"LIXA;TIPO ROTATIVA;MODELO 680;"
30/06/2026;RTG Material Maitenance;706;125,72;"DISCO CORTE;WURTH/0664115232"
30/06/2026;RTG Material Maitenance;706;40,40;"TINTA;PRATA;SPR 200ML;MUNDIAL"
30/06/2026;RTG Material Maitenance;706;6,74;"ADESIVO VED;POLIM;BG 100G;MUND"
30/06/2026;RTG Material Maitenance;706;120,13;"TUBO;FADO/F7710"
30/06/2026;RTG Material Maitenance;706;20,14;"OLEO DESENGRIP;AEROSSOL 300ML;"
30/06/2026;RTG Material Maitenance;706;2.654,83;"MOTOR;LOCK;PIN;REPARADO;KONECR"
30/06/2026;RTG Material Maitenance;706;41,61;"CONECTOR P/EMENDA CAB SOLD;25-"
30/06/2026;RTG Material Maitenance;706;38,49;"LIXA;TIPO ROTATIVA;MODELO 680;"
30/06/2026;RTG Material Maitenance;706;125,72;"DISCO CORTE;WURTH/0664115232"
30/06/2026;RTG Material Maitenance;706;29,23;"PONTA MONT;A38;OXID ALUMINO RS"
30/06/2026;RTG Material Maitenance;706;174,68;"OLEO LUBRIF;MOTOR 15W40"
30/06/2026;RTG Material Maitenance;706;93,41;"FILTRO;SEPAR;CUMMINS/FS19763"
30/06/2026;RTG Material Maitenance;708;42,28;"FILME PLAS;PE;INCOL;500MM;BOB"
30/06/2026;RTG Material Maitenance;709;-144,64;"GRAMPO;TENSOR;HASTE;TP-U;FIXA;F/R;KIFIX/KF-943DTR"
30/06/2026;RTG Material Maitenance;709;-93,68;"LUBRIFICANTE;MOLYGRAFIT/ACAERO"
30/06/2026;RTG Material Maitenance;709;-249,18;"FILTRO;F/R:FLEETGUARD/LF9070"
30/06/2026;RTG Material Maitenance;709;93,41;"FILTRO;SEPAR;CUMMINS/FS19763"
30/06/2026;RTG Material Maitenance;709;578,56;"GRAMPO;TENSOR;HASTE;TP-U;FIXA;F/R;KIFIX/KF-943DTR"
30/06/2026;RTG Material Maitenance;709;1.421,52;"DOBRADICA;DHL/DPTR-DHL-2360"
30/06/2026;RTG Material Maitenance;709;2.921,72;"BATERIA AUTO;SELAD;12V;180A"
30/06/2026;RTG Material Maitenance;709;39,04;"VASELINA;SOLID;LAT 1KG"
30/06/2026;RTG Material Maitenance;709;93,41;"FILTRO;SEPAR;CUMMINS/FS19763"
30/06/2026;RTG Material Maitenance;709;18,15;"PORCA;SEXT;M24X3;19MM;AISI 304"
30/06/2026;RTG Material Maitenance;709;55,94;"BARRA;ROSCADA;M24;1M;FERRO;ZIN"
30/06/2026;RTG Material Maitenance;709;379,69;"BOLA;AUTOMATICA;EXTINTORA;INCE"
30/06/2026;RTG Material Maitenance;710;-93,68;"LUBRIFICANTE;MOLYGRAFIT/ACAERO"
30/06/2026;RTG Material Maitenance;710;-1.037,34;"FILTRO;DIESEL;CUMMINS/FF63010"
30/06/2026;RTG Material Maitenance;710;-1.016,48;"DESENGRAXANTE;DIELETRICO;WURTH"
30/06/2026;RTG Material Maitenance;710;-249,18;"FILTRO;F/R:FLEETGUARD/LF9070"
30/06/2026;RTG Material Maitenance;710;-249,18;"FILTRO;F/R:FLEETGUARD/LF9070"
30/06/2026;RTG Material Maitenance;710;-2.302,63;"CJ LAMINAS P/ ACOPL;90MM;132MM"
30/06/2026;RTG Material Maitenance;710;93,41;"FILTRO;SEPAR;CUMMINS/FS19763"
30/06/2026;RTG Material Maitenance;710;505,54;"FILTRO;AR;CUMMINS/AF25708M"
30/06/2026;RTG Material Maitenance;710;10.127,83;"EIXO;F/R:KALMAR/ JP106555"
30/06/2026;RTG Material Maitenance;710;59,63;"PRENSA CABO;HARTING/0110061816"
30/06/2026;RTG Material Maitenance;710;58,32;"FRASCO;PLAS;INCOL;CIL;250ML;C/"
30/06/2026;RTG Material Maitenance;710;1.037,34;"FILTRO;DIESEL;CUMMINS/FF63010"
30/06/2026;RTG Material Maitenance;710;93,68;"LUBRIFICANTE;MOLYGRAFIT/ACAERO"
30/06/2026;RTG Material Maitenance;710;1.588,04;"OLEO LUBRIF;MOTOR 15W40"
30/06/2026;RTG Material Maitenance;710;249,18;"FILTRO;F/R:FLEETGUARD/LF9070"
30/06/2026;RTG Material Maitenance;710;265,48;"FILTRO;AG;FLEETGUARD/WF2126;DO"
30/06/2026;RTG Material Maitenance;710;317,17;"SINALIZADOR LUM IND;SI;CIL;ACR"
30/06/2026;RTG Material Maitenance;710;72,42;"LIMPADOR SUPERF;LAVAGEM A SECO"
30/06/2026;RTG Material Maitenance;710;326,34;"GIROFLEX;REDONDO;GIROLED/110/2"
30/06/2026;RTG Material Maitenance;710;186,96;"BASE;CHAP MOLA;AC INOX;LEINE &"
30/06/2026;RTG Material Maitenance;710;93,41;"FILTRO;SEPAR;CUMMINS/FS19763"
30/06/2026;RTG Material Maitenance;710;1.016,48;"DESENGRAXANTE;DIELETRICO;WURTH"
30/06/2026;RTG Material Maitenance;710;2.159,85;"DESENGRAXANTE;20L;CERTIFIED/DA"
30/06/2026;RTG Material Maitenance;710;167,89;"TOALHA IND;BR;KIMBERLY CLARK/W"
30/06/2026;RTG Material Maitenance;710;162,55;"ELEMENTO ELAST;ROTEX 42 98SHA;"
30/06/2026;RTG Material Maitenance;710;7.135,67;"BOBINA;FREIO;REPARADO;BUBENZER"
30/06/2026;RTG Material Maitenance;710;766,54;"PROTECAO;FREIO;FIRE/2998"
30/06/2026;RTG Material Maitenance;710;41,91;"DISCO CORTE;WURTH/0664115232"
30/06/2026;RTG Material Maitenance;710;272,25;BOBINA SOLENOIDE 24VCC F/R VIC
30/06/2026;RTG Material Maitenance;710;505,54;"FILTRO;AR;CUMMINS/AF25708M"
30/06/2026;RTG Material Maitenance;711;-471,72;"DESENGRAXANTE;UNIVERSAL;ECO-W;"
30/06/2026;RTG Material Maitenance;711;-1.947,82;"BATERIA AUTO;SELAD;12V;180A"
30/06/2026;RTG Material Maitenance;711;-58,32;"FRASCO;PLAS;INCOL;CIL;250ML;C/"
30/06/2026;RTG Material Maitenance;711;-58,32;"FRASCO;PLAS;INCOL;CIL;250ML;C/"
30/06/2026;RTG Material Maitenance;711;-58,32;"FRASCO;PLAS;INCOL;CIL;250ML;C/"
30/06/2026;RTG Material Maitenance;711;-485,31;"FILTRO;OLEO HIDR;PARKER/FTBE2A"
30/06/2026;RTG Material Maitenance;711;-3.996,09;"CODIFICADOR;INCR;BID;LEINE E L"
30/06/2026;RTG Material Maitenance;711;-1.452,00;"FLEXPLATE;PLACA;APLICACAO;RTG"
30/06/2026;RTG Material Maitenance;711;504,00;
30/06/2026;RTG Material Maitenance;711;1.947,82;"BATERIA AUTO;SELAD;12V;180A"
30/06/2026;RTG Material Maitenance;711;13.612,50;"FUSIVEL;EATON’S BUSSMANN/1170M6349"
30/06/2026;RTG Material Maitenance;711;399,34;"SENSOR;TURCK/BI4U-M12-AP6X;KON"
30/06/2026;RTG Material Maitenance;711;46.600,13;"RETIFICADOR;KONECRANES/1114696"
30/06/2026;RTG Material Maitenance;711;8.884,72;"FREIO;GANTRY/TRANSLADO;TR-11-2"
30/06/2026;RTG Material Maitenance;711;149,01;HORIMETRO P/PAIN CONTAD 12/24V
30/06/2026;RTG Material Maitenance;711;2.603,01;"MODULO;PINTSCH BUBENZER/000677"
30/06/2026;RTG Material Maitenance;711;63,28;"GRAXA;F/R WURTH 0893106"
30/06/2026;RTG Material Maitenance;711;471,72;"DESENGRAXANTE;UNIVERSAL;ECO-W;"
30/06/2026;RTG Material Maitenance;711;4.661,46;"BOBINA;KONECRANES/60/891.080.1"
30/06/2026;RTG Material Maitenance;711;1.450,37;"MODULO;RETIFICADOR;RGM100"
30/06/2026;RTG Material Maitenance;711;1,81;"FUSIVEL;VIDRO;GRANDE;2A"
30/06/2026;RTG Material Maitenance;711;1.421,52;"DOBRADICA;DHL/DPTR-DHL-2360"
30/06/2026;RTG Material Maitenance;711;41,91;"DISCO CORTE;WURTH/0664115232"
30/06/2026;RTG Material Maitenance;711;686,96;"SIRENE;BC-8;NANHUA;TENSAO 24V"
30/06/2026;RTG Material Maitenance;711;48,10;"FITA ISOL ELETR;750V;ADES;PVC;"
30/06/2026;RTG Material Maitenance;711;1.517,54;"CHAVE FIM CURS;ACE SCHMERSAL/M"
30/06/2026;RTG Material Maitenance;711;4.671,40;"SIRENE;C/LUZ FLASH PATROL;105D"
30/06/2026;RTG Material Maitenance;711;1.588,04;"OLEO LUBRIF;MOTOR 15W40"
30/06/2026;RTG Material Maitenance;711;93,41;"FILTRO;SEPAR;CUMMINS/FS19763"
30/06/2026;RTG Material Maitenance;711;58,32;"FRASCO;PLAS;INCOL;CIL;250ML;C/"
30/06/2026;RTG Material Maitenance;711;265,48;"FILTRO;AG;FLEETGUARD/WF2126;DO"
30/06/2026;RTG Material Maitenance;711;228,30;"ELEMENTO FILTR;OLEO DIESEL;FLE"
30/06/2026;RTG Material Maitenance;711;249,18;"FILTRO;F/R:FLEETGUARD/LF9070"
30/06/2026;RTG Material Maitenance;711;116,64;"FRASCO;PLAS;INCOL;CIL;250ML;C/"
30/06/2026;RTG Material Maitenance;711;435,60;"CASTANHA;CABOS;ACMS;APLICACAO:"
30/06/2026;RTG Material Maitenance;711;0,01;"CORDAO FIBR OTIC;LJ;COAMMDP29C"
30/06/2026;RTG Material Maitenance;711;253,72;"OLEO LUBRIFICANTE;P/ ENGRENAGE"
30/06/2026;RTG Material Maitenance;711;1.465,96;"OLEO LUBRIFICANTE;P/ ENGRENAGE"
30/06/2026;RTG Material Maitenance;711;1.189,40;"OLEO;HIDIDRAULICO;HVLP 68"
30/06/2026;RTG Material Maitenance;711;485,31;"FILTRO;OLEO HIDR;PARKER/FTBE2A"
30/06/2026;RTG Material Maitenance;711;17,67;"LAMPADA;PHILIPS/929001126602"
30/06/2026;RTG Material Maitenance;711;1.973,41;"CABO ACO PREFORM;IPH/16MM6X41W"
30/06/2026;RTG Material Maitenance;711;60,88;"CAIXA DERIV;TERMOPL;RET;IP55;S"
30/06/2026;RTG Material Maitenance;711;1.450,37;"MODULO;RETIFICADOR;RGM100"
30/06/2026;RTG Material Maitenance;711;435,60;"CASTANHA;CABOS;ACMS;APLICACAO:"
30/06/2026;RTG Material Maitenance;711;93,41;"FILTRO;SEPAR;CUMMINS/FS19763"
30/06/2026;RTG Material Maitenance;711;93,41;"FILTRO;SEPAR;CUMMINS/FS19763"
30/06/2026;RTG Material Maitenance;711;4.332,81;"REGULADOR TENS;5A;STAMFORD;AVR"
30/06/2026;RTG Material Maitenance;711;46.600,13;"RETIFICADOR;KONECRANES/1114696"
30/06/2026;RTG Material Maitenance;711;7.096,28;"PNEU;140024IND428LONAS"
30/06/2026;RTG Material Maitenance;711;7.096,28;"PNEU;140024IND428LONAS"
30/06/2026;RTG Material Maitenance;711;93,41;"FILTRO;SEPAR;CUMMINS/FS19763"
30/06/2026;RTG Material Maitenance;711;884,81;MOTOR CONDENSADORA 220V IP24 M
30/06/2026;RTG Material Maitenance;711;476,41;"OLEO LUBRIF;MOTOR 15W40"
30/06/2026;RTG Material Maitenance;711;476,41;"OLEO LUBRIF;MOTOR 15W40"
30/06/2026;RTG Material Maitenance;711;432,51;"OLEO;HIDIDRAULICO;HVLP 68"
30/06/2026;RTG Material Maitenance;711;432,51;"OLEO;HIDIDRAULICO;HVLP 68"
30/06/2026;RTG Material Maitenance;711;432,51;"OLEO;HIDIDRAULICO;HVLP 68"
30/06/2026;RTG Material Maitenance;711;635,22;"OLEO LUBRIF;MOTOR 15W40"
30/06/2026;RTG Material Maitenance;711;1.495,91;"ADITIVO;P/ RADIADOR;COR:AZUL"
30/06/2026;RTG Material Maitenance;711;1.495,91;"ADITIVO;P/ RADIADOR;COR:AZUL"
30/06/2026;RTG Material Maitenance;711;299,29;"SENSOR;BIDUK I1CF-M1808P-O3U2"
30/06/2026;RTG Material Maitenance;711;34.171,89;"GERADOR;STANFORD/HCI534D1 G 95"
30/06/2026;RTG Material Maitenance;712;-5.322,74;"MODULO ELET ENT;SIEMENS/6ES732"
30/06/2026;RTG Material Maitenance;712;-5.322,74;"MODULO ELET ENT;SIEMENS/6ES732"
30/06/2026;RTG Material Maitenance;712;-1.468,29;"CORREIA;CUMMINS/3106099"
30/06/2026;RTG Material Maitenance;712;-1.468,29;"CORREIA;CUMMINS/3106099"
30/06/2026;RTG Material Maitenance;712;-63.506,85;"INVERSOR;KONECRANES/52427261"
30/06/2026;RTG Material Maitenance;712;9.958,75;"MOTOR;KONECRANES/MF13G200210AA"
30/06/2026;RTG Material Maitenance;712;602,88;PARAFUSO F/R:DHL/PAR-2581
30/06/2026;RTG Material Maitenance;712;1.450,37;"MODULO;RETIFICADOR;RGM100"
30/06/2026;RTG Material Maitenance;712;467,36;"CONTATOR TRIP;25A;125VCC;SCHNE"
30/06/2026;RTG Material Maitenance;712;8.118,58;"MODULO ELET SAI;SIEMENS/6ES732"
30/06/2026;RTG Material Maitenance;712;290,10;"CONTATOR TRIP;12A;110VCA;SCHNE"
30/06/2026;RTG Material Maitenance;712;8.118,58;"MODULO ELET SAI;SIEMENS/6ES732"
30/06/2026;RTG Material Maitenance;712;44.044,15;"CABO CONT;SPREADER;42X2,5;35M"
30/06/2026;RTG Material Maitenance;712;452,33;PRENSA CABO PHOENIX CONTACT/14
30/06/2026;RTG Material Maitenance;712;160,14;"LUVA;TOMADA;ADAPTADOR M50X1,5"
30/06/2026;RTG Material Maitenance;712;408,27;"TOMADA;PLUG:1X50MM;HARTING/193"
30/06/2026;RTG Material Maitenance;712;21,60;"MANILHA RETA;A C GALV;3/8POL;1"
30/06/2026;RTG Material Maitenance;712;1.769,63;"CAMISA P/PUXAMENTO;DIAM 38-51M"
30/06/2026;RTG Material Maitenance;712;36,83;"FITA ISOL ELETR;69KV;3M/H00021"
30/06/2026;RTG Material Maitenance;712;5.322,74;"MODULO ELET ENT;SIEMENS/6ES732"
30/06/2026;RTG Material Maitenance;712;51,49;"CONECTOR FRONT MOD;SIEMENS/6ES"
30/06/2026;RTG Material Maitenance;712;5.322,74;"MODULO ELET ENT;SIEMENS/6ES732"
30/06/2026;RTG Material Maitenance;712;24,05;"FITA ISOL ELETR;750V;ADES;PVC;"
30/06/2026;RTG Material Maitenance;712;35,26;"FLUIDO LIMP CONT;WURTH/3895653"
30/06/2026;RTG Material Maitenance;712;78,08;"VASELINA;SOLID;LAT 1KG"
30/06/2026;RTG Material Maitenance;712;146,35;"BASE;RELE;PHOENIX;CONTACT;PLC;"
30/06/2026;RTG Material Maitenance;712;123,78;"RELE;AUXILIAR;PHOENIX;CONTACT;"
30/06/2026;RTG Material Maitenance;712;1.144,08;"SACO;AR;PNEU;12.00X24;EV;KONEC"
30/06/2026;RTG Material Maitenance;712;2.080,90;"PNEU 1400X24;RECAPADO; ARO:24;"
30/06/2026;RTG Material Maitenance;712;207,69;"PROTETOR;CAMARA DE AR;ARO 24 P"
30/06/2026;RTG Material Maitenance;712;317,61;"OLEO LUBRIF;MOTOR 15W40"
30/06/2026;RTG Material Maitenance;712;476,41;"OLEO LUBRIF;MOTOR 15W40"
30/06/2026;RTG Material Maitenance;712;9.958,75;"MOTOR;KONECRANES/MF13G200210AA"
30/06/2026;RTG Material Maitenance;712;238,21;"OLEO LUBRIF;MOTOR 15W40"
30/06/2026;RTG Material Maitenance;712;580,21;"CONTATOR TRIP;12A;110VCA;SCHNE"
30/06/2026;RTG Material Maitenance;712;93,41;"FILTRO;SEPAR;CUMMINS/FS19763"
30/06/2026;RTG Material Maitenance;712;153,37;"ESPACADOR;KONECRANES/LV1173-RC"
30/06/2026;RTG Material Maitenance;712;30.785,92;"CELULA;KONECRANES/52493545"
30/06/2026;RTG Material Maitenance;712;20,14;"OLEO DESENGRIP;AEROSSOL 300ML;"
30/06/2026;RTG Material Maitenance;712;15.392,96;"CELULA;KONECRANES/52493545"
30/06/2026;RTG Material Maitenance;712;20,14;"OLEO DESENGRIP;AEROSSOL 300ML;"
30/06/2026;RTG Material Maitenance;712;906,40;"ROTULA RAD;70X105X49MM;GE70ES2"
30/06/2026;RTG Material Maitenance;712;379,69;"BOLA;AUTOMATICA;EXTINTORA;INCE"
30/06/2026;RTG Material Maitenance;713;-485,31;"FILTRO;OLEO HIDR;PARKER/FTBE2A"
30/06/2026;RTG Material Maitenance;713;-254,10;"INTERRUPTOR;TERBERG/T25014425"
30/06/2026;RTG Material Maitenance;713;539,96;"CHAVE;TERBERG/T25043477"
30/06/2026;RTG Material Maitenance;713;2.407,49;"MOTOR PARTID;7,5KW;24VCC;DELCO"
30/06/2026;RTG Material Maitenance;713;1.947,82;"BATERIA AUTO;SELAD;12V;180A"
30/06/2026;RTG Material Maitenance;713;7.829,00;"RADIADOR;AGUA;APLICACAO;GR"
30/06/2026;RTG Material Maitenance;713;93,41;"FILTRO;SEPAR;CUMMINS/FS19763"
30/06/2026;RTG Material Maitenance;713;93,41;"FILTRO;SEPAR;CUMMINS/FS19763"
30/06/2026;RTG Material Maitenance;713;4.890,15;"CABO ACO PREFORM;IPH/26MM6X41W"
30/06/2026;RTG Material Maitenance;713;93,41;"FILTRO;SEPAR;CUMMINS/FS19763"
30/06/2026;RTG Material Maitenance;713;476,41;"OLEO LUBRIF;MOTOR 15W40"
30/06/2026;RTG Material Maitenance;713;432,51;"OLEO;HIDIDRAULICO;HVLP 68"
30/06/2026;RTG Material Maitenance;713;1.409,58;"OLEO LUBRIFICANTE;P/ ENGRENAGE"
30/06/2026;RTG Material Maitenance;713;1.588,04;"OLEO LUBRIF;MOTOR 15W40"
30/06/2026;RTG Material Maitenance;713;1.495,91;"ADITIVO;P/ RADIADOR;COR:AZUL"
30/06/2026;RTG Material Maitenance;713;1.450,37;"MODULO;RETIFICADOR;RGM100"
30/06/2026;RTG Material Maitenance;713;1.923,12;"BLOCO CONT AUX TEMPORIZ;SCHNEI"
30/06/2026;RTG Material Maitenance;713;1.189,40;"OLEO;HIDIDRAULICO;HVLP 68"
30/06/2026;RTG Material Maitenance;713;485,31;"FILTRO;OLEO HIDR;PARKER/FTBE2A"
30/06/2026;RTG Material Maitenance;713;116,64;"FRASCO;PLAS;INCOL;CIL;250ML;C/"
30/06/2026;RTG Material Maitenance;713;1.588,04;"OLEO LUBRIF;MOTOR 15W40"
30/06/2026;RTG Material Maitenance;713;1.047,14;"ADITIVO;P/ RADIADOR;COR:AZUL"
30/06/2026;RTG Material Maitenance;713;93,41;"FILTRO;SEPAR;CUMMINS/FS19763"
30/06/2026;RTG Material Maitenance;713;58,32;"FRASCO;PLAS;INCOL;CIL;250ML;C/"
30/06/2026;RTG Material Maitenance;713;265,48;"FILTRO;AG;FLEETGUARD/WF2126;DO"
30/06/2026;RTG Material Maitenance;713;228,30;"ELEMENTO FILTR;OLEO DIESEL;FLE"
30/06/2026;RTG Material Maitenance;713;249,18;"FILTRO;F/R:FLEETGUARD/LF9070"
30/06/2026;RTG Material Maitenance;713;184,45;"ELEMENTO FILTR;AR SEC;DONALDSO"
30/06/2026;RTG Material Maitenance;713;314,01;"FILTRO;PRIMAR;AR;DONALDSON/P78"
30/06/2026;RTG Material Maitenance;713;108,90;"CAIXA;110X110X60MM;PASSAGEM;PV"
30/06/2026;RTG Material Maitenance;713;19,42;BLOCO DISTRIBUICAO AZUL BASICO
30/06/2026;RTG Material Maitenance;713;10,26;ADAPTADOR P/TRILHO FIXACAO MOD
30/06/2026;RTG Material Maitenance;713;20,01;BLOCO DISTRIBUICAO VERDE BASIC
30/06/2026;RTG Material Maitenance;713;19,42;BLOCO DISTRIBUICAO VERMELHO BA
30/06/2026;RTG Material Maitenance;713;21,37;BLOCO DISTRIBUICAO AMARELO BAS
30/06/2026;RTG Material Maitenance;713;173,57;BLOCO DISTRIBUICAO BRANCO BASI
30/06/2026;RTG Material Maitenance;713;129,05;BLOCO DISTRIBUICAO PRETO BASIC
30/06/2026;RTG Material Maitenance;713;18,15;"ABRACADEIRA P/ELETR;U;93X53MM;"
30/06/2026;RTG Material Maitenance;713;76,04;BLOCO DISTRIBUICAO VERDE BASIC
30/06/2026;RTG Material Maitenance;713;77,68;BLOCO DISTRIBUICAO AZUL BASICO
30/06/2026;RTG Material Maitenance;713;93,21;BLOCO DISTRIBUICAO VERMELHO BA
30/06/2026;RTG Material Maitenance;713;85,49;BLOCO DISTRIBUICAO AMARELO BAS
30/06/2026;RTG Material Maitenance;713;1.973,41;"CABO ACO PREFORM;IPH/16MM6X41W"
30/06/2026;RTG Material Maitenance;713;184,45;"ELEMENTO FILTR;AR SEC;DONALDSO"
30/06/2026;RTG Material Maitenance;713;146,62;"CONECTOR SENSOR;TURCK/RKC4.4T"
30/06/2026;RTG Material Maitenance;713;782,32;"DESENGRAXANTE;50L;HEPTA CLEAN"
30/06/2026;RTG Material Maitenance;713;1.450,37;"MODULO;RETIFICADOR;RGM100"
30/06/2026;RTG Material Maitenance;713;4.661,46;"BOBINA;KONECRANES/60/891.080.1"
30/06/2026;RTG Material Maitenance;713;3.035,08;"CHAVE FIM CURS;ACE SCHMERSAL/M"
30/06/2026;RTG Material Maitenance;713;17,20;"ADESIVO SIL ACETICO;BRANCO"
30/06/2026;RTG Material Maitenance;713;19,22;"LAMPADA LED;220-240V;16W;PHILI"
30/06/2026;RTG Material Maitenance;713;48,50;"MARCADOR IND;2MM;BADEN/TRACOFO"
30/06/2026;RTG Material Maitenance;713;4.661,46;"BOBINA;KONECRANES/60/891.080.1"
30/06/2026;RTG Material Maitenance;713;594,08;"ELEMENTO FILTR;AR;FLEETGUARD/A"
30/06/2026;RTG Material Maitenance;713;30,21;"OLEO DESENGRIP;AEROSSOL 300ML;"
30/06/2026;RTG Material Maitenance;713;311,54;"PROTETOR;CAMARA DE AR;ARO 24 P"
30/06/2026;RTG Material Maitenance;713;1.144,08;"SACO;AR;PNEU;12.00X24;EV;KONEC"
30/06/2026;RTG Material Maitenance;714;-7.024,67;"MOTOR;SEW;EURODRIVE;ABERTURA;F"
30/06/2026;RTG Material Maitenance;714;4.688,46;"MOTOR;KONECRANES/MFXP200212BB5"
30/06/2026;RTG Material Maitenance;714;15,28;"ANEL ELASTICO;FURO;35MM;DOBER"
30/06/2026;RTG Material Maitenance;714;5,17;"ANEL;ELASTICO;M35;DIAMETRO;NÃO;TENSIONADO;32,2MM;D"
30/06/2026;RTG Material Maitenance;714;1.669,28;"ENGRENAGEM;MOTOR;DO ACM/TROLLE"
30/06/2026;RTG Material Maitenance;714;13,22;"BARRA ROSC AC INOX;AISI 304;M6"
30/06/2026;RTG Material Maitenance;714;4.688,46;"MOTOR;KONECRANES/MFXP200212BB5"
30/06/2026;RTG Material Maitenance;714;1.588,04;"OLEO LUBRIF;MOTOR 15W40"
30/06/2026;RTG Material Maitenance;714;93,41;"FILTRO;SEPAR;CUMMINS/FS19763"
30/06/2026;RTG Material Maitenance;714;265,48;"FILTRO;AG;FLEETGUARD/WF2126;DO"
30/06/2026;RTG Material Maitenance;714;228,30;"ELEMENTO FILTR;OLEO DIESEL;FLE"
30/06/2026;RTG Material Maitenance;714;249,18;"FILTRO;F/R:FLEETGUARD/LF9070"
30/06/2026;RTG Material Maitenance;714;505,54;"FILTRO;AR;CUMMINS/AF25708M"
30/06/2026;RTG Material Maitenance;714;1.037,34;"FILTRO;DIESEL;CUMMINS/FF63010"
30/06/2026;RTG Material Maitenance;714;686,96;"SIRENE;BC-8;NANHUA;TENSAO 24V"
30/06/2026;RTG Material Maitenance;714;2.052,25;"GRAXA;OLEO MINER;ROCOL/RDOFFSH"
30/06/2026;RTG Material Maitenance;714;72,42;"LIMPADOR SUPERF;LAVAGEM A SECO"
30/06/2026;RTG Material Maitenance;714;1.016,48;"DESENGRAXANTE;DIELETRICO;WURTH"
30/06/2026;RTG Material Maitenance;714;35,26;"FLUIDO LIMP CONT;WURTH/3895653"
30/06/2026;RTG Material Maitenance;714;20,14;"OLEO DESENGRIP;AEROSSOL 300ML;"
30/06/2026;RTG Material Maitenance;714;48,10;"FITA ISOL ELETR;750V;ADES;PVC;"
30/06/2026;RTG Material Maitenance;714;335,77;"TOALHA IND;BR;KIMBERLY CLARK/W"
30/06/2026;RTG Material Maitenance;714;8,38;"DISCO CORTE;WURTH/0664115232"
30/06/2026;RTG Material Maitenance;714;4.767,77;"CABO ACO PREFORM;IPH/26MM6X41W"
30/06/2026;RTG Material Maitenance;714;1.450,37;"MODULO;RETIFICADOR;RGM100"
30/06/2026;RTG Material Maitenance;714;33,25;"LONA PLAST PROT;PT;PVC;8X100M;"
30/06/2026;RTG Material Maitenance;714;27,00;"FITA DEMARC PISO;ADES;PT/AM;PV"
30/06/2026;RTG Material Maitenance;714;10,07;"OLEO DESENGRIP;AEROSSOL 300ML;"
30/06/2026;RTG Material Maitenance;714;317,61;"OLEO LUBRIF;MOTOR 15W40"
30/06/2026;RTG Material Maitenance;714;432,51;"OLEO;HIDIDRAULICO;HVLP 68"
30/06/2026;RTG Material Maitenance;714;635,22;"OLEO LUBRIF;MOTOR 15W40"
30/06/2026;RTG Material Maitenance;714;1.270,43;"OLEO LUBRIF;MOTOR 15W40"
30/06/2026;RTG Material Maitenance;714;704,79;"OLEO LUBRIFICANTE;P/ ENGRENAGE"
30/06/2026;RTG Material Maitenance;714;140,96;"OLEO LUBRIFICANTE;P/ ENGRENAGE"
30/06/2026;RTG Material Maitenance;714;1.270,43;"OLEO LUBRIF;MOTOR 15W40"
30/06/2026;RTG Material Maitenance;714;1.270,43;"OLEO LUBRIF;MOTOR 15W40"
30/06/2026;RTG Material Maitenance;714;1.270,43;"OLEO LUBRIF;MOTOR 15W40"
30/06/2026;RTG Material Maitenance;714;1.495,91;"ADITIVO;P/ RADIADOR;COR:AZUL"
30/06/2026;RTG Material Maitenance;714;1.495,91;"ADITIVO;P/ RADIADOR;COR:AZUL"
30/06/2026;RTG Material Maitenance;714;1.495,91;"ADITIVO;P/ RADIADOR;COR:AZUL"
30/06/2026;RTG Material Maitenance;714;53,32;"BLOCO CONT AUX INST;2NA2NF;SCH"
30/06/2026;RTG Material Maitenance;714;32,91;"ESTILETE;RETRAT;LARG;AZ/AM;ABS"
30/06/2026;RTG Material Maitenance;715;-2.249,14;ALTERNADOR 24V 4936879
30/06/2026;RTG Material Maitenance;715;-58,32;"FRASCO;PLAS;INCOL;CIL;250ML;C/"
30/06/2026;RTG Material Maitenance;715;-508,24;"DESENGRAXANTE;DIELETRICO;WURTH"
30/06/2026;RTG Material Maitenance;715;1.089,00;"SENSOR MAGN;RET;250VCA;ALU;SCH"
30/06/2026;RTG Material Maitenance;715;162,50;"BUCHA;KONECRANES/52490100"
30/06/2026;RTG Material Maitenance;715;186,96;"BASE;CHAP MOLA;AC INOX;LEINE &"
30/06/2026;RTG Material Maitenance;715;40,49;"BUZINA;ELET 24VCC;S/CORNETA;BO"
30/06/2026;RTG Material Maitenance;715;1.588,04;"OLEO LUBRIF;MOTOR 15W40"
30/06/2026;RTG Material Maitenance;715;1.047,14;"ADITIVO;P/ RADIADOR;COR:AZUL"
30/06/2026;RTG Material Maitenance;715;93,41;"FILTRO;SEPAR;CUMMINS/FS19763"
30/06/2026;RTG Material Maitenance;715;58,32;"FRASCO;PLAS;INCOL;CIL;250ML;C/"
30/06/2026;RTG Material Maitenance;715;265,48;"FILTRO;AG;FLEETGUARD/WF2126;DO"
30/06/2026;RTG Material Maitenance;715;228,30;"ELEMENTO FILTR;OLEO DIESEL;FLE"
30/06/2026;RTG Material Maitenance;715;249,18;"FILTRO;F/R:FLEETGUARD/LF9070"
30/06/2026;RTG Material Maitenance;715;314,01;"FILTRO;PRIMAR;AR;DONALDSON/P78"
30/06/2026;RTG Material Maitenance;715;184,45;"ELEMENTO FILTR;AR SEC;DONALDSO"
30/06/2026;RTG Material Maitenance;715;25,47;ACENDEDOR MACARICO
30/06/2026;RTG Material Maitenance;715;7.977,09;"CODIFICADOR;ABS;LEINE & LINDE/"
30/06/2026;RTG Material Maitenance;715;2.249,14;ALTERNADOR 24V 4936879
30/06/2026;RTG Material Maitenance;715;2.146,24;"ALTERNADOR;24VCC;70A;24SI;DELC"
30/06/2026;RTG Material Maitenance;715;335,77;"TOALHA IND;BR;KIMBERLY CLARK/W"
30/06/2026;RTG Material Maitenance;715;1.079,92;"DESENGRAXANTE;20L;CERTIFIED/DA"
30/06/2026;RTG Material Maitenance;715;1.016,48;"DESENGRAXANTE;DIELETRICO;WURTH"
30/06/2026;RTG Material Maitenance;715;1.588,04;"OLEO LUBRIF;MOTOR 15W40"
30/06/2026;RTG Material Maitenance;715;93,41;"FILTRO;SEPAR;CUMMINS/FS19763"
30/06/2026;RTG Material Maitenance;715;58,32;"FRASCO;PLAS;INCOL;CIL;250ML;C/"
30/06/2026;RTG Material Maitenance;715;265,48;"FILTRO;AG;FLEETGUARD/WF2126;DO"
30/06/2026;RTG Material Maitenance;715;228,30;"ELEMENTO FILTR;OLEO DIESEL;FLE"
30/06/2026;RTG Material Maitenance;715;249,18;"FILTRO;F/R:FLEETGUARD/LF9070"
30/06/2026;RTG Material Maitenance;715;36,21;"LIMPADOR SUPERF;LAVAGEM A SECO"
30/06/2026;RTG Material Maitenance;715;162,44;"BACTERICIDA;METASIL/DESIX TALC"
30/06/2026;RTG Material Maitenance;715;72,15;"FITA ISOL ELETR;750V;ADES;PVC;"
30/06/2026;RTG Material Maitenance;715;121,51;"DESENGRAXANTE;METASIL/JATOPLUS"
30/06/2026;RTG Material Maitenance;715;50,50;"VASSOURA;NY;400X80MM;PET;S/CAB"
30/06/2026;RTG Material Maitenance;715;1.973,41;"CABO ACO PREFORM;IPH/16MM6X41W"
30/06/2026;RTG Material Maitenance;715;22,07;"LIMPADOR SUPERF;MULTI-USO;AZULIM;500ML"
30/06/2026;RTG Material Maitenance;715;476,41;"OLEO LUBRIF;MOTOR 15W40"
30/06/2026;RTG Material Maitenance;715;476,41;"OLEO LUBRIF;MOTOR 15W40"
30/06/2026;RTG Material Maitenance;715;1.588,04;"OLEO LUBRIF;MOTOR 15W40"
30/06/2026;RTG Material Maitenance;715;794,02;"OLEO LUBRIF;MOTOR 15W40"
30/06/2026;RTG Material Maitenance;715;1.588,04;"OLEO LUBRIF;MOTOR 15W40"
30/06/2026;RTG Material Maitenance;715;1.588,04;"OLEO LUBRIF;MOTOR 15W40"
30/06/2026;RTG Material Maitenance;715;1.495,91;"ADITIVO;P/ RADIADOR;COR:AZUL"
30/06/2026;RTG Material Maitenance;715;15,28;"ANEL ELASTICO;FURO;35MM;DOBER"
30/06/2026;RTG Material Maitenance;715;150,72;PARAFUSO F/R:DHL/PAR-2581
30/06/2026;RTG Material Maitenance;715;150,72;PARAFUSO F/R:DHL/PAR-2581
30/06/2026;RTG Material Maitenance;715;150,72;PARAFUSO F/R:DHL/PAR-2581
30/06/2026;RTG Material Maitenance;715;150,72;PARAFUSO F/R:DHL/PAR-2581
30/06/2026;RTG Material Maitenance;715;98,51;"PARAFUSO;ALLEN;M12X60;ROSCA:1."
30/06/2026;RTG Material Maitenance;716;-1.037,34;"FILTRO;DIESEL;CUMMINS/FF63010"
30/06/2026;RTG Material Maitenance;716;-5.322,74;"MODULO ELET ENT;SIEMENS/6ES732"
30/06/2026;RTG Material Maitenance;716;5.870,48;POLIA AUXILIAR WINCH KP34-001
30/06/2026;RTG Material Maitenance;716;16,24;"QUEROSENE;FR 1L"
30/06/2026;RTG Material Maitenance;716;22.188,37;"RODA LD CARRO/TROLLEY;53213853"
30/06/2026;RTG Material Maitenance;716;12.597,92;"RODA;ESQUERDA;TROLLEY;RTG; LHJ"
30/06/2026;RTG Material Maitenance;716;487,38;"CABO;BLINDADO;8;VIAS;CONECTOR;"
30/06/2026;RTG Material Maitenance;716;30.055,08;"DISCO;HOIST;FREIO;2100NM"
30/06/2026;RTG Material Maitenance;716;1.588,04;"OLEO LUBRIF;MOTOR 15W40"
30/06/2026;RTG Material Maitenance;716;1.047,14;"ADITIVO;P/ RADIADOR;COR:AZUL"
30/06/2026;RTG Material Maitenance;716;2.231,42;"TENSIONADOR;CUMMINS/3691282"
30/06/2026;RTG Material Maitenance;716;236,11;"ELEMENTO;FILTRO;RESPIRO;TANQUE"
30/06/2026;RTG Material Maitenance;716;93,41;"FILTRO;SEPAR;CUMMINS/FS19763"
30/06/2026;RTG Material Maitenance;716;58,32;"FRASCO;PLAS;INCOL;CIL;250ML;C/"
30/06/2026;RTG Material Maitenance;716;265,48;"FILTRO;AG;FLEETGUARD/WF2126;DO"
30/06/2026;RTG Material Maitenance;716;1.037,34;"FILTRO;DIESEL;CUMMINS/FF63010"
30/06/2026;RTG Material Maitenance;716;249,18;"FILTRO;F/R:FLEETGUARD/LF9070"
30/06/2026;RTG Material Maitenance;716;505,54;"FILTRO;AR;CUMMINS/AF25708M"
30/06/2026;RTG Material Maitenance;716;281,92;"OLEO LUBRIFICANTE;P/ ENGRENAGE"
30/06/2026;RTG Material Maitenance;716;1.270,43;"OLEO LUBRIF;MOTOR 15W40"
30/06/2026;RTG Material Maitenance;716;1.495,91;"ADITIVO;P/ RADIADOR;COR:AZUL"
30/06/2026;RTG Material Maitenance;716;70,35;"PARAFUSO; ALLEN; CAB CILINDRIC"
30/06/2026;RTG Material Maitenance;716;325,00;"BUCHA;KONECRANES/52490100"
30/06/2026;RTG Material Maitenance;716;7,79;PILHA(AAA) CONJUNTO 2 UNIDADES
30/06/2026;RTG Material Maitenance;716;4.688,46;"MOTOR;KONECRANES/MFXP200212BB5"
30/06/2026;RTG Material Maitenance;717;-3.996,09;"CODIFICADOR;INCR;BID;LEINE E L"
30/06/2026;RTG Material Maitenance;717;-1.776,16;"REGUA;UHMW;COPAFLEX/UHMW"
30/06/2026;RTG Material Maitenance;717;1.588,04;"OLEO LUBRIF;MOTOR 15W40"
30/06/2026;RTG Material Maitenance;717;93,41;"FILTRO;SEPAR;CUMMINS/FS19763"
30/06/2026;RTG Material Maitenance;717;58,32;"FRASCO;PLAS;INCOL;CIL;250ML;C/"
30/06/2026;RTG Material Maitenance;717;265,48;"FILTRO;AG;FLEETGUARD/WF2126;DO"
30/06/2026;RTG Material Maitenance;717;1.037,34;"FILTRO;DIESEL;CUMMINS/FF63010"
30/06/2026;RTG Material Maitenance;717;249,18;"FILTRO;F/R:FLEETGUARD/LF9070"
30/06/2026;RTG Material Maitenance;717;2.296,27;"VENT;MOTOR;HOIST;REP;KONECRANE"
30/06/2026;RTG Material Maitenance;717;3.996,09;"CODIFICADOR;INCR;BID;LEINE E L"
30/06/2026;RTG Material Maitenance;717;410,70;"DISJUNTOR TRIP PROT MTR;TERM;S"
30/06/2026;RTG Material Maitenance;717;16,70;"PILHA;(AA);CONJUNTO 2 UNIDADES"
30/06/2026;RTG Material Maitenance;717;15,57;PILHA(AAA) CONJUNTO 2 UNIDADES
30/06/2026;RTG Material Maitenance;717;24,96;"TRAVA;ARANHA;BOGGIE/KONECRANES"
30/06/2026;RTG Material Maitenance;717;147,47;"PORCA P/ROLAM;ROSC DIR;M90X2;B"
30/06/2026;RTG Material Maitenance;717;39,15;"PARAFUSO;SEXTAVADO;M20X90MM;PA"
30/06/2026;RTG Material Maitenance;717;4.661,46;"BOBINA;KONECRANES/60/891.080.1"
30/06/2026;RTG Material Maitenance;717;3.996,09;"CODIFICADOR;INCR;BID;LEINE E L"
30/06/2026;RTG Material Maitenance;717;17,26;"ADESIVO VED;BRASCOLA/BRASCOVED"
30/06/2026;RTG Material Maitenance;717;383,88;"ANEL;LEINE E LINDE/66451901"
30/06/2026;RTG Material Maitenance;717;753,59;PARAFUSO F/R:DHL/PAR-2581
30/06/2026;RTG Material Maitenance;717;13,22;"BARRA ROSC AC INOX;AISI 304;M6"
30/06/2026;RTG Material Maitenance;717;4.661,46;"BOBINA;KONECRANES/60/891.080.1"
30/06/2026;RTG Material Maitenance;717;505,54;"FILTRO;AR;CUMMINS/AF25708M"
30/06/2026;RTG Material Maitenance;717;3.996,09;"CODIFICADOR;INCR;BID;LEINE E L"
30/06/2026;RTG Material Maitenance;717;767,76;"ANEL;LEINE E LINDE/66451901"
30/06/2026;RTG Material Maitenance;717;505,54;"FILTRO;AR;CUMMINS/AF25708M"
30/06/2026;RTG Material Maitenance;717;93,41;"FILTRO;SEPAR;CUMMINS/FS19763"
30/06/2026;RTG Material Maitenance;717;7.096,28;"PNEU;140024IND428LONAS"
30/06/2026;RTG Material Maitenance;717;207,69;"PROTETOR;CAMARA DE AR;ARO 24 P"
30/06/2026;RTG Material Maitenance;717;8.952,49;"ARO RODA;KONECRANES/52610509"
30/06/2026;RTG Material Maitenance;717;572,04;"SACO;AR;PNEU;12.00X24;EV;KONEC"
30/06/2026;RTG Material Maitenance;717;543,45;"LANTERNA;DIANT;FAROL;ALU;SHOCK"
30/06/2026;RTG Material Maitenance;717;505,54;"FILTRO;AR;CUMMINS/AF25708M"
30/06/2026;RTG Material Maitenance;717;93,41;"FILTRO;SEPAR;CUMMINS/FS19763"
30/06/2026;RTG Material Maitenance;717;1.669,28;"ENGRENAGEM;MOTOR;DO ACM/TROLLE"
30/06/2026;RTG Material Maitenance;717;4.688,46;"MOTOR;KONECRANES/MFXP200212BB5"
30/06/2026;RTG Material Maitenance;717;505,54;"FILTRO;AR;CUMMINS/AF25708M"
30/06/2026;RTG Material Maitenance;717;93,41;"FILTRO;SEPAR;CUMMINS/FS19763"
30/06/2026;RTG Material Maitenance;717;158,80;"OLEO LUBRIF;MOTOR 15W40"
30/06/2026;RTG Material Maitenance;717;635,22;"OLEO LUBRIF;MOTOR 15W40"
30/06/2026;RTG Material Maitenance;717;317,61;"OLEO LUBRIF;MOTOR 15W40"
30/06/2026;RTG Material Maitenance;717;476,41;"OLEO LUBRIF;MOTOR 15W40"
30/06/2026;RTG Material Maitenance;717;635,22;"OLEO LUBRIF;MOTOR 15W40"
30/06/2026;RTG Material Maitenance;717;432,51;"OLEO;HIDIDRAULICO;HVLP 68"
30/06/2026;RTG Material Maitenance;717;794,02;"OLEO LUBRIF;MOTOR 15W40"
30/06/2026;RTG Material Maitenance;717;794,02;"OLEO LUBRIF;MOTOR 15W40"
30/06/2026;RTG Material Maitenance;717;794,02;"OLEO LUBRIF;MOTOR 15W40"
30/06/2026;RTG Material Maitenance;717;1.588,04;"OLEO LUBRIF;MOTOR 15W40"
30/06/2026;RTG Material Maitenance;717;1.588,04;"OLEO LUBRIF;MOTOR 15W40"
30/06/2026;RTG Material Maitenance;717;1.270,43;"OLEO LUBRIF;MOTOR 15W40"
30/06/2026;RTG Material Maitenance;717;1.495,91;"ADITIVO;P/ RADIADOR;COR:AZUL"
30/06/2026;RTG Material Maitenance;717;1.495,91;"ADITIVO;P/ RADIADOR;COR:AZUL"
30/06/2026;RTG Material Maitenance;717;1.287,60;"FUSIVEL NH;000;250A;690V;UR;BU"
30/06/2026;RTG Material Maitenance;717;1.144,08;"SACO;AR;PNEU;12.00X24;EV;KONEC"
30/06/2026;RTG Material Maitenance;718;-15.392,96;"CELULA;KONECRANES/52493545"
30/06/2026;RTG Material Maitenance;718;4.688,46;"MOTOR;KONECRANES/MFXP200212BB5"
30/06/2026;RTG Material Maitenance;718;5.787,38;"ACOPLAMENTO;KONECRANES/5G4408"
30/06/2026;RTG Material Maitenance;718;862,12;"DISCO;DE FREIO;FREMAG/FR.4471"
30/06/2026;RTG Material Maitenance;718;1.669,28;"ENGRENAGEM;MOTOR;DO ACM/TROLLE"
30/06/2026;RTG Material Maitenance;718;15,28;"ANEL ELASTICO;FURO;35MM;DOBER"
30/06/2026;RTG Material Maitenance;718;5,17;"ANEL;ELASTICO;M35;DIAMETRO;NÃO;TENSIONADO;32,2MM;D"
30/06/2026;RTG Material Maitenance;718;4.688,46;"MOTOR;KONECRANES/MFXP200212BB5"
30/06/2026;RTG Material Maitenance;718;4.688,46;"MOTOR;KONECRANES/MFXP200212BB5"
30/06/2026;RTG Material Maitenance;718;3.996,09;"CODIFICADOR;INCR;BID;LEINE E L"
30/06/2026;RTG Material Maitenance;718;1.669,28;"ENGRENAGEM;MOTOR;DO ACM/TROLLE"
30/06/2026;RTG Material Maitenance;718;30,55;"ANEL ELASTICO;FURO;35MM;DOBER"
30/06/2026;RTG Material Maitenance;718;476,41;"OLEO LUBRIF;MOTOR 15W40"
30/06/2026;RTG Material Maitenance;718;281,92;"OLEO LUBRIFICANTE;P/ ENGRENAGE"
30/06/2026;RTG Material Maitenance;718;794,02;"OLEO LUBRIF;MOTOR 15W40"
30/06/2026;RTG Material Maitenance;718;4.688,46;"MOTOR;KONECRANES/MFXP200212BB5"
30/06/2026;RTG Material Maitenance;718;4.902,32;"CABO;CELULA;CARGA;SENSOR;20M"
30/06/2026;RTG Material Maitenance;718;17,26;"ADESIVO VED;BRASCOLA/BRASCOVED"
30/06/2026;RTG Material Maitenance;718;1.450,37;"MODULO;RETIFICADOR;RGM100"
30/06/2026;RTG Material Maitenance;718;571,66;"PARAFUSO ESTOJ;M22X1,5X42MM;PA"
30/06/2026;RTG Material Maitenance;718;1.973,41;"CABO ACO PREFORM;IPH/16MM6X41W"
30/06/2026;RTG Material Maitenance;718;306,74;"ESPACADOR;KONECRANES/LV1173-RC"
30/06/2026;RTG Material Maitenance;718;906,40;"ROTULA RAD;70X105X49MM;GE70ES2"
30/06/2026;RTG Material Maitenance;718;15.392,96;"CELULA;KONECRANES/52493545"
30/06/2026;RTG Material Maitenance;719;-187,37;"LUBRIFICANTE;MOLYGRAFIT/ACAERO"
30/06/2026;RTG Material Maitenance;719;-58,32;"FRASCO;PLAS;INCOL;CIL;250ML;C/"
30/06/2026;RTG Material Maitenance;719;-22.188,37;"RODA LD CARRO/TROLLEY;53213853"
30/06/2026;RTG Material Maitenance;719;32,49;"QUEROSENE;FR 1L"
30/06/2026;RTG Material Maitenance;719;35,26;"FLUIDO LIMP CONT;WURTH/3895653"
30/06/2026;RTG Material Maitenance;719;167,89;"TOALHA IND;BR;KIMBERLY CLARK/W"
30/06/2026;RTG Material Maitenance;719;1.588,04;"OLEO LUBRIF;MOTOR 15W40"
30/06/2026;RTG Material Maitenance;719;1.047,14;"ADITIVO;P/ RADIADOR;COR:AZUL"
30/06/2026;RTG Material Maitenance;719;93,41;"FILTRO;SEPAR;CUMMINS/FS19763"
30/06/2026;RTG Material Maitenance;719;58,32;"FRASCO;PLAS;INCOL;CIL;250ML;C/"
30/06/2026;RTG Material Maitenance;719;265,48;"FILTRO;AG;FLEETGUARD/WF2126;DO"
30/06/2026;RTG Material Maitenance;719;228,30;"ELEMENTO FILTR;OLEO DIESEL;FLE"
30/06/2026;RTG Material Maitenance;719;249,18;"FILTRO;F/R:FLEETGUARD/LF9070"
30/06/2026;RTG Material Maitenance;719;184,45;"ELEMENTO FILTR;AR SEC;DONALDSO"
30/06/2026;RTG Material Maitenance;719;314,01;"FILTRO;PRIMAR;AR;DONALDSON/P78"
30/06/2026;RTG Material Maitenance;719;299,95;"FILTRO;PRIMARIO;DIESEL;QSX15;A"
30/06/2026;RTG Material Maitenance;719;299,95;"FILTRO;PRIMARIO;DIESEL;QSX15;A"
30/06/2026;RTG Material Maitenance;719;1.421,52;"DOBRADICA;DHL/DPTR-DHL-2360"
30/06/2026;RTG Material Maitenance;719;58,72;"PARAFUSO;SEXTAVADO;M20X90MM;PA"
30/06/2026;RTG Material Maitenance;719;2.159,85;"DESENGRAXANTE;20L;CERTIFIED/DA"
30/06/2026;RTG Material Maitenance;719;117,12;"VASELINA;SOLID;LAT 1KG"
30/06/2026;RTG Material Maitenance;719;68,51;"TAMPA;COMBUSTIVEL;RTG:11-20"
30/06/2026;RTG Material Maitenance;719;1,81;"FUSIVEL;VIDRO;GRANDE;2A"
30/06/2026;RTG Material Maitenance;719;306,74;"ESPACADOR;KONECRANES/LV1173-RC"
30/06/2026;RTG Material Maitenance;719;2.451,16;"CABO;CELULA;CARGA;SENSOR;20M"
30/06/2026;RTG Material Maitenance;719;238,21;"OLEO LUBRIF;MOTOR 15W40"
30/06/2026;RTG Material Maitenance;719;1.450,37;"MODULO;RETIFICADOR;RGM100"
30/06/2026;RTG Material Maitenance;719;1.973,41;"CABO ACO PREFORM;IPH/16MM6X41W"
30/06/2026;RTG Material Maitenance;719;998,25;"MODULO;KONE/V0003740"
30/06/2026;RTG Material Maitenance;719;998,25;"MODULO;KONE/V0003740"
30/06/2026;RTG Material Maitenance;719;22.188,37;"RODA LD CARRO/TROLLEY;53213853"
30/06/2026;RTG Material Maitenance;719;4.767,77;"CABO ACO PREFORM;IPH/26MM6X41W"
30/06/2026;RTG Material Maitenance;719;379,69;"BOLA;AUTOMATICA;EXTINTORA;INCE"
30/06/2026;RTG Material Maitenance;720;-187,37;"LUBRIFICANTE;MOLYGRAFIT/ACAERO"
30/06/2026;RTG Material Maitenance;720;-2.602,59;"ROLAMENTO AUTOC ROL;RAD;CIL;A"
30/06/2026;RTG Material Maitenance;720;29,92;"LONA PLAST PROT;PT;PVC;8X100M;"
30/06/2026;RTG Material Maitenance;720;3.946,82;"CABO ACO PREFORM;IPH/16MM6X41W"
30/06/2026;RTG Material Maitenance;720;41,91;"DISCO CORTE;WURTH/0664115232"
30/06/2026;RTG Material Maitenance;720;1.776,89;"DOBRADICA;DHL/DPTR-DHL-2360"
30/06/2026;RTG Material Maitenance;720;496,59;"PRENSA CABO;METALICO PHOENIX"
30/06/2026;RTG Material Maitenance;720;62,96;"PRENSA;CABO;PHOENIX CONTACT/14"
30/06/2026;RTG Material Maitenance;720;62,96;"PRENSA;CABO;PHOENIX CONTACT/14"
30/06/2026;RTG Material Maitenance;720;36,38;"PARA-BARRO;RANDON/208006606"
30/06/2026;RTG Material Maitenance;720;9.535,54;"CABO ACO PREFORM;IPH/26MM6X41W"
30/06/2026;RTG Material Maitenance;720;3.764,88;"CABO ACO PREFORM;IPH/16MM6X41W"
30/06/2026;RTG Material Maitenance;720;138,78;"REBOLO RT;A;60;CARBORUNDUM/690"
30/06/2026;RTG Material Maitenance;720;2.296,27;"VENT;MOTOR;HOIST;REP;KONECRANE"
30/06/2026;RTG Material Maitenance;720;127,05;"ANEL;NILOS;TIPO:JV;P/ROLAMENTO"
30/06/2026;RTG Material Maitenance;720;1.730,47;"ROLAMENTO AUTOC ROL;RAD/AXI;AC"
30/06/2026;RTG Material Maitenance;720;379,69;"BOLA;AUTOMATICA;EXTINTORA;INCE"
30/06/2026;RTG Material Maitenance;720;189,85;"BOLA;AUTOMATICA;EXTINTORA;INCE"
30/06/2026;RTG Material Maitenance;721;-63.525,00;"MODULO MOTOR;SIEMENS/6SL3120-1"
30/06/2026;RTG Material Maitenance;721;-45,22;"FILTRO;DO OLEO HID;P556005"
30/06/2026;RTG Material Maitenance;721;-1.242,87;"SENSOR;F/R:CUMMINS/4921475"
30/06/2026;RTG Material Maitenance;721;93,41;"FILTRO;SEPAR;CUMMINS/FS19763"
30/06/2026;RTG Material Maitenance;721;1.588,04;"OLEO LUBRIF;MOTOR 15W40"
30/06/2026;RTG Material Maitenance;721;93,41;"FILTRO;SEPAR;CUMMINS/FS19763"
30/06/2026;RTG Material Maitenance;721;45,22;"FILTRO;DO OLEO HID;P556005"
30/06/2026;RTG Material Maitenance;721;265,48;"FILTRO;AG;FLEETGUARD/WF2126;DO"
30/06/2026;RTG Material Maitenance;721;228,30;"ELEMENTO FILTR;OLEO DIESEL;FLE"
30/06/2026;RTG Material Maitenance;721;249,18;"FILTRO;F/R:FLEETGUARD/LF9070"
30/06/2026;RTG Material Maitenance;721;35.151,87;"GERADOR; POTENCIA: 563KVA; COR"
30/06/2026;RTG Material Maitenance;721;6.010,07;"AMORTECEDOR;COXIM;VIBRACAO;MOTOR;DIESEL;GERADOR;TR"
30/06/2026;RTG Material Maitenance;721;973,91;"BATERIA AUTO;SELAD;12V;180A"
30/06/2026;RTG Material Maitenance;721;2.736,87;"SUPORTE;CARTRIDGE;FLEETGUARD/F"
30/06/2026;RTG Material Maitenance;721;63.525,00;"MODULO MOTOR;SIEMENS/6SL3120-1"
30/06/2026;RTG Material Maitenance;721;35,26;"FLUIDO LIMP CONT;WURTH/3895653"
30/06/2026;RTG Material Maitenance;721;45,22;"FILTRO;DO OLEO HID;P556005"
30/06/2026;RTG Material Maitenance;721;973,91;"BATERIA AUTO;SELAD;12V;180A"
30/06/2026;RTG Material Maitenance;721;7,79;PILHA(AAA) CONJUNTO 2 UNIDADES
30/06/2026;RTG Material Maitenance;721;4.332,81;"REGULADOR TENS;5A;STAMFORD;AVR"
30/06/2026;RTG Material Maitenance;721;314,01;"FILTRO;PRIMAR;AR;DONALDSON/P78"
30/06/2026;RTG Material Maitenance;721;184,45;"ELEMENTO FILTR;AR SEC;DONALDSO"
30/06/2026;RTG Material Maitenance;721;158,80;"OLEO LUBRIF;MOTOR 15W40"
30/06/2026;RTG Material Maitenance;721;476,41;"OLEO LUBRIF;MOTOR 15W40"
30/06/2026;RTG Material Maitenance;721;432,51;"OLEO;HIDIDRAULICO;HVLP 68"
30/06/2026;RTG Material Maitenance;721;794,02;"OLEO LUBRIF;MOTOR 15W40"
30/06/2026;RTG Material Maitenance;721;762,61;"MANGOTE;TURBINA;APLICACAO;RTG;"
30/06/2026;RTG Material Maitenance;721;34.171,89;"GERADOR;STANFORD/HCI534D1 G 95"
30/06/2026;RTG Material Maitenance;721;1.242,87;"SENSOR;F/R:CUMMINS/4921475"
30/06/2026;RTG Material Maitenance;721;314,01;"FILTRO;PRIMAR;AR;DONALDSON/P78"
30/06/2026;RTG Material Maitenance;721;93,41;"FILTRO;SEPAR;CUMMINS/FS19763"
30/06/2026;RTG Material Maitenance;721;5.414,72;"BOMBA;CUMMINS/4089431RX"
30/06/2026;RTG Material Maitenance;721;762,61;"MANGOTE;TURBINA;APLICACAO;RTG;"
30/06/2026;RTG Material Maitenance;721;132,14;"ABRACADEIRA;95-115;CUMMINS/392"
30/06/2026;RTG Material Maitenance;721;285,85;"OLEO LUBRIF;MOTOR 15W40"
30/06/2026;RTG Material Maitenance;721;93,41;"FILTRO;SEPAR;CUMMINS/FS19763"
30/06/2026;RTG Material Maitenance;721;93,41;"FILTRO;SEPAR;CUMMINS/FS19763"
30/06/2026;RTG Material Maitenance;721;314,01;"FILTRO;PRIMAR;AR;DONALDSON/P78"
30/06/2026;RTG Material Maitenance;721;93,41;"FILTRO;SEPAR;CUMMINS/FS19763"
30/06/2026;RTG Material Maitenance;722;-370,83;"ELEMENTO FILTR;OLEO HIDR;HYDAC"
30/06/2026;RTG Material Maitenance;722;6.152,00;
30/06/2026;RTG Material Maitenance;722;13,30;"LONA PLAST PROT;PT;PVC;8X100M;"
30/06/2026;RTG Material Maitenance;722;36,84;"CADEADO;LAT MACIC;25MM;S/INVOL"
30/06/2026;RTG Material Maitenance;722;93,41;"FILTRO;SEPAR;CUMMINS/FS19763"
30/06/2026;RTG Material Maitenance;722;45,22;"FILTRO;DO OLEO HID;P556005"
30/06/2026;RTG Material Maitenance;722;265,48;"FILTRO;AG;FLEETGUARD/WF2126;DO"
30/06/2026;RTG Material Maitenance;722;228,30;"ELEMENTO FILTR;OLEO DIESEL;FLE"
30/06/2026;RTG Material Maitenance;722;249,18;"FILTRO;F/R:FLEETGUARD/LF9070"
30/06/2026;RTG Material Maitenance;722;6.329,81;"CONVERSOR;ADFWEB/HD67553"
30/06/2026;RTG Material Maitenance;722;52,88;"FLUIDO LIMP CONT;WURTH/3895653"
30/06/2026;RTG Material Maitenance;722;4.642,91;"MODULO ELET;SAI DIGIT;SPREADER"
30/06/2026;RTG Material Maitenance;722;93,41;"FILTRO;SEPAR;CUMMINS/FS19763"
30/06/2026;RTG Material Maitenance;723;144,00;
30/06/2026;RTG Material Maitenance;723;1.588,04;"OLEO LUBRIF;MOTOR 15W40"
30/06/2026;RTG Material Maitenance;723;93,41;"FILTRO;SEPAR;CUMMINS/FS19763"
30/06/2026;RTG Material Maitenance;723;58,32;"FRASCO;PLAS;INCOL;CIL;250ML;C/"
30/06/2026;RTG Material Maitenance;723;45,22;"FILTRO;DO OLEO HID;P556005"
30/06/2026;RTG Material Maitenance;723;265,48;"FILTRO;AG;FLEETGUARD/WF2126;DO"
30/06/2026;RTG Material Maitenance;723;228,30;"ELEMENTO FILTR;OLEO DIESEL;FLE"
30/06/2026;RTG Material Maitenance;723;249,18;"FILTRO;F/R:FLEETGUARD/LF9070"
30/06/2026;RTG Material Maitenance;723;1.421,52;"DOBRADICA;DHL/DPTR-DHL-2360"
30/06/2026;RTG Material Maitenance;723;5.063,91;"EIXO;F/R:KALMAR/ JP106555"
30/06/2026;RTG Material Maitenance;723;3.487,56;"DISPOSITIVO;ABERTURA;BUBENZER/"
30/06/2026;RTG Material Maitenance;723;10,86;"DISJUNTOR TERM;MONO;20A;SCHNEI"
30/06/2026;RTG Material Maitenance;723;126,56;"GRAXA;F/R WURTH 0893106"
30/06/2026;RTG Material Maitenance;723;29,97;"GRAXA;NAUTICA;LIT;INGRAX/UNILI"
30/06/2026;RTG Material Maitenance;723;93,41;"FILTRO;SEPAR;CUMMINS/FS19763"
30/06/2026;RTG Material Maitenance;723;58,08;"CABECOTE BOT COM;COG;VM;PT;STE"
30/06/2026;RTG Material Maitenance;723;909,51;"LUMINARIA;LATINA/LT.BIL.A050.60"
30/06/2026;RTG Material Maitenance;723;36,30;"BLOCO CONT BOT COM;1NF;10A;660"
30/06/2026;RTG Material Maitenance;723;40,49;"BUZINA;ELET 24VCC;S/CORNETA;BO"
30/06/2026;RTG Material Maitenance;723;10.006,50;"IHM SIMATIC;6AV66430AA011AX0"
30/06/2026;RTG Material Maitenance;724;-179,38;"JUNTA;F/R:CUMMINS/3680602"
30/06/2026;RTG Material Maitenance;724;432,51;"OLEO;HIDIDRAULICO;HVLP 68"
30/06/2026;RTG Material Maitenance;724;635,22;"OLEO LUBRIF;MOTOR 15W40"
30/06/2026;RTG Material Maitenance;724;1.588,04;"OLEO LUBRIF;MOTOR 15W40"
30/06/2026;RTG Material Maitenance;724;93,41;"FILTRO;SEPAR;CUMMINS/FS19763"
30/06/2026;RTG Material Maitenance;724;58,32;"FRASCO;PLAS;INCOL;CIL;250ML;C/"
30/06/2026;RTG Material Maitenance;724;45,22;"FILTRO;DO OLEO HID;P556005"
30/06/2026;RTG Material Maitenance;724;265,48;"FILTRO;AG;FLEETGUARD/WF2126;DO"
30/06/2026;RTG Material Maitenance;724;228,30;"ELEMENTO FILTR;OLEO DIESEL;FLE"
30/06/2026;RTG Material Maitenance;724;249,18;"FILTRO;F/R:FLEETGUARD/LF9070"
30/06/2026;RTG Material Maitenance;724;93,41;"FILTRO;SEPAR;CUMMINS/FS19763"
30/06/2026;RTG Material Maitenance;724;276,58;"EMENDA;CORRENTE;F/R:DAIDO/16-B"
30/06/2026;RTG Material Maitenance;724;2.970,28;"PROPULSOR PNEUM;P/GRAX;3/8NPT;"
30/06/2026;RTG Material Maitenance;724;909,51;"LUMINARIA;LATINA/LT.BIL.A050.60"
30/06/2026;RTG Material Maitenance;724;3.487,56;"DISPOSITIVO;ABERTURA;BUBENZER/"
30/06/2026;RTG Material Maitenance;724;36,84;"CADEADO;LAT MACIC;25MM;S/INVOL"
30/06/2026;RTG Material Maitenance;724;117,97;"FONTE;ALIMENTACAO;100V-240VAC"
30/06/2026;RTG Material Maitenance;725;-58,32;"FRASCO;PLAS;INCOL;CIL;250ML;C/"
30/06/2026;RTG Material Maitenance;725;-58,32;"FRASCO;PLAS;INCOL;CIL;250ML;C/"
30/06/2026;RTG Material Maitenance;725;-6.329,81;"CONVERSOR;ADFWEB/HD67553"
30/06/2026;RTG Material Maitenance;725;-2.904,00;"FLEXPLATE;PLACA;APLICACAO;RTG"
30/06/2026;RTG Material Maitenance;725;93,41;"FILTRO;SEPAR;CUMMINS/FS19763"
30/06/2026;RTG Material Maitenance;725;16,24;"QUEROSENE;FR 1L"
30/06/2026;RTG Material Maitenance;725;782,32;"DESENGRAXANTE;50L;HEPTA CLEAN"
30/06/2026;RTG Material Maitenance;725;167,89;"TOALHA IND;BR;KIMBERLY CLARK/W"
30/06/2026;RTG Material Maitenance;725;1.079,92;"DESENGRAXANTE;20L;CERTIFIED/DA"
30/06/2026;RTG Material Maitenance;725;58,32;"FRASCO;PLAS;INCOL;CIL;250ML;C/"
30/06/2026;RTG Material Maitenance;725;1.588,04;"OLEO LUBRIF;MOTOR 15W40"
30/06/2026;RTG Material Maitenance;725;1.047,14;"ADITIVO;P/ RADIADOR;COR:AZUL"
30/06/2026;RTG Material Maitenance;725;2.422,59;"TENSOR;KONECRANES/3104029"
30/06/2026;RTG Material Maitenance;725;2.300,54;"TENSIONADOR;CUMMINS/3104027"
30/06/2026;RTG Material Maitenance;725;999,56;"CONE ROL CON;EIX 34,92MM;30811"
30/06/2026;RTG Material Maitenance;725;3.153,91;"FILTRO;RESPIRO;CUMMINS/3102738"
30/06/2026;RTG Material Maitenance;725;93,41;"FILTRO;SEPAR;CUMMINS/FS19763"
30/06/2026;RTG Material Maitenance;725;58,32;"FRASCO;PLAS;INCOL;CIL;250ML;C/"
30/06/2026;RTG Material Maitenance;725;45,22;"FILTRO;DO OLEO HID;P556005"
30/06/2026;RTG Material Maitenance;725;265,48;"FILTRO;AG;FLEETGUARD/WF2126;DO"
30/06/2026;RTG Material Maitenance;725;228,30;"ELEMENTO FILTR;OLEO DIESEL;FLE"
30/06/2026;RTG Material Maitenance;725;249,18;"FILTRO;F/R:FLEETGUARD/LF9070"
30/06/2026;RTG Material Maitenance;725;2.487,01;"POLIA;CUMMINS/3681587"
30/06/2026;RTG Material Maitenance;725;35,66;"PORCA;CUMMINS/142176"
30/06/2026;RTG Material Maitenance;725;125,19;"RETENTOR;CUMMINS/200307"
30/06/2026;RTG Material Maitenance;725;163,58;"PARAFUSO;CUMMINS/3102743"
30/06/2026;RTG Material Maitenance;725;314,01;"FILTRO;PRIMAR;AR;DONALDSON/P78"
30/06/2026;RTG Material Maitenance;725;184,45;"ELEMENTO FILTR;AR SEC;DONALDSO"
30/06/2026;RTG Material Maitenance;725;1.468,29;"CORREIA;CUMMINS/3106099"
30/06/2026;RTG Material Maitenance;725;82,89;"CORREIA MIC V PF;PK;6 CAN;1180"
30/06/2026;RTG Material Maitenance;725;46,69;"BARRA ROSC AC INOX;AISI 304;M1"
30/06/2026;RTG Material Maitenance;725;63,28;"GRAXA;F/R WURTH 0893106"
30/06/2026;RTG Material Maitenance;725;93,41;"FILTRO;SEPAR;CUMMINS/FS19763"
30/06/2026;RTG Material Maitenance;725;9,60;"ROLO PINTURA;POLIESTER;40MM; C"
30/06/2026;RTG Material Maitenance;725;162,44;"BACTERICIDA;METASIL/DESIX TALC"
30/06/2026;RTG Material Maitenance;725;93,41;"FILTRO;SEPAR;CUMMINS/FS19763"
30/06/2026;RTG Material Maitenance;725;1.433,85;"VALVULA;CUMMINS/3348322"
30/06/2026;RTG Material Maitenance;725;93,41;"FILTRO;SEPAR;CUMMINS/FS19763"
30/06/2026;RTG Material Maitenance;725;18,42;"CADEADO;LAT MACIC;25MM;S/INVOL"
30/06/2026;RTG Material Maitenance;725;245,50;"CABO CONEXAO;EXTENSAO;COBERTUR"
30/06/2026;RTG Material Maitenance;725;3.864,14;"CUNHA DE AJUSTE;BUBENZER/8-635"
30/06/2026;RTG Material Maitenance;725;22.280,94;"SAPATA FREIO;KALMAR/807605416;"
30/06/2026;RTG Material Maitenance;725;158,80;"OLEO LUBRIF;MOTOR 15W40"
30/06/2026;RTG Material Maitenance;725;93,41;"FILTRO;SEPAR;CUMMINS/FS19763"
30/06/2026;RTG Material Maitenance;725;93,41;"FILTRO;SEPAR;CUMMINS/FS19763"
30/06/2026;RTG Material Maitenance;725;22.280,94;"SAPATA FREIO;KALMAR/807605416;"
30/06/2026;RTG Material Maitenance;725;3.864,14;"CUNHA DE AJUSTE;BUBENZER/8-635"
30/06/2026;RTG Material Maitenance;725;41.625,21;"FREIO;SB28;HOIST;TENSAO;220V;3"
30/06/2026;RTG Material Maitenance;725;48,10;"FITA ISOL ELETR;750V;ADES;PVC;"
30/06/2026;RTG Material Maitenance;725;93,41;"FILTRO;SEPAR;CUMMINS/FS19763"
30/06/2026;RTG Material Maitenance;725;68,88;"PARAFUSO;SEXTAVADO;M20X70;ROSC"
30/06/2026;RTG Material Maitenance;725;432,51;"OLEO;HIDIDRAULICO;HVLP 68"
30/06/2026;RTG Material Maitenance;725;476,41;"OLEO LUBRIF;MOTOR 15W40"
30/06/2026;RTG Material Maitenance;725;502,23;"SENSOR;PROXIMIDADE;FREIO;SB28;"
30/06/2026;RTG Material Maitenance;725;743,39;"CABO CONTROLE;IGUS/CHAINFLEX-C"
30/06/2026;RTG Material Maitenance;725;502,23;"SENSOR;PROXIMIDADE;FREIO;SB28;"
30/06/2026;RTG Material Maitenance;725;502,23;"SENSOR;PROXIMIDADE;FREIO;SB28;"
30/06/2026;RTG Material Maitenance;725;186,83;"FILTRO;SEPAR;CUMMINS/FS19763"
30/06/2026;RTG Material Maitenance;725;314,01;"FILTRO;PRIMAR;AR;DONALDSON/P78"
30/06/2026;RTG Material Maitenance;725;184,45;"ELEMENTO FILTR;AR SEC;DONALDSO"
30/06/2026;RTG Material Maitenance;726;-93,41;"FILTRO;SEPAR;CUMMINS/FS19763"
30/06/2026;RTG Material Maitenance;726;-12.702,02;"CABO;ESTEIRA;PORTA;CABO;CABLETRACK;ESPECIAL;FLEXIV"
30/06/2026;RTG Material Maitenance;726;909,51;"LUMINARIA;LATINA/LT.BIL.A050.60"
30/06/2026;RTG Material Maitenance;726;909,51;"LUMINARIA;LATINA/LT.BIL.A050.60"
30/06/2026;RTG Material Maitenance;726;8.838,67;"CABO ACO PREFORM;26MM;8X31"
30/06/2026;RTG Material Maitenance;726;1.953,19;"CILINDRO;BROMMA/BR1001131"
30/06/2026;RTG Material Maitenance;726;93,41;"FILTRO;SEPAR;CUMMINS/FS19763"
30/06/2026;RTG Material Maitenance;726;1.588,04;"OLEO LUBRIF;MOTOR 15W40"
30/06/2026;RTG Material Maitenance;726;93,41;"FILTRO;SEPAR;CUMMINS/FS19763"
30/06/2026;RTG Material Maitenance;726;58,32;"FRASCO;PLAS;INCOL;CIL;250ML;C/"
30/06/2026;RTG Material Maitenance;726;45,22;"FILTRO;DO OLEO HID;P556005"
30/06/2026;RTG Material Maitenance;726;265,48;"FILTRO;AG;FLEETGUARD/WF2126;DO"
30/06/2026;RTG Material Maitenance;726;228,30;"ELEMENTO FILTR;OLEO DIESEL;FLE"
30/06/2026;RTG Material Maitenance;726;249,18;"FILTRO;F/R:FLEETGUARD/LF9070"
30/06/2026;RTG Material Maitenance;726;379,69;"BOLA;AUTOMATICA;EXTINTORA;INCE"
30/06/2026;RTG Material Maitenance;726;909,51;"LUMINARIA;LATINA/LT.BIL.A050.60"
30/06/2026;RTG Material Maitenance;726;144,13;"SINALIZADOR;DNI:4109 BIVOLT"
30/06/2026;RTG Material Maitenance;726;12.702,02;"CABO;ESTEIRA;PORTA;CABO;CABLETRACK;ESPECIAL;FLEXIV"
30/06/2026;RTG Material Maitenance;726;21,79;"ADESIVO;SILICONE ACÉTICO;PRETO"
30/06/2026;RTG Material Maitenance;726;317,17;"SINALIZADOR LUM IND;SI;CIL;ACR"
30/06/2026;RTG Material Maitenance;726;93,68;"LUBRIFICANTE;MOLYGRAFIT/ACAERO"
30/06/2026;RTG Material Maitenance;726;29,97;"GRAXA;NAUTICA;LIT;INGRAX/UNILI"
30/06/2026;RTG Material Maitenance;726;17,22;"PARAFUSO;SEXTAVADO;M20X70;ROSC"
30/06/2026;RTG Material Maitenance;726;98,31;"PARAFUSO;M24X75MM;PASSO 3MM;AÇ"
30/06/2026;RTG Material Maitenance;726;461,43;"MICRO FEEDBACK;SIEMENS/3SE5122"
30/06/2026;RTG Material Maitenance;727;-187,37;"LUBRIFICANTE;MOLYGRAFIT/ACAERO"
30/06/2026;RTG Material Maitenance;727;-58,32;"FRASCO;PLAS;INCOL;CIL;250ML;C/"
30/06/2026;RTG Material Maitenance;727;-370,83;"ELEMENTO FILTR;OLEO HIDR;HYDAC"
30/06/2026;RTG Material Maitenance;727;93,41;"FILTRO;SEPAR;CUMMINS/FS19763"
30/06/2026;RTG Material Maitenance;727;7,35;"PLUGUE;MACHO;P/TOMADA;20A;250V"
30/06/2026;RTG Material Maitenance;727;5.277,76;"CORRENTE TRANSM;DU;DIN 16B-2;2"
30/06/2026;RTG Material Maitenance;727;1.947,82;"BATERIA AUTO;SELAD;12V;180A"
30/06/2026;RTG Material Maitenance;727;571,57;"BOBINA;SOLENOIDE;CUMMINS/40248"
30/06/2026;RTG Material Maitenance;727;45,37;"ORGANIZADOR;FIOS E CABOS;13MM;"
30/06/2026;RTG Material Maitenance;727;71,87;"FIXADOR AUTOADESIVO; REIMOLD"
30/06/2026;RTG Material Maitenance;727;1.588,04;"OLEO LUBRIF;MOTOR 15W40"
30/06/2026;RTG Material Maitenance;727;93,41;"FILTRO;SEPAR;CUMMINS/FS19763"
30/06/2026;RTG Material Maitenance;727;58,32;"FRASCO;PLAS;INCOL;CIL;250ML;C/"
30/06/2026;RTG Material Maitenance;727;45,22;"FILTRO;DO OLEO HID;P556005"
30/06/2026;RTG Material Maitenance;727;265,48;"FILTRO;AG;FLEETGUARD/WF2126;DO"
30/06/2026;RTG Material Maitenance;727;228,30;"ELEMENTO FILTR;OLEO DIESEL;FLE"
30/06/2026;RTG Material Maitenance;727;249,18;"FILTRO;F/R:FLEETGUARD/LF9070"
30/06/2026;RTG Material Maitenance;727;93,41;"FILTRO;SEPAR;CUMMINS/FS19763"
30/06/2026;RTG Material Maitenance;727;129,56;"INSERTO TOMAD IND;FEM;16A;HART"
30/06/2026;RTG Material Maitenance;727;93,41;"FILTRO;SEPAR;CUMMINS/FS19763"
30/06/2026;RTG Material Maitenance;727;3.993,48;"BATENTE;KALMAR/DHL/AM-DHL-4075"
30/06/2026;RTG Material Maitenance;727;93,41;"FILTRO;SEPAR;CUMMINS/FS19763"
30/06/2026;RTG Material Maitenance;727;1.588,04;"OLEO LUBRIF;MOTOR 15W40"
30/06/2026;RTG Material Maitenance;727;93,41;"FILTRO;SEPAR;CUMMINS/FS19763"
30/06/2026;RTG Material Maitenance;727;58,32;"FRASCO;PLAS;INCOL;CIL;250ML;C/"
30/06/2026;RTG Material Maitenance;727;45,22;"FILTRO;DO OLEO HID;P556005"
30/06/2026;RTG Material Maitenance;727;265,48;"FILTRO;AG;FLEETGUARD/WF2126;DO"
30/06/2026;RTG Material Maitenance;727;228,30;"ELEMENTO FILTR;OLEO DIESEL;FLE"
30/06/2026;RTG Material Maitenance;727;249,18;"FILTRO;F/R:FLEETGUARD/LF9070"
30/06/2026;RTG Material Maitenance;727;221,27;"EMENDA;CORRENTE;F/R:DAIDO/16-B"
30/06/2026;RTG Material Maitenance;727;625,27;"DESLIZANTE;CORRENTE;CARRO"
30/06/2026;RTG Material Maitenance;727;6.933,37;"BOBINA;FREIO;REPARADO;MX 133 -"
30/06/2026;RTG Material Maitenance;727;5.249,06;"JUNTA CJ;CUMMINS/4955590"
30/06/2026;RTG Material Maitenance;727;379,69;"BOLA;AUTOMATICA;EXTINTORA;INCE"
30/06/2026;RTG Material Maitenance;728;-3.747,38;TURBO COMPRESSOR 3104768 QSX15
30/06/2026;RTG Material Maitenance;728;93,41;"FILTRO;SEPAR;CUMMINS/FS19763"
30/06/2026;RTG Material Maitenance;728;19,68;"CHAVE;P/QUADRO;COMANDO;USS4;PH"
30/06/2026;RTG Material Maitenance;728;162,44;"HORIMETRO P/PAIN;CONTAD;OMEGA"
30/06/2026;RTG Material Maitenance;728;349,27;"SENSOR;PINO LOQUEAMENTO;RS KAL"
30/06/2026;RTG Material Maitenance;728;760,18;"FAIXA;REFLET;NORMATIVO;2,4M;VM"
30/06/2026;RTG Material Maitenance;728;1.588,04;"OLEO LUBRIF;MOTOR 15W40"
30/06/2026;RTG Material Maitenance;728;1.047,14;"ADITIVO;P/ RADIADOR;COR:AZUL"
30/06/2026;RTG Material Maitenance;728;93,41;"FILTRO;SEPAR;CUMMINS/FS19763"
30/06/2026;RTG Material Maitenance;728;58,32;"FRASCO;PLAS;INCOL;CIL;250ML;C/"
30/06/2026;RTG Material Maitenance;728;45,22;"FILTRO;DO OLEO HID;P556005"
30/06/2026;RTG Material Maitenance;728;265,48;"FILTRO;AG;FLEETGUARD/WF2126;DO"
30/06/2026;RTG Material Maitenance;728;228,30;"ELEMENTO FILTR;OLEO DIESEL;FLE"
30/06/2026;RTG Material Maitenance;728;249,18;"FILTRO;F/R:FLEETGUARD/LF9070"
30/06/2026;RTG Material Maitenance;728;184,45;"ELEMENTO FILTR;AR SEC;DONALDSO"
30/06/2026;RTG Material Maitenance;728;314,01;"FILTRO;PRIMAR;AR;DONALDSON/P78"
30/06/2026;RTG Material Maitenance;728;794,02;"OLEO LUBRIF;MOTOR 15W40"
30/06/2026;RTG Material Maitenance;728;93,41;"FILTRO;SEPAR;CUMMINS/FS19763"
30/06/2026;RTG Material Maitenance;728;5,45;"LAMINA P/ESTIL;LARG;100X18X0,5;18MM"
30/06/2026;RTG Material Maitenance;728;80,98;"BUZINA;ELET 24VCC;S/CORNETA;BO"
30/06/2026;RTG Material Maitenance;728;126,56;"GRAXA;F/R WURTH 0893106"
30/06/2026;RTG Material Maitenance;728;4.104,50;"GRAXA;OLEO MINER;ROCOL/RDOFFSH"
30/06/2026;RTG Material Maitenance;728;1.292,31;"TERMINAL ESF;BROMMA/BR1001580;"
30/06/2026;RTG Material Maitenance;728;3.487,56;"DISPOSITIVO;ABERTURA;BUBENZER/"
30/06/2026;RTG Material Maitenance;728;93,41;"FILTRO;SEPAR;CUMMINS/FS19763"
30/06/2026;RTG Material Maitenance;728;58,99;"FONTE;ALIMENTACAO;100V-240VAC"
30/06/2026;RTG Material Maitenance;728;93,41;"FILTRO;SEPAR;CUMMINS/FS19763"
30/06/2026;RTG Material Maitenance;729;-370,83;"ELEMENTO FILTR;OLEO HIDR;HYDAC"
30/06/2026;RTG Material Maitenance;729;760,18;"FAIXA;REFLET;NORMATIVO;2,4M;VM"
30/06/2026;RTG Material Maitenance;729;379,69;"BOLA;AUTOMATICA;EXTINTORA;INCE"
30/06/2026;RTG Material Maitenance;730;-1.947,82;"BATERIA AUTO;SELAD;12V;180A"
30/06/2026;RTG Material Maitenance;730;-249,18;"FILTRO;F/R:FLEETGUARD/LF9070"
30/06/2026;RTG Material Maitenance;730;2.707,38;"PROTECAO;BOOGIE;KONECRANES/KM3"
30/06/2026;RTG Material Maitenance;730;575,89;"ANTENA;CAMERA;MONITOR;APLICACA"
30/06/2026;RTG Material Maitenance;730;1.947,82;"BATERIA AUTO;SELAD;12V;180A"
30/06/2026;RTG Material Maitenance;730;1.588,04;"OLEO LUBRIF;MOTOR 15W40"
30/06/2026;RTG Material Maitenance;730;93,41;"FILTRO;SEPAR;CUMMINS/FS19763"
30/06/2026;RTG Material Maitenance;730;58,32;"FRASCO;PLAS;INCOL;CIL;250ML;C/"
30/06/2026;RTG Material Maitenance;730;45,22;"FILTRO;DO OLEO HID;P556005"
30/06/2026;RTG Material Maitenance;730;265,48;"FILTRO;AG;FLEETGUARD/WF2126;DO"
30/06/2026;RTG Material Maitenance;730;228,30;"ELEMENTO FILTR;OLEO DIESEL;FLE"
30/06/2026;RTG Material Maitenance;730;249,18;"FILTRO;F/R:FLEETGUARD/LF9070"
30/06/2026;RTG Material Maitenance;730;184,45;"ELEMENTO FILTR;AR SEC;DONALDSO"
30/06/2026;RTG Material Maitenance;730;314,01;"FILTRO;PRIMAR;AR;DONALDSON/P78"
30/06/2026;RTG Material Maitenance;730;50,26;"BUZINA;ELET 12V;S/CORNETA;BOSC"
30/06/2026;RTG Material Maitenance;730;12,71;"TRAVA;EXTERNA;FEMEA;2 PINOS;"
30/06/2026;RTG Material Maitenance;730;34,28;"CONECTOR;FEMEA;2 PINOS;"
30/06/2026;RTG Material Maitenance;730;40,49;"BUZINA;ELET 24VCC;S/CORNETA;BO"
30/06/2026;RTG Material Maitenance;731;-93,68;"LUBRIFICANTE;MOLYGRAFIT/ACAERO"
30/06/2026;RTG Material Maitenance;731;-49,21;"FILTRO;AG;ROSC;FLEETGUARD/WF21"
30/06/2026;RTG Material Maitenance;731;316,30;
30/06/2026;RTG Material Maitenance;731;40,49;"BUZINA;ELET 24VCC;S/CORNETA;BO"
30/06/2026;RTG Material Maitenance;731;1.826,25;"OLEO LUBRIF;MOTOR 15W40"
30/06/2026;RTG Material Maitenance;731;58,32;"FRASCO;PLAS;INCOL;CIL;250ML;C/"
30/06/2026;RTG Material Maitenance;731;49,21;"FILTRO;AG;ROSC;FLEETGUARD/WF21"
30/06/2026;RTG Material Maitenance;731;593,97;"FILTRO;OLEO MOTOR LF14000NN"
30/06/2026;RTG Material Maitenance;731;1.015,27;"ELEMENTO;FILTRANTE;FS53015"
30/06/2026;RTG Material Maitenance;731;1.601,56;"FILTRO;COMBUSTIVEL;FF5782NN"
30/06/2026;RTG Material Maitenance;732;-49,21;"FILTRO;AG;ROSC;FLEETGUARD/WF21"
30/06/2026;RTG Material Maitenance;732;1.826,25;"OLEO LUBRIF;MOTOR 15W40"
30/06/2026;RTG Material Maitenance;732;1.047,14;"ADITIVO;P/ RADIADOR;COR:AZUL"
30/06/2026;RTG Material Maitenance;732;49,21;"FILTRO;AG;ROSC;FLEETGUARD/WF21"
30/06/2026;RTG Material Maitenance;732;593,97;"FILTRO;OLEO MOTOR LF14000NN"
30/06/2026;RTG Material Maitenance;732;1.015,27;"ELEMENTO;FILTRANTE;FS53015"
30/06/2026;RTG Material Maitenance;732;1.601,56;"FILTRO;COMBUSTIVEL;FF5782NN"
30/06/2026;RTG Material Maitenance;732;2.644,38;"KIT;ELEMENTOS;FLEETGUARD AA296"
30/06/2026;RTG Material Maitenance;732;782,32;"DESENGRAXANTE;50L;HEPTA CLEAN"
30/06/2026;RTG Material Maitenance;732;108,90;"BLOCO;CONTATOR;AUXILIAR;APLICACAO;HEADBLOCK;RTG;ZP"
30/06/2026;RTG Material Maitenance;732;122,59;"BLOCO;CONTATO;HEAD;SCHNEIDER/X"
30/06/2026;RTG Material Maitenance;732;353,15;"CHAVE FIM CURS;ACE SCHMERSAL/T"
30/06/2026;RTG Material Maitenance;732;82,42;"PRENSA CABO;PHOENIX/1415125"
30/06/2026;RTG Material Maitenance;732;78,08;"VASELINA;SOLID;LAT 1KG"
30/06/2026;RTG Material Maitenance;732;1.826,25;"OLEO LUBRIF;MOTOR 15W40"
30/06/2026;RTG Material Maitenance;732;58,32;"FRASCO;PLAS;INCOL;CIL;250ML;C/"
30/06/2026;RTG Material Maitenance;732;49,21;"FILTRO;AG;ROSC;FLEETGUARD/WF21"
30/06/2026;RTG Material Maitenance;732;593,97;"FILTRO;OLEO MOTOR LF14000NN"
30/06/2026;RTG Material Maitenance;732;1.015,27;"ELEMENTO;FILTRANTE;FS53015"
30/06/2026;RTG Material Maitenance;732;1.601,56;"FILTRO;COMBUSTIVEL;FF5782NN"
30/06/2026;RTG Material Maitenance;733;1.826,25;"OLEO LUBRIF;MOTOR 15W40"
30/06/2026;RTG Material Maitenance;733;58,32;"FRASCO;PLAS;INCOL;CIL;250ML;C/"
30/06/2026;RTG Material Maitenance;733;49,21;"FILTRO;AG;ROSC;FLEETGUARD/WF21"
30/06/2026;RTG Material Maitenance;733;593,97;"FILTRO;OLEO MOTOR LF14000NN"
30/06/2026;RTG Material Maitenance;733;1.015,27;"ELEMENTO;FILTRANTE;FS53015"
30/06/2026;RTG Material Maitenance;733;1.601,56;"FILTRO;COMBUSTIVEL;FF5782NN"
30/06/2026;RTG Material Maitenance;733;49,61;"ADESIVO EPOXI;LIQ;BRASCOLA/ARA"
30/06/2026;RTG Material Maitenance;733;48,10;"FITA ISOL ELETR;750V;ADES;PVC;"
30/06/2026;RTG Material Maitenance;733;1.270,43;"OLEO LUBRIF;MOTOR 15W40"
30/06/2026;RTG Material Maitenance;733;1.495,91;"ADITIVO;P/ RADIADOR;COR:AZUL"
30/06/2026;RTG Material Maitenance;734;-187,37;"LUBRIFICANTE;MOLYGRAFIT/ACAERO"
30/06/2026;RTG Material Maitenance;734;1.826,25;"OLEO LUBRIF;MOTOR 15W40"
30/06/2026;RTG Material Maitenance;734;1.047,14;"ADITIVO;P/ RADIADOR;COR:AZUL"
30/06/2026;RTG Material Maitenance;734;49,21;"FILTRO;AG;ROSC;FLEETGUARD/WF21"
30/06/2026;RTG Material Maitenance;734;593,97;"FILTRO;OLEO MOTOR LF14000NN"
30/06/2026;RTG Material Maitenance;734;1.015,27;"ELEMENTO;FILTRANTE;FS53015"
30/06/2026;RTG Material Maitenance;734;1.601,56;"FILTRO;COMBUSTIVEL;FF5782NN"
30/06/2026;RTG Material Maitenance;734;2.644,38;"KIT;ELEMENTOS;FLEETGUARD AA296"
30/06/2026;RTG Material Maitenance;734;13.889,31;"FILTRO;GERADOR;STAMFORD;APLICA"
30/06/2026;RTG Material Maitenance;734;1.016,48;"DESENGRAXANTE;DIELETRICO;WURTH"
30/06/2026;RTG Material Maitenance;734;158,80;"OLEO LUBRIF;MOTOR 15W40"
30/06/2026;RTG Material Maitenance;734;167,89;"TOALHA IND;BR;KIMBERLY CLARK/W"
30/06/2026;RTG Material Maitenance;734;635,22;"OLEO LUBRIF;MOTOR 15W40"
30/06/2026;RTG Material Maitenance;735;-117,12;"VASELINA;SOLID;LAT 1KG"
30/06/2026;RTG Material Maitenance;735;1.826,25;"OLEO LUBRIF;MOTOR 15W40"
30/06/2026;RTG Material Maitenance;735;49,21;"FILTRO;AG;ROSC;FLEETGUARD/WF21"
30/06/2026;RTG Material Maitenance;735;593,97;"FILTRO;OLEO MOTOR LF14000NN"
30/06/2026;RTG Material Maitenance;735;1.015,27;"ELEMENTO;FILTRANTE;FS53015"
30/06/2026;RTG Material Maitenance;735;1.601,56;"FILTRO;COMBUSTIVEL;FF5782NN"
30/06/2026;RTG Material Maitenance;735;156,16;"VASELINA;SOLID;LAT 1KG"
30/06/2026;RTG Material Maitenance;735;158,80;"OLEO LUBRIF;MOTOR 15W40"
30/06/2026;RTG Material Maitenance;736;21,79;"ADESIVO;SILICONE ACÉTICO;PRETO"
30/06/2026;RTG Material Maitenance;736;63,28;"GRAXA;F/R WURTH 0893106"
30/06/2026;RTG Material Maitenance;736;1.872,63;"LUMINARIA;ESTRUTURA;LED;PHILIP"
30/06/2026;RTG Material Maitenance;736;1.826,25;"OLEO LUBRIF;MOTOR 15W40"
30/06/2026;RTG Material Maitenance;736;1.047,14;"ADITIVO;P/ RADIADOR;COR:AZUL"
30/06/2026;RTG Material Maitenance;736;58,32;"FRASCO;PLAS;INCOL;CIL;250ML;C/"
30/06/2026;RTG Material Maitenance;736;49,21;"FILTRO;AG;ROSC;FLEETGUARD/WF21"
30/06/2026;RTG Material Maitenance;736;593,97;"FILTRO;OLEO MOTOR LF14000NN"
30/06/2026;RTG Material Maitenance;736;1.015,27;"ELEMENTO;FILTRANTE;FS53015"
30/06/2026;RTG Material Maitenance;736;1.601,56;"FILTRO;COMBUSTIVEL;FF5782NN"
30/06/2026;RTG Material Maitenance;736;2.644,38;"KIT;ELEMENTOS;FLEETGUARD AA296"
30/06/2026;RTG Material Maitenance;736;951,87;"ROLAMENTO;85X180X41MM;APLICACAO;GERADOR;RTG;ZPMC;F"
30/06/2026;RTG Material Maitenance;736;1.016,48;"DESENGRAXANTE;DIELETRICO;WURTH"
30/06/2026;RTG Material Maitenance;736;20,05;"BARRA ROSC AC INOX;AISI 304;M8"
30/06/2026;RTG Material Maitenance;737;1.826,25;"OLEO LUBRIF;MOTOR 15W40"
30/06/2026;RTG Material Maitenance;737;58,32;"FRASCO;PLAS;INCOL;CIL;250ML;C/"
30/06/2026;RTG Material Maitenance;737;49,21;"FILTRO;AG;ROSC;FLEETGUARD/WF21"
30/06/2026;RTG Material Maitenance;737;593,97;"FILTRO;OLEO MOTOR LF14000NN"
30/06/2026;RTG Material Maitenance;737;1.015,27;"ELEMENTO;FILTRANTE;FS53015"
30/06/2026;RTG Material Maitenance;737;1.601,56;"FILTRO;COMBUSTIVEL;FF5782NN"
30/06/2026;RTG Material Maitenance;737;63,28;"GRAXA;F/R WURTH 0893106"
30/06/2026;RTG Material Maitenance;737;29,97;"GRAXA;NAUTICA;LIT;INGRAX/UNILI"
30/06/2026;RTG Material Maitenance;737;159,94;"ANEL O;573X9,80MM;BORR NT;80 S"
30/06/2026;RTG Material Maitenance;737;17.143,45;"PNEU;16,00;25;GOODYEAR/ELV-3A-"
30/06/2026;RTG Material Maitenance;737;70,79;"REFIL P/MACARIC PORT GAS;TURBO"
30/06/2026;RTG Material Maitenance;737;70,79;"REFIL P/MACARIC PORT GAS;TURBO"
30/06/2026;RTG Material Maitenance;738;-1.015,27;"ELEMENTO;FILTRANTE;FS53015"
30/06/2026;RTG Material Maitenance;738;-49,21;"FILTRO;AG;ROSC;FLEETGUARD/WF21"
30/06/2026;RTG Material Maitenance;738;274,68;"CAMARA AR;14,00;ARO 24;RS"
30/06/2026;RTG Material Maitenance;738;103,85;"PROTETOR;CAMARA DE AR;ARO 24 P"
30/06/2026;RTG Material Maitenance;738;1.015,27;"ELEMENTO;FILTRANTE;FS53015"
30/06/2026;RTG Material Maitenance;738;794,02;"OLEO LUBRIF;MOTOR 15W40"
30/06/2026;RTG Material Maitenance;738;58,32;"FRASCO;PLAS;INCOL;CIL;250ML;C/"
30/06/2026;RTG Material Maitenance;738;1.826,25;"OLEO LUBRIF;MOTOR 15W40"
30/06/2026;RTG Material Maitenance;738;49,21;"FILTRO;AG;ROSC;FLEETGUARD/WF21"
30/06/2026;RTG Material Maitenance;738;1.601,56;"FILTRO;COMBUSTIVEL;FF5782NN"
30/06/2026;RTG Material Maitenance;738;593,97;"FILTRO;OLEO MOTOR LF14000NN"
30/06/2026;RTG Material Maitenance;738;1.015,27;"ELEMENTO;FILTRANTE;FS53015"
30/06/2026;RTG Material Maitenance;738;59,93;"GRAXA;NAUTICA;LIT;INGRAX/UNILI"
30/06/2026;RTG Material Maitenance;739;-187,37;"LUBRIFICANTE;MOLYGRAFIT/ACAERO"
30/06/2026;RTG Material Maitenance;739;520,71;"OLEO;HIDRAULICO;TITAN CHF 11S"
30/06/2026;RTG Material Maitenance;739;1.826,25;"OLEO LUBRIF;MOTOR 15W40"
30/06/2026;RTG Material Maitenance;739;58,32;"FRASCO;PLAS;INCOL;CIL;250ML;C/"
30/06/2026;RTG Material Maitenance;739;49,21;"FILTRO;AG;ROSC;FLEETGUARD/WF21"
30/06/2026;RTG Material Maitenance;739;593,97;"FILTRO;OLEO MOTOR LF14000NN"
30/06/2026;RTG Material Maitenance;739;1.015,27;"ELEMENTO;FILTRANTE;FS53015"
30/06/2026;RTG Material Maitenance;739;1.601,56;"FILTRO;COMBUSTIVEL;FF5782NN"
30/06/2026;RTG Material Maitenance;739;29,97;"GRAXA;NAUTICA;LIT;INGRAX/UNILI"
30/06/2026;RTG Material Maitenance;739;8.457,47;"OLEO LUBRIFICANTE;P/ ENGRENAGE"
30/06/2026;RTG Material Maitenance;739;95,11;"SABONETE LIQ;VD;5L;DESENGRAX"
30/06/2026;RTG Material Maitenance;739;64,14;"LIMPADOR SUPERF;VIDR;LIQ;FR 50"
30/06/2026;RTG Material Maitenance;739;4.520,82;"CILINDRO;AJUSTE;CONSOLE;METAGR"
30/06/2026;RTG Material Maitenance;739;690,32;"CABO;ACO;P/ CONSOLE;METAGRO"
30/06/2026;RTG Material Maitenance;739;63,28;"GRAXA;F/R WURTH 0893106"
30/06/2026;RTG Material Maitenance;739;59,93;"GRAXA;NAUTICA;LIT;INGRAX/UNILI"
30/06/2026;RTG Material Maitenance;739;93,68;"LUBRIFICANTE;MOLYGRAFIT/ACAERO"
30/06/2026;RTG Material Maitenance;740;-49,21;"FILTRO;AG;ROSC;FLEETGUARD/WF21"
30/06/2026;RTG Material Maitenance;740;3.322,28;"OLEO LUBRIFICANTE;P/ COMANDO F"
30/06/2026;RTG Material Maitenance;740;12.496,62;"MOTOR;380VCA;60HZ;2KW;PROTECAO; IP55;YEJ;YE2J132S-"
30/06/2026;RTG Material Maitenance;740;5.638,31;"OLEO LUBRIFICANTE;P/ ENGRENAGE"
30/06/2026;RTG Material Maitenance;740;40,49;"BUZINA;ELET 24VCC;S/CORNETA;BO"
30/06/2026;RTG Material Maitenance;740;1.826,25;"OLEO LUBRIF;MOTOR 15W40"
30/06/2026;RTG Material Maitenance;740;58,32;"FRASCO;PLAS;INCOL;CIL;250ML;C/"
30/06/2026;RTG Material Maitenance;740;49,21;"FILTRO;AG;ROSC;FLEETGUARD/WF21"
30/06/2026;RTG Material Maitenance;740;593,97;"FILTRO;OLEO MOTOR LF14000NN"
30/06/2026;RTG Material Maitenance;740;1.015,27;"ELEMENTO;FILTRANTE;FS53015"
30/06/2026;RTG Material Maitenance;740;1.601,56;"FILTRO;COMBUSTIVEL;FF5782NN"
30/06/2026;RTG Material Maitenance;740;592,02;"OLEO LUBRIFICANTE;P/ ENGRENAGE"
30/06/2026;RTG Material Maitenance;740;2.990,05;"OLEO LUBRIFICANTE;P/ COMANDO F"
30/06/2026;RTG Material Maitenance;741;781,07;"OLEO;HIDRAULICO;TITAN CHF 11S"
30/06/2026;RTG Material Maitenance;741;592,02;"OLEO LUBRIFICANTE;P/ ENGRENAGE"
30/06/2026;RTG Material Maitenance;741;2.990,05;"OLEO LUBRIFICANTE;P/ COMANDO F"
30/06/2026;RTG Material Maitenance;741;260,36;"OLEO;HIDRAULICO;TITAN CHF 11S"
30/06/2026;RTG Material Maitenance;F316;-40,29;"OLEO DESENGRIP;AEROSSOL 300ML;"
30/06/2026;RTG Material Maitenance;F316;7.559,47;"DESENGRAXANTE;20L;CERTIFIED/DA"
30/06/2026;RTG Material Maitenance;F316;12,71;"SACO LIX;PVC;100L;EMBAL C/100"
30/06/2026;RTG Material Maitenance;F316;168,34;"FITA ISOL ELETR;750V;ADES;PVC;"
30/06/2026;RTG Material Maitenance;F316;165,52;"LIMPADOR SUPERF;MULTI-USO;AZULIM;500ML"
30/06/2026;RTG Material Maitenance;F316;33,25;"LONA PLAST PROT;PT;PVC;8X100M;"
30/06/2026;RTG Material Maitenance;F316;503,66;"TOALHA IND;BR;KIMBERLY CLARK/W"
30/06/2026;RTG Material Maitenance;F316;120,86;"OLEO DESENGRIP;AEROSSOL 300ML;"
06/07/2026;RTG Material Maitenance;;3.860,00;
07/07/2026;RTG Maintenance Services;;42.244,00;
10/07/2026;RTG Material Maitenance;703;205,77;
10/07/2026;RTG Material Maitenance;705;175,46;
10/07/2026;RTG Material Maitenance;713;438,40;
10/07/2026;RTG Material Maitenance;713;540,00;
10/07/2026;RTG Material Maitenance;714;388,49;
10/07/2026;RTG Material Maitenance;716;472,67;
10/07/2026;RTG Material Maitenance;718;135,38;
10/07/2026;RTG Material Maitenance;720;1.044,05;
10/07/2026;RTG Material Maitenance;722;538,46;
10/07/2026;RTG Material Maitenance;722;7.404,05;
10/07/2026;RTG Material Maitenance;724;2.486,00;
10/07/2026;RTG Material Maitenance;730;1.056,80;
10/07/2026;RTG Material Maitenance;732;82,44;
10/07/2026;RTG Material Maitenance;732;28,60;
10/07/2026;RTG Material Maitenance;736;108,80;
10/07/2026;RTG Material Maitenance;736;11,70;
10/07/2026;RTG Material Maitenance;739;375,05;
10/07/2026;RTG Material Maitenance;740;238,00;
10/07/2026;RTG Material Maitenance;741;649,16;
16/07/2026;RTG Maintenance Services;;25.600,18;
16/07/2026;RTG Maintenance Services;;4.500,00;
16/07/2026;RTG Material Maitenance;;15.078,00;
21/07/2026;RTG Material Maitenance;;20.857,00;
27/07/2026;RTG Maintenance Services;;11.850,00;
28/07/2026;RTG Maintenance Services;;17.500,00;
28/07/2026;RTG Maintenance Services;;3.600,00;
28/07/2026;RTG Maintenance Services;;1.400,00;
28/07/2026;RTG Maintenance Services;;280,00;
28/07/2026;RTG Maintenance Services;;320,00;
28/07/2026;RTG Maintenance Services;;600,00;
31/07/2026;RTG Material Maitenance;701;7.078,50;VIGA TELESCOPICA LADO ESQUERDO
31/07/2026;RTG Material Maitenance;701;1.938,05;"RELE;INTERMEDIARIO;BOBINA:24V;CORRENTE:10A;F/R:COM"
31/07/2026;RTG Material Maitenance;701;172,66;"SPRAY;DETECTOR;VAZAMENTO;BUBBL"
31/07/2026;RTG Material Maitenance;701;1.178,85;"GAS;REFRIGERANTE;R-32;CILINDRO"
31/07/2026;RTG Material Maitenance;701;80,88;"FITA ISOL ELETR;750V;ADES;PVC;"
31/07/2026;RTG Material Maitenance;701;304,20;"BACTERICIDA;METASIL/DESIX TALC"
31/07/2026;RTG Material Maitenance;701;35,64;"LIMPADOR SUPERF;LAVAGEM A SECO"
31/07/2026;RTG Material Maitenance;701;121,51;"DESENGRAXANTE;METASIL/JATOPLUS"
31/07/2026;RTG Material Maitenance;701;31,54;"GRAXA;NAUTICA;LIT;INGRAX/UNILI"
31/07/2026;RTG Material Maitenance;701;14,41;"SINALIZADOR;LENT RED;VD;P/LED;"
31/07/2026;RTG Material Maitenance;701;17,48;"SINALIZADOR;LENT RED;VD;C/LED;"
31/07/2026;RTG Material Maitenance;702;-207,69;"PROTETOR;CAMARA DE AR;ARO 24 P"
31/07/2026;RTG Material Maitenance;702;-2.325,65;"BASE RELE;SOQ;RELECO/S10M"
31/07/2026;RTG Material Maitenance;702;-268,60;"CONECTOR SENSOR;TAMANHO:5M;M12"
31/07/2026;RTG Material Maitenance;702;-1.560,04;"SENSOR;BIDUK/I7CF-M3016A-OEL4"
31/07/2026;RTG Material Maitenance;702;222,11;"PROTETOR;CAMARA DE AR;ARO 24 P"
31/07/2026;RTG Material Maitenance;702;1.144,08;"SACO;AR;PNEU;12.00X24;EV;KONEC"
31/07/2026;RTG Material Maitenance;702;402,81;"VASELINA;SOLID;GL 3KG"
31/07/2026;RTG Material Maitenance;702;44,97;"BLOCO;CONTATO;SIEMENS/3SU1400"
31/07/2026;RTG Material Maitenance;702;61,03;"CABECOTE;BOTAO;COMANDO;EMERGEN"
31/07/2026;RTG Material Maitenance;702;1.079,92;"DESENGRAXANTE;20L;CERTIFIED/DA"
31/07/2026;RTG Material Maitenance;702;5.814,14;"BASE RELE;SOQ;RELECO/S10M"
31/07/2026;RTG Material Maitenance;702;167,89;"TOALHA IND;BR;KIMBERLY CLARK/W"
31/07/2026;RTG Material Maitenance;702;2.974,49;"RELE AUX ENC;PIN;24VCC;RELECO/"
31/07/2026;RTG Material Maitenance;702;4.890,15;"CABO ACO PREFORM;IPH/26MM6X41W"
31/07/2026;RTG Material Maitenance;702;5.488,78;"POLIA;AUXILIAR;DO TR;REPARADO"
31/07/2026;RTG Material Maitenance;702;5.274,60;"GRAXA;COMP LIT;GADUS-S3-V220C2"
31/07/2026;RTG Material Maitenance;702;3.738,86;"ROLAMENTO ROL CON;100X215X77,5"
31/07/2026;RTG Material Maitenance;702;1.143,32;"PARAFUSO ESTOJ;M22X1,5X42MM;PA"
31/07/2026;RTG Material Maitenance;703;-4.483,44;"POLIA;KONECRANES/KP80004N"
31/07/2026;RTG Material Maitenance;703;3.993,00;JOYSTICK GESSMANN/V85 B32D
31/07/2026;RTG Material Maitenance;703;21.721,17;"JOYSTICK;F/R:GESSMANN/V85-B32D"
31/07/2026;RTG Material Maitenance;703;1.560,04;"SENSOR;BIDUK/I7CF-M3016A-OEL4"
31/07/2026;RTG Material Maitenance;703;27,81;"LAMPADA;VETOR AUTO/TL1141"
31/07/2026;RTG Material Maitenance;703;1.079,92;"DESENGRAXANTE;20L;CERTIFIED/DA"
31/07/2026;RTG Material Maitenance;703;4.483,44;"POLIA;KONECRANES/KP80004N"
31/07/2026;RTG Material Maitenance;703;5.274,60;"GRAXA;COMP LIT;GADUS-S3-V220C2"
31/07/2026;RTG Material Maitenance;704;87,12;CADEADO BLOQUEIO CPVM140CD TAG
31/07/2026;RTG Material Maitenance;704;17,64;"PILHA;(AA);CONJUNTO 2 UNIDADES"
31/07/2026;RTG Material Maitenance;704;4.809,75;"RESISTENCIA DE FRENAGEM;6SE640"
31/07/2026;RTG Material Maitenance;704;15,68;"BLOCO;CONT;1NA;STECK/SLPL42"
31/07/2026;RTG Material Maitenance;704;34,31;BLOCO DISTRIBUICAO VERMELHO TE
31/07/2026;RTG Material Maitenance;704;18,15;"BLOCO CONT BOT COM;1NF;10A;660"
31/07/2026;RTG Material Maitenance;704;1.798,85;"BASE RELE;FINDER SER 56;TRILH"
31/07/2026;RTG Material Maitenance;704;34,31;BLOCO DISTRIBUICAO VERMELHO TE
31/07/2026;RTG Material Maitenance;704;25,15;"DISJUNTOR TERM;MONO;10A;SCHNEI"
31/07/2026;RTG Material Maitenance;704;16,96;"CABECOTE BOT COM ILUM;RED;VD;S"
31/07/2026;RTG Material Maitenance;704;14,36;"CABECOTE BOT COM ILUM;RED;VM;S"
31/07/2026;RTG Material Maitenance;704;290,16;"RELE TEMP;0,6-6MIN;SIEMENS/7PU"
31/07/2026;RTG Material Maitenance;704;4.392,11;"RELE AUX ENC;PIN;24VCC;10A;REL"
31/07/2026;RTG Material Maitenance;704;18,15;"BLOCO CONT BOT COM;1NF;10A;660"
31/07/2026;RTG Material Maitenance;704;15,68;"BLOCO;CONT;1NA;STECK/SLPL42"
31/07/2026;RTG Material Maitenance;704;16,96;"CABECOTE BOT COM ILUM;RED;VD;S"
31/07/2026;RTG Material Maitenance;704;14,36;"CABECOTE BOT COM ILUM;RED;VM;S"
31/07/2026;RTG Material Maitenance;704;108,90;"BASE RELE;RELECO C7;SOQ;KUHN/S"
31/07/2026;RTG Material Maitenance;704;18,15;"BLOCO CONT BOT COM;1NF;10A;660"
31/07/2026;RTG Material Maitenance;704;161,72;"CABO CU FLEX;CL 5;EPROTENAXGSE"
31/07/2026;RTG Material Maitenance;704;1,63;"CABO CU FLEX;CL 5;EPROTENAXGSE"
31/07/2026;RTG Material Maitenance;704;11,39;"TUBO ESP P/AMARR;3/4POL;TRAMON"
31/07/2026;RTG Material Maitenance;704;378,98;"RELE;AUXILIAR;ENCAIXE;RELECO/C"
31/07/2026;RTG Material Maitenance;704;128,70;"RELÉ PHOENIX;P/N 2903677"
31/07/2026;RTG Material Maitenance;704;210,54;"MODULO DE RELE;PHOENIX CONTACT"
31/07/2026;RTG Material Maitenance;704;42,11;"MODULO DE RELE;PHOENIX CONTACT"
31/07/2026;RTG Material Maitenance;704;580,80;"TRAVA;ARANHA;FABRICADO;BOGGIE/TRANSLACAO;RTGS KONE"
31/07/2026;RTG Material Maitenance;704;930,67;"CHICOTE;ELETRICO;E3232E-010201"
31/07/2026;RTG Material Maitenance;704;26,96;"FITA ISOL ELETR;750V;ADES;PVC;"
31/07/2026;RTG Material Maitenance;704;152,46;"CABO COBRE FLEXIVEL;CL 4;AMRL"
31/07/2026;RTG Material Maitenance;704;68,06;"CONECTOR PASSAG;26A;WEIDMULLER"
31/07/2026;RTG Material Maitenance;704;731,26;"REGULADOR TENS;ENCAPSULADO;GRAMEYER/RT7-TH4 E 5A-A"
31/07/2026;RTG Material Maitenance;704;4.964,19;"ACOPLAMENTO ENGR;25,40-78MM;FA"
31/07/2026;RTG Material Maitenance;704;1.322,75;OD B S-10 ADITIVADO
31/07/2026;RTG Material Maitenance;704;14.686,37;"MODULO INTRF H MAQ;SIEMENS/6AV"
31/07/2026;RTG Material Maitenance;705;-371,45;"BLOCO TERMIN;SIEMENS S7-300;6E"
31/07/2026;RTG Material Maitenance;705;-3.714,53;"BLOCO TERMIN;SIEMENS S7-300;6E"
31/07/2026;RTG Material Maitenance;705;30,21;"OLEO DESENGRIP;AEROSSOL 300ML;"
31/07/2026;RTG Material Maitenance;705;2.413,47;"MOTOR;ARRANQUE;TENSAO;24V;MODE"
31/07/2026;RTG Material Maitenance;705;960,90;"BATERIA AUTO;SELAD;12V;180A"
31/07/2026;RTG Material Maitenance;705;2.421,58;"MOTOR PARTID;7,5KW;24VCC;DELCO"
31/07/2026;RTG Material Maitenance;706;-7.297,84;"MODULO ELET CONT COMUNIC;SIEME"
31/07/2026;RTG Material Maitenance;706;379,69;"BOLA;AUTOMATICA;EXTINTORA;INCE"
31/07/2026;RTG Material Maitenance;706;94,32;"FILTRO;SEPAR;CUMMINS/FS19763"
31/07/2026;RTG Material Maitenance;706;14.686,37;"MODULO INTRF H MAQ;SIEMENS/6AV"
31/07/2026;RTG Material Maitenance;706;7.297,84;"MODULO ELET CONT COMUNIC;SIEME"
31/07/2026;RTG Material Maitenance;706;1.179,75;"CONECTOR REDE;PROFIBUS;90 GR;1"
31/07/2026;RTG Material Maitenance;706;452,66;"CONECTOR SENS;M16X1,5;BIND"
31/07/2026;RTG Material Maitenance;706;462,28;"CABECOTE CHAV FIM CURS;SCHNEID"
31/07/2026;RTG Material Maitenance;706;1.724,13;CORPO CHAVE FIM CURSO
31/07/2026;RTG Material Maitenance;706;1.996,50;"MODULO;KONE/V0003740"
31/07/2026;RTG Material Maitenance;706;11.849,81;"BOBINA;COMPLETA;P/FREIO;GANTRY"
31/07/2026;RTG Material Maitenance;706;8.977,53;"CODIFICADOR;ABSOLUTO;RSA 698;U"
31/07/2026;RTG Material Maitenance;706;187,37;"LUBRIFICANTE;MOLYGRAFIT/ACAERO"
31/07/2026;RTG Material Maitenance;706;7.043,55;"VENTILADOR;C/FILTRO;RTG 01-06;"
31/07/2026;RTG Material Maitenance;706;1.079,92;"DESENGRAXANTE;20L;CERTIFIED/DA"
31/07/2026;RTG Material Maitenance;706;4.895,96;"BOBINA;KONECRANES/52301642"
31/07/2026;RTG Material Maitenance;706;4.466,83;"MOTOR;ELETRICO;TROLLEY;"
31/07/2026;RTG Material Maitenance;706;2.116,31;"GRAXA;OLEO MINER;ROCOL/RDOFFSH"
31/07/2026;RTG Material Maitenance;706;90,30;"ANEL;CONEXAO; ESCAPAMENTO DA T"
31/07/2026;RTG Material Maitenance;706;165,17;"ALAVANCA;AJUSTAVEL;APLICACAO;L"
31/07/2026;RTG Material Maitenance;706;19,22;"LAMPADA LED;220-240V;16W;PHILI"
31/07/2026;RTG Material Maitenance;706;94,72;"ANEL;CONEXAO;ESCAPAMENTO C/TUR"
31/07/2026;RTG Material Maitenance;706;94,32;"FILTRO;SEPAR;CUMMINS/FS19763"
31/07/2026;RTG Material Maitenance;706;103,99;"CORREIA MIC V PF;COMP 1110MM;6"
31/07/2026;RTG Material Maitenance;706;205,02;"CORREIA;VENTILADOR;CUMMINS/178"
31/07/2026;RTG Material Maitenance;706;63,20;"CORREIA;KONECRANES/200549"
31/07/2026;RTG Material Maitenance;706;1.921,79;"BATERIA AUTO;SELAD;12V;180A"
31/07/2026;RTG Material Maitenance;706;1.981,16;OD B S-10 ADITIVADO
31/07/2026;RTG Material Maitenance;706;94,32;"FILTRO;SEPAR;CUMMINS/FS19763"
31/07/2026;RTG Material Maitenance;706;94,32;"FILTRO;SEPAR;CUMMINS/FS19763"
31/07/2026;RTG Material Maitenance;706;94,32;"FILTRO;SEPAR;CUMMINS/FS19763"
31/07/2026;RTG Material Maitenance;706;18,59;PARAFUSO SEXTAVADO FLANGEADO 8
31/07/2026;RTG Material Maitenance;706;9,93;"PARAFUSO;3/8''-15X2'';APLICACA"
31/07/2026;RTG Material Maitenance;706;739,62;"BUCHA;ENCOSTO;BASE;ALTERNADOR;APLICACAO;MOTOR;DIES"
31/07/2026;RTG Material Maitenance;706;1.861,26;ALTERNADOR 24V TRs 01 A 07 (Re
31/07/2026;RTG Material Maitenance;706;3.993,00;JOYSTICK GESSMANN/V85 B32D
31/07/2026;RTG Material Maitenance;708;445,43;"DISJUNTOR TERM;TRIP;25A;SIEMEN"
31/07/2026;RTG Material Maitenance;708;691,86;"CAIXA PROT;IP67;TERMOPL;STECK/"
31/07/2026;RTG Material Maitenance;708;1.890,25;"PAINEL CJ;ISOTRON/0110041298"
31/07/2026;RTG Material Maitenance;708;289,91;"PLUG;3P+T;MACH;32A;(3H)380/440"
31/07/2026;RTG Material Maitenance;708;306,90;"PLUG;FEM;3H;FAMATEL/24308"
31/07/2026;RTG Material Maitenance;708;16,96;"CABECOTE BOT COM ILUM;RED;VD;S"
31/07/2026;RTG Material Maitenance;708;1.445,17;"CONECTOR SOLEN;QUAD;STECK/S931"
31/07/2026;RTG Material Maitenance;708;8,00;"PROLONGADOR;20A;250V;FAME/1728"
31/07/2026;RTG Material Maitenance;708;8,00;"PROLONGADOR;20A;250V;FAME/1728"
31/07/2026;RTG Material Maitenance;709;-8.621,25;"CODIFICADOR;INCR;BID;SIEMENS/1"
31/07/2026;RTG Material Maitenance;709;130,85;"ADESIVO CONT;P/PIS;HENKEL/CASC"
31/07/2026;RTG Material Maitenance;709;205,10;"DOBRADICA;GONZO;AC;1/2POL;ARRE"
31/07/2026;RTG Material Maitenance;709;5.771,60;"OLEO LUBRIFICANTE;P/ ENGRENAGE"
31/07/2026;RTG Material Maitenance;709;4.605,25;"CJ LAMINAS P/ ACOPL;90MM;132MM"
31/07/2026;RTG Material Maitenance;709;22,78;"TUBO ESP P/AMARR;3/4POL;TRAMON"
31/07/2026;RTG Material Maitenance;709;93,68;"LUBRIFICANTE;MOLYGRAFIT/ACAERO"
31/07/2026;RTG Material Maitenance;709;2.129,07;"OLEO LUBRIF;MOTOR 15W40"
31/07/2026;RTG Material Maitenance;709;94,32;"FILTRO;SEPAR;CUMMINS/FS19763"
31/07/2026;RTG Material Maitenance;709;265,15;"FILTRO;AG;FLEETGUARD/WF2126;DO"
31/07/2026;RTG Material Maitenance;709;1.037,86;"FILTRO;DIESEL;CUMMINS/FF63010"
31/07/2026;RTG Material Maitenance;709;256,27;"FILTRO;F/R:FLEETGUARD/LF9070"
31/07/2026;RTG Material Maitenance;709;1.004,46;"SENSOR;PROXIMIDADE;FREIO;SB28;"
31/07/2026;RTG Material Maitenance;709;80,98;"BUZINA;ELET 24VCC;S/CORNETA;BO"
31/07/2026;RTG Material Maitenance;709;6.909,34;"MODULO;INTERFACE;HOMEM-MAQUINA"
31/07/2026;RTG Material Maitenance;709;8.621,25;"CODIFICADOR;INCR;BID;SIEMENS/1"
31/07/2026;RTG Material Maitenance;709;582,36;"FILTRO;AR;CUMMINS/AF25708M"
31/07/2026;RTG Material Maitenance;709;40,82;"FLUIDO LIMP CONT;WURTH/3895653"
31/07/2026;RTG Material Maitenance;710;-233,59;"SINALIZADOR LUM IND;SI;CIL;ACR"
31/07/2026;RTG Material Maitenance;710;17,20;"ADESIVO VED; INCOLOR;WURTH/089"
31/07/2026;RTG Material Maitenance;710;94,32;"FILTRO;SEPAR;CUMMINS/FS19763"
31/07/2026;RTG Material Maitenance;710;582,36;"FILTRO;AR;CUMMINS/AF25708M"
31/07/2026;RTG Material Maitenance;710;4.193,64;OD B S-10 ADITIVADO
31/07/2026;RTG Material Maitenance;710;117,89;ALCOOL ISOPROPILICO 5 LT GALAO
31/07/2026;RTG Material Maitenance;710;93,68;"LUBRIFICANTE;MOLYGRAFIT/ACAERO"
31/07/2026;RTG Material Maitenance;710;2.129,07;"OLEO LUBRIF;MOTOR 15W40"
31/07/2026;RTG Material Maitenance;710;94,32;"FILTRO;SEPAR;CUMMINS/FS19763"
31/07/2026;RTG Material Maitenance;710;265,15;"FILTRO;AG;FLEETGUARD/WF2126;DO"
31/07/2026;RTG Material Maitenance;710;256,27;"FILTRO;F/R:FLEETGUARD/LF9070"
31/07/2026;RTG Material Maitenance;710;2.116,31;"GRAXA;OLEO MINER;ROCOL/RDOFFSH"
31/07/2026;RTG Material Maitenance;710;19,53;"ADESIVO SIL ACETICO;BRANCO"
31/07/2026;RTG Material Maitenance;710;40,49;"BUZINA;ELET 24VCC;S/CORNETA;BO"
31/07/2026;RTG Material Maitenance;710;1.079,92;"DESENGRAXANTE;20L;CERTIFIED/DA"
31/07/2026;RTG Material Maitenance;710;506,33;"DESENGRAXANTE;DIELETRICO;WURTH"
31/07/2026;RTG Material Maitenance;710;10,07;"OLEO DESENGRIP;AEROSSOL 300ML;"
31/07/2026;RTG Material Maitenance;710;164,84;"PRENSA CABO;PHOENIX/1415125"
31/07/2026;RTG Material Maitenance;710;3.066,14;"PROTECAO;FREIO;FIRE/2998"
31/07/2026;RTG Material Maitenance;710;3.075,42;"CHAVE FIM CURS;ACE SCHMERSAL/M"
31/07/2026;RTG Material Maitenance;710;167,89;"TOALHA IND;BR;KIMBERLY CLARK/W"
31/07/2026;RTG Material Maitenance;711;-435,60;"CASTANHA;CABOS;ACMS;APLICACAO:"
31/07/2026;RTG Material Maitenance;711;2.421,58;"MOTOR PARTID;7,5KW;24VCC;DELCO"
31/07/2026;RTG Material Maitenance;711;94,32;"FILTRO;SEPAR;CUMMINS/FS19763"
31/07/2026;RTG Material Maitenance;711;94,32;"FILTRO;SEPAR;CUMMINS/FS19763"
31/07/2026;RTG Material Maitenance;711;30,25;"TRAVA;ARANHA;BOGGIE/KONECRANES"
31/07/2026;RTG Material Maitenance;711;332,75;"TRAVA;ARANHA;BOGGIE/KONECRANES"
31/07/2026;RTG Material Maitenance;711;3.098,45;"BOMBA;CUMMINS/5362256/4935095"
31/07/2026;RTG Material Maitenance;711;5.616,41;"BOMBA;CUMMINS/4089431RX"
31/07/2026;RTG Material Maitenance;711;420,36;"VALVULA;REGULADORA;PRESSAO;QSX15;APLICACAO:TR;KONE"
31/07/2026;RTG Material Maitenance;711;347,74;"FILTRO;TELA;CUMMINS/3090769"
31/07/2026;RTG Material Maitenance;711;94,32;"FILTRO;SEPAR;CUMMINS/FS19763"
31/07/2026;RTG Material Maitenance;711;40,82;"FLUIDO LIMP CONT;WURTH/3895653"
31/07/2026;RTG Material Maitenance;711;4.034,64;"CODIFICADOR;INCR;BID;LEINE E L"
31/07/2026;RTG Material Maitenance;711;2.236,81;"ALTERNADOR;24V;70A;24SI;DELCO;REMY;8600154;CT:13 A"
31/07/2026;RTG Material Maitenance;711;2.421,58;"MOTOR PARTID;7,5KW;24VCC;DELCO"
31/07/2026;RTG Material Maitenance;711;2.421,58;"MOTOR PARTID;7,5KW;24VCC;DELCO"
31/07/2026;RTG Material Maitenance;711;435,60;"CASTANHA;CABOS;ACMS;APLICACAO:"
31/07/2026;RTG Material Maitenance;711;1.882,44;"CABO ACO PREFORM;IPH/16MM6X41W"
31/07/2026;RTG Material Maitenance;711;1.998,48;"CABO ACO PREFORM;IPH/16MM6X41W"
31/07/2026;RTG Material Maitenance;711;1.998,48;"CABO ACO PREFORM;IPH/16MM6X41W"
31/07/2026;RTG Material Maitenance;711;1.882,44;"CABO ACO PREFORM;IPH/16MM6X41W"
31/07/2026;RTG Material Maitenance;711;319,36;"OLEO LUBRIF;MOTOR 15W40"
31/07/2026;RTG Material Maitenance;711;198,30;"RELE AUX ENC;PIN;24VCC;RELECO/"
31/07/2026;RTG Material Maitenance;711;17,90;"ESTILETE;RETRAT;LARG;AZ/AM;ABS"
31/07/2026;RTG Material Maitenance;711;34,40;"ADESIVO VED; INCOLOR;WURTH/089"
31/07/2026;RTG Material Maitenance;711;60,88;"CAIXA DERIV;TERMOPL;RET;IP55;S"
31/07/2026;RTG Material Maitenance;711;60,88;"CAIXA DERIV;TERMOPL;RET;IP55;S"
31/07/2026;RTG Material Maitenance;711;506,33;"DESENGRAXANTE;DIELETRICO;WURTH"
31/07/2026;RTG Material Maitenance;711;47,64;"TOMADA;TRILHO;DIN;20A;250VCA;A"
31/07/2026;RTG Material Maitenance;711;1.135,15;PINO POLIA AUXILIAR WINCH
31/07/2026;RTG Material Maitenance;711;5.870,48;POLIA AUXILIAR WINCH KP34-001
31/07/2026;RTG Material Maitenance;711;1.882,44;"CABO ACO PREFORM;IPH/16MM6X41W"
31/07/2026;RTG Material Maitenance;711;3.996,97;"CABO ACO PREFORM;IPH/16MM6X41W"
31/07/2026;RTG Material Maitenance;711;1.882,44;"CABO ACO PREFORM;IPH/16MM6X41W"
31/07/2026;RTG Material Maitenance;711;1.457,53;"FONTE ALIM;100/240VCA;24VCC;PH"
31/07/2026;RTG Material Maitenance;711;94,32;"FILTRO;SEPAR;CUMMINS/FS19763"
31/07/2026;RTG Material Maitenance;711;58,32;"FRASCO;PLAS;INCOL;CIL;250ML;C/"
31/07/2026;RTG Material Maitenance;711;265,15;"FILTRO;AG;FLEETGUARD/WF2126;DO"
31/07/2026;RTG Material Maitenance;711;233,98;"ELEMENTO FILTR;OLEO DIESEL;FLE"
31/07/2026;RTG Material Maitenance;711;256,27;"FILTRO;F/R:FLEETGUARD/LF9070"
31/07/2026;RTG Material Maitenance;711;187,37;"LUBRIFICANTE;MOLYGRAFIT/ACAERO"
31/07/2026;RTG Material Maitenance;711;1.012,66;"DESENGRAXANTE;DIELETRICO;WURTH"
31/07/2026;RTG Material Maitenance;711;102,05;"FLUIDO LIMP CONT;WURTH/3895653"
31/07/2026;RTG Material Maitenance;711;397,42;OD B S-10 ADITIVADO
31/07/2026;RTG Material Maitenance;711;2.129,07;"OLEO LUBRIF;MOTOR 15W40"
31/07/2026;RTG Material Maitenance;711;379,69;"BOLA;AUTOMATICA;EXTINTORA;INCE"
31/07/2026;RTG Material Maitenance;711;290,40;"TRAVA;ARANHA;FABRICADO;BOGGIE/TRANSLACAO;RTGS KONE"
31/07/2026;RTG Material Maitenance;711;425,81;"OLEO LUBRIF;MOTOR 15W40"
31/07/2026;RTG Material Maitenance;712;-1.998,48;"CABO ACO PREFORM;IPH/16MM6X41W"
31/07/2026;RTG Material Maitenance;712;-9.717,79;"PMG;GERADOR;STAMFORD;TR 11-30"
31/07/2026;RTG Material Maitenance;712;-12.896,11;"MODULO;PINTSCH BUBENZER/000677"
31/07/2026;RTG Material Maitenance;712;319,36;"OLEO LUBRIF;MOTOR 15W40"
31/07/2026;RTG Material Maitenance;712;85,42;"GRAMPO P/CAB AC;LEV;1 1/4POL;S"
31/07/2026;RTG Material Maitenance;712;9.535,54;"CABO ACO PREFORM;IPH/26MM6X41W"
31/07/2026;RTG Material Maitenance;712;9.780,29;"CABO ACO PREFORM;IPH/26MM6X41W"
31/07/2026;RTG Material Maitenance;712;3.996,97;"CABO ACO PREFORM;IPH/16MM6X41W"
31/07/2026;RTG Material Maitenance;712;1.882,44;"CABO ACO PREFORM;IPH/16MM6X41W"
31/07/2026;RTG Material Maitenance;712;383,23;"OLEO LUBRIF;MOTOR 15W40"
31/07/2026;RTG Material Maitenance;712;284,82;"ACOPLAMENTO;LOOP FLEX;ABP DKPS"
31/07/2026;RTG Material Maitenance;712;317,62;"ACOPLAMENTO;F/R:UPTECHBRASIL"
31/07/2026;RTG Material Maitenance;712;94,32;"FILTRO;SEPAR;CUMMINS/FS19763"
31/07/2026;RTG Material Maitenance;712;58,32;"FRASCO;PLAS;INCOL;CIL;250ML;C/"
31/07/2026;RTG Material Maitenance;712;265,15;"FILTRO;AG;FLEETGUARD/WF2126;DO"
31/07/2026;RTG Material Maitenance;712;233,98;"ELEMENTO FILTR;OLEO DIESEL;FLE"
31/07/2026;RTG Material Maitenance;712;256,27;"FILTRO;F/R:FLEETGUARD/LF9070"
31/07/2026;RTG Material Maitenance;712;800,69;"DESENGRAXANTE;50L;HEPTA CLEAN"
31/07/2026;RTG Material Maitenance;712;317,62;"ACOPLAMENTO;F/R:UPTECHBRASIL"
31/07/2026;RTG Material Maitenance;712;287,48;"ROLAMENTO FIX ESF;1 CAR;70X150"
31/07/2026;RTG Material Maitenance;712;43,56;"DISJUNTOR;20A;SCHNEIDER/EZ9F33"
31/07/2026;RTG Material Maitenance;712;154,27;"CABO COBRE FLEXIVEL;CL 5;BRANC"
31/07/2026;RTG Material Maitenance;712;9.717,79;"PMG;GERADOR;STAMFORD;TR 11-30"
31/07/2026;RTG Material Maitenance;712;90,75;"DRIVER;BIVOLT;GAYA/9366-60W"
31/07/2026;RTG Material Maitenance;712;1.457,53;"FONTE ALIM;100/240VCA;24VCC;PH"
31/07/2026;RTG Material Maitenance;712;40,49;"BUZINA;ELET 24VCC;S/CORNETA;BO"
31/07/2026;RTG Material Maitenance;712;998,25;"MODULO;KONE/V0003740"
31/07/2026;RTG Material Maitenance;712;40,49;"BUZINA;ELET 24VCC;S/CORNETA;BO"
31/07/2026;RTG Material Maitenance;712;8.118,58;"MODULO ELET SAI;SIEMENS/6ES732"
31/07/2026;RTG Material Maitenance;712;16,33;"LIMPADOR SUPERF;MULTI-USO;AZULIM;500ML"
31/07/2026;RTG Material Maitenance;712;30,90;"SILICONE SPRAY;MUNDIAL PRIME/A"
31/07/2026;RTG Material Maitenance;712;167,89;"TOALHA IND;BR;KIMBERLY CLARK/W"
31/07/2026;RTG Material Maitenance;712;6.485,67;"FUSIVEL NH;3;800A;690V;UR;EATO"
31/07/2026;RTG Material Maitenance;712;63.506,85;"INVERSOR;KONECRANES/52427261"
31/07/2026;RTG Material Maitenance;712;4.034,64;"CODIFICADOR;INCR;BID;LEINE E L"
31/07/2026;RTG Material Maitenance;712;12.896,11;"MODULO;PINTSCH BUBENZER/000677"
31/07/2026;RTG Material Maitenance;712;185,49;"ELEMENTO FILTR;AR SEC;DONALDSO"
31/07/2026;RTG Material Maitenance;712;332,46;"FILTRO;PRIMAR;AR;DONALDSON/P78"
31/07/2026;RTG Material Maitenance;712;287,95;"ANTENA;CAMERA;MONITOR;APLICACA"
31/07/2026;RTG Material Maitenance;712;287,95;"ANTENA;CAMERA;MONITOR;APLICACA"
31/07/2026;RTG Material Maitenance;712;10.335,34;"MOTOR;KONECRANES/MFXP200212BB5"
31/07/2026;RTG Material Maitenance;712;9.958,75;"MOTOR;KONECRANES/MF13G200210AA"
31/07/2026;RTG Material Maitenance;712;1.287,16;OD B S-10 ADITIVADO
31/07/2026;RTG Material Maitenance;712;425,81;"OLEO LUBRIF;MOTOR 15W40"
31/07/2026;RTG Material Maitenance;713;13,38;"BARRA ROSC AC INOX;AISI 304;M6"
31/07/2026;RTG Material Maitenance;713;487,38;"CABO;BLINDADO;8;VIAS;CONECTOR;"
31/07/2026;RTG Material Maitenance;713;4.034,64;"CODIFICADOR;INCR;BID;LEINE E L"
31/07/2026;RTG Material Maitenance;713;4.034,64;"CODIFICADOR;INCR;BID;LEINE E L"
31/07/2026;RTG Material Maitenance;713;1.998,48;"CABO ACO PREFORM;IPH/16MM6X41W"
31/07/2026;RTG Material Maitenance;713;111,06;"PROTETOR;CAMARA DE AR;ARO 24 P"
31/07/2026;RTG Material Maitenance;713;274,68;"CAMARA AR;14,00;ARO 24;RS"
31/07/2026;RTG Material Maitenance;713;602,88;PARAFUSO F/R:DHL/PAR-2581
31/07/2026;RTG Material Maitenance;713;9.958,75;"MOTOR;KONECRANES/MF13G200210AA"
31/07/2026;RTG Material Maitenance;713;111,06;"PROTETOR;CAMARA DE AR;ARO 24 P"
31/07/2026;RTG Material Maitenance;713;572,04;"SACO;AR;PNEU;12.00X24;EV;KONEC"
31/07/2026;RTG Material Maitenance;713;4.699,01;"BOBINA;KONECRANES/60/891.080.1"
31/07/2026;RTG Material Maitenance;713;77,11;OD B S-10 ADITIVADO
31/07/2026;RTG Material Maitenance;713;111,06;"PROTETOR;CAMARA DE AR;ARO 24 P"
31/07/2026;RTG Material Maitenance;713;319,36;"OLEO LUBRIF;MOTOR 15W40"
31/07/2026;RTG Material Maitenance;713;723,48;"TUBO;DENTADO;ALUMINIO;VEDACAO;"
31/07/2026;RTG Material Maitenance;713;94,32;"FILTRO;SEPAR;CUMMINS/FS19763"
31/07/2026;RTG Material Maitenance;713;2.654,83;"MOTOR;LOCK;PIN;REPARADO;KONECR"
31/07/2026;RTG Material Maitenance;713;287,95;"ANTENA;CAMERA;MONITOR;APLICACA"
31/07/2026;RTG Material Maitenance;713;71,29;"LIMPADOR SUPERF;LAVAGEM A SECO"
31/07/2026;RTG Material Maitenance;713;724,55;"DISJUNTOR TERM;BIP;10A;400V;SI"
31/07/2026;RTG Material Maitenance;713;330,99;"CABO CON;EXTENS;PUR PT;5M;IFM/"
31/07/2026;RTG Material Maitenance;713;6.061,22;"ACOPLAMENTO;ACO;MOTOR;GANTRY;A"
31/07/2026;RTG Material Maitenance;713;6.061,22;"ACOPLAMENTO;ACO;MOTOR;GANTRY;A"
31/07/2026;RTG Material Maitenance;714;-94,32;"FILTRO;SEPAR;CUMMINS/FS19763"
31/07/2026;RTG Material Maitenance;714;8,28;"FITA ADES CREP;BR;50MM;50M"
31/07/2026;RTG Material Maitenance;714;7,02;"SACO LIX;PVC;100L;EMBAL C/100"
31/07/2026;RTG Material Maitenance;714;599,90;"FILTRO;PRIMARIO;DIESEL;QSX15;A"
31/07/2026;RTG Material Maitenance;714;1.037,86;"FILTRO;DIESEL;CUMMINS/FF63010"
31/07/2026;RTG Material Maitenance;714;594,08;"ELEMENTO FILTR;AR;FLEETGUARD/A"
31/07/2026;RTG Material Maitenance;714;582,36;"FILTRO;AR;CUMMINS/AF25708M"
31/07/2026;RTG Material Maitenance;714;10.335,34;"MOTOR;KONECRANES/MFXP200212BB5"
31/07/2026;RTG Material Maitenance;714;149,03;"OLEO LUBRIF;MOTOR 15W40"
31/07/2026;RTG Material Maitenance;714;2.455,68;OD B S-10 ADITIVADO
31/07/2026;RTG Material Maitenance;714;572,04;"SACO;AR;PNEU;12.00X24;EV;KONEC"
31/07/2026;RTG Material Maitenance;714;111,06;"PROTETOR;CAMARA DE AR;ARO 24 P"
31/07/2026;RTG Material Maitenance;714;2.129,07;"OLEO LUBRIF;MOTOR 15W40"
31/07/2026;RTG Material Maitenance;714;94,32;"FILTRO;SEPAR;CUMMINS/FS19763"
31/07/2026;RTG Material Maitenance;714;265,15;"FILTRO;AG;FLEETGUARD/WF2126;DO"
31/07/2026;RTG Material Maitenance;714;1.037,86;"FILTRO;DIESEL;CUMMINS/FF63010"
31/07/2026;RTG Material Maitenance;714;256,27;"FILTRO;F/R:FLEETGUARD/LF9070"
31/07/2026;RTG Material Maitenance;714;1.098,70;"CAMARA AR;14,00;ARO 24;RS"
31/07/2026;RTG Material Maitenance;714;1.724,13;CORPO CHAVE FIM CURSO
31/07/2026;RTG Material Maitenance;714;368,53;"CONECTOR SENSOR;TURCK/RKC4.5T-"
31/07/2026;RTG Material Maitenance;714;362,64;"CABO CON;EXTENS;PUR PT;4M;PHOE"
31/07/2026;RTG Material Maitenance;714;30.055,08;"DISCO;HOIST;FREIO;2100NM"
31/07/2026;RTG Material Maitenance;714;1.209,64;CONECTOR SENSOR MACHO RETO
31/07/2026;RTG Material Maitenance;714;53,92;"FITA ISOL ELETR;750V;ADES;PVC;"
31/07/2026;RTG Material Maitenance;714;73,66;"FITA ISOL ELETR;69KV;3M/H00021"
31/07/2026;RTG Material Maitenance;714;7,61;"FITA ISOLANTE;3M/IMPERIAL BRAN"
31/07/2026;RTG Material Maitenance;714;7,29;"FITA ISOLANTE;3M/IMPERIAL VERM"
31/07/2026;RTG Material Maitenance;714;25,43;"ESPACADOR;CUMMINS/3092250"
31/07/2026;RTG Material Maitenance;714;25,43;"PARAFUSO;CUMMINS/3092250"
31/07/2026;RTG Material Maitenance;714;862,07;CORPO CHAVE FIM CURSO
31/07/2026;RTG Material Maitenance;714;226,33;"CONECTOR SENS;M16X1,5;BIND"
31/07/2026;RTG Material Maitenance;714;4.528,43;"CAVALETE;MANCAL;DROMO;ARMENIO/"
31/07/2026;RTG Material Maitenance;714;44,52;"ANEL;TRAVA;INTER;;ANELBRAS/J16"
31/07/2026;RTG Material Maitenance;714;11,90;"ANEL;TRAVA;EXTERNO;90X3;DIN471"
31/07/2026;RTG Material Maitenance;714;1.730,47;"ROLAMENTO AUTOC ROL;RAD/AXI;AC"
31/07/2026;RTG Material Maitenance;714;127,05;"ANEL;NILOS;TIPO:JV;P/ROLAMENTO"
31/07/2026;RTG Material Maitenance;714;2.531,93;"EIXO;MANCAL;DROMO;GRUPO ARMENI"
31/07/2026;RTG Material Maitenance;714;26.347,75;INVERSOR DYNAC VECTOR II D2C04
31/07/2026;RTG Material Maitenance;714;1.287,60;"FUSIVEL NH;000;250A;690V;UR;BU"
31/07/2026;RTG Material Maitenance;714;449,19;"ADITIVO;P/ RADIADOR;COR:AZUL"
31/07/2026;RTG Material Maitenance;714;4.890,15;"CABO ACO PREFORM;IPH/26MM6X41W"
31/07/2026;RTG Material Maitenance;715;4.077,79;"VENTILADOR;9PAS.;MOTOR;DIESEL;"
31/07/2026;RTG Material Maitenance;715;1.122,99;"ADITIVO;P/ RADIADOR;COR:AZUL"
31/07/2026;RTG Material Maitenance;715;1.882,44;"CABO ACO PREFORM;IPH/16MM6X41W"
31/07/2026;RTG Material Maitenance;715;2.097,48;"RADIADOR;D’AGUA;TR KONE;11-20"
31/07/2026;RTG Material Maitenance;715;800,69;"DESENGRAXANTE;50L;HEPTA CLEAN"
31/07/2026;RTG Material Maitenance;715;909,51;"LUMINARIA;LATINA/LT.BIL.A050.60"
31/07/2026;RTG Material Maitenance;715;20,14;"OLEO DESENGRIP;AEROSSOL 300ML;"
31/07/2026;RTG Material Maitenance;715;94,32;"FILTRO;SEPAR;CUMMINS/FS19763"
31/07/2026;RTG Material Maitenance;715;58,32;"FRASCO;PLAS;INCOL;CIL;250ML;C/"
31/07/2026;RTG Material Maitenance;715;265,15;"FILTRO;AG;FLEETGUARD/WF2126;DO"
31/07/2026;RTG Material Maitenance;715;233,98;"ELEMENTO FILTR;OLEO DIESEL;FLE"
31/07/2026;RTG Material Maitenance;715;256,27;"FILTRO;F/R:FLEETGUARD/LF9070"
31/07/2026;RTG Material Maitenance;715;10,11;"ANEL ELASTICO;FURO;35MM;DOBER"
31/07/2026;RTG Material Maitenance;715;1.724,13;CORPO CHAVE FIM CURSO
31/07/2026;RTG Material Maitenance;715;226,33;"CONECTOR SENS;M16X1,5;BIND"
31/07/2026;RTG Material Maitenance;715;49,25;"PARAFUSO;ALLEN;M12X60;ROSCA:1."
31/07/2026;RTG Material Maitenance;715;1.316,55;"OLEO DIESEL;500MG/KG;FR 1L"
31/07/2026;RTG Material Maitenance;715;1.882,44;"CABO ACO PREFORM;IPH/16MM6X41W"
31/07/2026;RTG Material Maitenance;715;185,49;"ELEMENTO FILTR;AR SEC;DONALDSO"
31/07/2026;RTG Material Maitenance;715;94,32;"FILTRO;SEPAR;CUMMINS/FS19763"
31/07/2026;RTG Material Maitenance;715;332,46;"FILTRO;PRIMAR;AR;DONALDSON/P78"
31/07/2026;RTG Material Maitenance;715;1.916,16;"OLEO LUBRIF;MOTOR 15W40"
31/07/2026;RTG Material Maitenance;715;299,46;"ADITIVO;P/ RADIADOR;COR:AZUL"
31/07/2026;RTG Material Maitenance;715;212,91;"OLEO LUBRIF;MOTOR 15W40"
31/07/2026;RTG Material Maitenance;715;63,87;"OLEO LUBRIF;MOTOR 15W40"
31/07/2026;RTG Material Maitenance;716;-261,01;"TAMPA PROTECAO;F/R:IFM/E73004"
31/07/2026;RTG Material Maitenance;716;-4.034,64;"CODIFICADOR;INCR;BID;LEINE E L"
31/07/2026;RTG Material Maitenance;716;-2.231,42;"TENSIONADOR;CUMMINS/3691282"
31/07/2026;RTG Material Maitenance;716;-236,11;"ELEMENTO;FILTRO;RESPIRO;TANQUE"
31/07/2026;RTG Material Maitenance;716;10.335,34;"MOTOR;KONECRANES/MFXP200212BB5"
31/07/2026;RTG Material Maitenance;716;9.583,52;"CABO;P/ ESTEIRA PORTA CABO; ES"
31/07/2026;RTG Material Maitenance;716;602,88;PARAFUSO F/R:DHL/PAR-2581
31/07/2026;RTG Material Maitenance;716;19,53;"ADESIVO SIL ACETICO;BRANCO"
31/07/2026;RTG Material Maitenance;716;10,07;"OLEO DESENGRIP;AEROSSOL 300ML;"
31/07/2026;RTG Material Maitenance;716;20,41;"FLUIDO LIMP CONT;WURTH/3895653"
31/07/2026;RTG Material Maitenance;716;10.335,34;"MOTOR;KONECRANES/MFXP200212BB5"
31/07/2026;RTG Material Maitenance;716;18,15;"BLOCO CONT BOT COM;1NF;10A;660"
31/07/2026;RTG Material Maitenance;716;261,01;"TAMPA PROTECAO;F/R:IFM/E73004"
31/07/2026;RTG Material Maitenance;716;378,98;"RELE;AUXILIAR;ENCAIXE;RELECO/C"
31/07/2026;RTG Material Maitenance;716;378,98;"RELE;AUXILIAR;ENCAIXE;RELECO/C"
31/07/2026;RTG Material Maitenance;716;378,98;"RELE;AUXILIAR;ENCAIXE;RELECO/C"
31/07/2026;RTG Material Maitenance;716;449,90;"TAMPA PROTECÃO;KAPSTO/GPN800"
31/07/2026;RTG Material Maitenance;716;6.298,28;"RADIADOR;AGUA;APLICACAO;GR"
31/07/2026;RTG Material Maitenance;716;10.335,34;"MOTOR;KONECRANES/MFXP200212BB5"
31/07/2026;RTG Material Maitenance;716;4.034,64;"CODIFICADOR;INCR;BID;LEINE E L"
31/07/2026;RTG Material Maitenance;716;440,79;"SUPORTE;LEINE LINDE/534184-01"
31/07/2026;RTG Material Maitenance;716;4.034,64;"CODIFICADOR;INCR;BID;LEINE E L"
31/07/2026;RTG Material Maitenance;716;94,91;OD B S-10 ADITIVADO
31/07/2026;RTG Material Maitenance;716;598,58;"SENSOR;BIDUK I1CF-M1808P-O3U2"
31/07/2026;RTG Material Maitenance;716;413,11;"SENSOR;TURCK/BI4U-M12-AP6X;KON"
31/07/2026;RTG Material Maitenance;716;641,04;"BLOCO CONT AUX TEMPORIZ;SCHNEI"
31/07/2026;RTG Material Maitenance;716;53,92;"FITA ISOL ELETR;750V;ADES;PVC;"
31/07/2026;RTG Material Maitenance;716;4.034,64;"CODIFICADOR;INCR;BID;LEINE E L"
31/07/2026;RTG Material Maitenance;716;228,28;"FILTRO;HIDR;OLEO;PARKER/G04260"
31/07/2026;RTG Material Maitenance;716;2.129,07;"OLEO LUBRIF;MOTOR 15W40"
31/07/2026;RTG Material Maitenance;716;94,32;"FILTRO;SEPAR;CUMMINS/FS19763"
31/07/2026;RTG Material Maitenance;716;265,15;"FILTRO;AG;FLEETGUARD/WF2126;DO"
31/07/2026;RTG Material Maitenance;716;256,27;"FILTRO;F/R:FLEETGUARD/LF9070"
31/07/2026;RTG Material Maitenance;716;550,02;"ESCADA;AL;13 DEGR;4M;LARG;46CM"
31/07/2026;RTG Material Maitenance;716;2.634,78;"PROTECAO;BOOGIE;KONECRANES/KM3"
31/07/2026;RTG Material Maitenance;717;379,69;"BOLA;AUTOMATICA;EXTINTORA;INCE"
31/07/2026;RTG Material Maitenance;717;13,38;"BARRA ROSC AC INOX;AISI 304;M6"
31/07/2026;RTG Material Maitenance;717;301,44;PARAFUSO F/R:DHL/PAR-2581
31/07/2026;RTG Material Maitenance;717;313,27;"CUICA;FREIO;8POL;TRABALHO;HAST"
31/07/2026;RTG Material Maitenance;718;22.188,37;"RODA LD CARRO/TROLLEY;53213853"
31/07/2026;RTG Material Maitenance;718;379,69;"BOLA;AUTOMATICA;EXTINTORA;INCE"
31/07/2026;RTG Material Maitenance;718;167,89;"TOALHA IND;BR;KIMBERLY CLARK/W"
31/07/2026;RTG Material Maitenance;718;106,93;"BARRA ROSC AC INOX;AISI 304;M2"
31/07/2026;RTG Material Maitenance;718;15,55;"PORCA;SEXT;M20X2,50;16MM;SAE10"
31/07/2026;RTG Material Maitenance;718;1.079,92;"DESENGRAXANTE;20L;CERTIFIED/DA"
31/07/2026;RTG Material Maitenance;718;571,66;"PARAFUSO ESTOJ;M22X1,5X42MM;PA"
31/07/2026;RTG Material Maitenance;718;1.856,59;OD B S-10 ADITIVADO
31/07/2026;RTG Material Maitenance;718;10.597,69;"INVERSOR;KONECRANES/D2C005FT58"
31/07/2026;RTG Material Maitenance;718;10.597,69;"INVERSOR;KONECRANES/D2C005FT58"
31/07/2026;RTG Material Maitenance;718;9.958,75;"MOTOR;KONECRANES/MF13G200210AA"
31/07/2026;RTG Material Maitenance;718;85,16;"OLEO LUBRIF;MOTOR 15W40"
31/07/2026;RTG Material Maitenance;718;575,89;"ANTENA;CAMERA;MONITOR;APLICACA"
31/07/2026;RTG Material Maitenance;718;19,53;"ADESIVO SIL ACETICO;BRANCO"
31/07/2026;RTG Material Maitenance;718;1.738,76;"DISCO;DE FREIO;FREMAG/REPARADO"
31/07/2026;RTG Material Maitenance;718;10.597,69;"INVERSOR;KONECRANES/D2C005FT58"
31/07/2026;RTG Material Maitenance;718;94,32;"FILTRO;SEPAR;CUMMINS/FS19763"
31/07/2026;RTG Material Maitenance;718;582,36;"FILTRO;AR;CUMMINS/AF25708M"
31/07/2026;RTG Material Maitenance;719;-94,32;"FILTRO;SEPAR;CUMMINS/FS19763"
31/07/2026;RTG Material Maitenance;719;333,17;"PROTETOR;CAMARA DE AR;ARO 24 P"
31/07/2026;RTG Material Maitenance;719;1.144,08;"SACO;AR;PNEU;12.00X24;EV;KONEC"
31/07/2026;RTG Material Maitenance;719;2.421,58;"MOTOR PARTID;7,5KW;24VCC;DELCO"
31/07/2026;RTG Material Maitenance;719;94,32;"FILTRO;SEPAR;CUMMINS/FS19763"
31/07/2026;RTG Material Maitenance;719;58,32;"FRASCO;PLAS;INCOL;CIL;250ML;C/"
31/07/2026;RTG Material Maitenance;719;265,15;"FILTRO;AG;FLEETGUARD/WF2126;DO"
31/07/2026;RTG Material Maitenance;719;233,98;"ELEMENTO FILTR;OLEO DIESEL;FLE"
31/07/2026;RTG Material Maitenance;719;256,27;"FILTRO;F/R:FLEETGUARD/LF9070"
31/07/2026;RTG Material Maitenance;719;998,25;"MODULO;KONE/V0003740"
31/07/2026;RTG Material Maitenance;719;7.582,89;"MONITOR IHM;RS 232C;TFT;PRO-FA"
31/07/2026;RTG Material Maitenance;719;6.312,65;"FREIO;GANTRY/TRANSLADO;TR-11-2"
31/07/2026;RTG Material Maitenance;719;723,48;"TUBO;DENTADO;ALUMINIO;VEDACAO;"
31/07/2026;RTG Material Maitenance;719;256,27;"FILTRO;F/R:FLEETGUARD/LF9070"
31/07/2026;RTG Material Maitenance;719;2.264,47;"OLEO DIESEL;500MG/KG;FR 1L"
31/07/2026;RTG Material Maitenance;719;425,81;"OLEO LUBRIF;MOTOR 15W40"
31/07/2026;RTG Material Maitenance;719;4.528,43;"CAVALETE;MANCAL;DROMO;ARMENIO/"
31/07/2026;RTG Material Maitenance;719;127,05;"ANEL;NILOS;TIPO:JV;P/ROLAMENTO"
31/07/2026;RTG Material Maitenance;719;11,90;"ANEL;TRAVA;EXTERNO;90X3;DIN471"
31/07/2026;RTG Material Maitenance;719;1.730,47;"ROLAMENTO AUTOC ROL;RAD/AXI;AC"
31/07/2026;RTG Material Maitenance;719;44,52;"ANEL;TRAVA;INTER;;ANELBRAS/J16"
31/07/2026;RTG Material Maitenance;719;7.024,67;"MOTOR;SEW;EURODRIVE;ABERTURA;F"
31/07/2026;RTG Material Maitenance;720;49,61;"ADESIVO EPOXI;LIQ;BRASCOLA/ARA"
31/07/2026;RTG Material Maitenance;720;26.347,75;INVERSOR DYNAC VECTOR II D2C04
31/07/2026;RTG Material Maitenance;720;4.513,91;"CABO;COBRE;1X185MM2;TEMPERA;FL"
31/07/2026;RTG Material Maitenance;720;9.780,29;"CABO ACO PREFORM;IPH/26MM6X41W"
31/07/2026;RTG Material Maitenance;720;7,69;"FITA ISOLANTE;3M/IMPERIAL VERD"
31/07/2026;RTG Material Maitenance;720;7,29;"FITA ISOLANTE;3M/IMPERIAL VERM"
31/07/2026;RTG Material Maitenance;720;7,81;"FITA ISOLANTE;3M/IMPERIAL AMAR"
31/07/2026;RTG Material Maitenance;720;7,61;"FITA ISOLANTE;3M/IMPERIAL BRAN"
31/07/2026;RTG Material Maitenance;720;65,60;"REFIL P/MACARIC PORT GAS;TURBO"
31/07/2026;RTG Material Maitenance;720;544,52;"RELE AUX ENC;SOQ;115VCA;RELECO"
31/07/2026;RTG Material Maitenance;720;526,35;"FUSIVEL NH;000;63A;690V;UR;BUS"
31/07/2026;RTG Material Maitenance;721;94,32;"FILTRO;SEPAR;CUMMINS/FS19763"
31/07/2026;RTG Material Maitenance;721;332,46;"FILTRO;PRIMAR;AR;DONALDSON/P78"
31/07/2026;RTG Material Maitenance;721;94,32;"FILTRO;SEPAR;CUMMINS/FS19763"
31/07/2026;RTG Material Maitenance;721;185,49;"ELEMENTO FILTR;AR SEC;DONALDSO"
31/07/2026;RTG Material Maitenance;721;332,46;"FILTRO;PRIMAR;AR;DONALDSON/P78"
31/07/2026;RTG Material Maitenance;721;94,32;"FILTRO;SEPAR;CUMMINS/FS19763"
31/07/2026;RTG Material Maitenance;721;3.949,65;"OLEO DIESEL;500MG/KG;FR 1L"
31/07/2026;RTG Material Maitenance;721;94,32;"FILTRO;SEPAR;CUMMINS/FS19763"
31/07/2026;RTG Material Maitenance;721;85,29;"JUNTA;COLETOR;CUMMINS/4907447"
31/07/2026;RTG Material Maitenance;721;2.129,07;"OLEO LUBRIF;MOTOR 15W40"
31/07/2026;RTG Material Maitenance;721;94,32;"FILTRO;SEPAR;CUMMINS/FS19763"
31/07/2026;RTG Material Maitenance;721;45,22;"FILTRO;DO OLEO HID;P556005"
31/07/2026;RTG Material Maitenance;721;265,15;"FILTRO;AG;FLEETGUARD/WF2126;DO"
31/07/2026;RTG Material Maitenance;721;233,98;"ELEMENTO FILTR;OLEO DIESEL;FLE"
31/07/2026;RTG Material Maitenance;721;256,27;"FILTRO;F/R:FLEETGUARD/LF9070"
31/07/2026;RTG Material Maitenance;721;2.116,31;"GRAXA;OLEO MINER;ROCOL/RDOFFSH"
31/07/2026;RTG Material Maitenance;721;170,57;"JUNTA;COLETOR;CUMMINS/4907447"
31/07/2026;RTG Material Maitenance;721;1.012,66;"DESENGRAXANTE;DIELETRICO;WURTH"
31/07/2026;RTG Material Maitenance;721;71,39;"ISOLANTE LIQ;EPOXI;PT;LAT 200M"
31/07/2026;RTG Material Maitenance;721;7,72;"FITA ISOLANTE;3M/IMPERIAL AZUL"
31/07/2026;RTG Material Maitenance;721;7,69;"FITA ISOLANTE;3M/IMPERIAL VERD"
31/07/2026;RTG Material Maitenance;721;7,81;"FITA ISOLANTE;3M/IMPERIAL AMAR"
31/07/2026;RTG Material Maitenance;721;94,32;"FILTRO;SEPAR;CUMMINS/FS19763"
31/07/2026;RTG Material Maitenance;721;332,46;"FILTRO;PRIMAR;AR;DONALDSON/P78"
31/07/2026;RTG Material Maitenance;721;317,62;"ACOPLAMENTO;F/R:UPTECHBRASIL"
31/07/2026;RTG Material Maitenance;721;94,32;"FILTRO;SEPAR;CUMMINS/FS19763"
31/07/2026;RTG Material Maitenance;721;2.421,58;"MOTOR PARTID;7,5KW;24VCC;DELCO"
31/07/2026;RTG Material Maitenance;721;23,14;"QUEROSENE;FR 1L"
31/07/2026;RTG Material Maitenance;721;3.005,03;"AMORTECEDOR;COXIM;VIBRACAO;MOTOR;DIESEL;GERADOR;TR"
31/07/2026;RTG Material Maitenance;721;24.537,77;"GERADOR; POTENCIA: 563KVA; COR"
31/07/2026;RTG Material Maitenance;721;3.774,25;TURBO COMPRESSOR 3104768 QSX15
31/07/2026;RTG Material Maitenance;721;880,24;"RETENTOR CJ;CUMMINS/4965569"
31/07/2026;RTG Material Maitenance;721;94,32;"FILTRO;SEPAR;CUMMINS/FS19763"
31/07/2026;RTG Material Maitenance;721;4.332,81;"REGULADOR TENS;5A;STAMFORD;AVR"
31/07/2026;RTG Material Maitenance;722;-185,49;"ELEMENTO FILTR;AR SEC;DONALDSO"
31/07/2026;RTG Material Maitenance;722;10.006,50;"IHM SIMATIC;6AV66430AA011AX0"
31/07/2026;RTG Material Maitenance;722;94,32;"FILTRO;SEPAR;CUMMINS/FS19763"
31/07/2026;RTG Material Maitenance;722;58,32;"FRASCO;PLAS;INCOL;CIL;250ML;C/"
31/07/2026;RTG Material Maitenance;722;45,22;"FILTRO;DO OLEO HID;P556005"
31/07/2026;RTG Material Maitenance;722;265,15;"FILTRO;AG;FLEETGUARD/WF2126;DO"
31/07/2026;RTG Material Maitenance;722;233,98;"ELEMENTO FILTR;OLEO DIESEL;FLE"
31/07/2026;RTG Material Maitenance;722;256,27;"FILTRO;F/R:FLEETGUARD/LF9070"
31/07/2026;RTG Material Maitenance;722;185,49;"ELEMENTO FILTR;AR SEC;DONALDSO"
31/07/2026;RTG Material Maitenance;722;332,46;"FILTRO;PRIMAR;AR;DONALDSON/P78"
31/07/2026;RTG Material Maitenance;722;93,68;"LUBRIFICANTE;MOLYGRAFIT/ACAERO"
31/07/2026;RTG Material Maitenance;722;31,54;"GRAXA;NAUTICA;LIT;INGRAX/UNILI"
31/07/2026;RTG Material Maitenance;722;256,27;"FILTRO;F/R:FLEETGUARD/LF9070"
31/07/2026;RTG Material Maitenance;722;861,54;"TERMINAL ESF;BROMMA/BR1001580;"
31/07/2026;RTG Material Maitenance;722;5.074,77;"EIXO;F/R:KALMAR/ JP106555"
31/07/2026;RTG Material Maitenance;722;94,32;"FILTRO;SEPAR;CUMMINS/FS19763"
31/07/2026;RTG Material Maitenance;722;8.838,67;"CABO ACO PREFORM;26MM;8X31"
31/07/2026;RTG Material Maitenance;722;3.686,34;"OLEO DIESEL;500MG/KG;FR 1L"
31/07/2026;RTG Material Maitenance;722;94,32;"FILTRO;SEPAR;CUMMINS/FS19763"
31/07/2026;RTG Material Maitenance;722;777,56;"SENSOR; F/R:IFM/IIT212"
31/07/2026;RTG Material Maitenance;722;379,69;"BOLA;AUTOMATICA;EXTINTORA;INCE"
31/07/2026;RTG Material Maitenance;722;94,32;"FILTRO;SEPAR;CUMMINS/FS19763"
31/07/2026;RTG Material Maitenance;722;17,97;"CADEADO;LAT MACIC;25MM;S/INVOL"
31/07/2026;RTG Material Maitenance;722;212,91;"OLEO LUBRIF;MOTOR 15W40"
31/07/2026;RTG Material Maitenance;723;105,41;"EMENDA;CORRENTE;F/R:DAIDO/16-B"
31/07/2026;RTG Material Maitenance;723;460,81;"SENSOR;PINO;TWISTLOCK;KALMAR/J"
31/07/2026;RTG Material Maitenance;723;7,79;PILHA(AAA) CONJUNTO 2 UNIDADES
31/07/2026;RTG Material Maitenance;723;1.012,66;"DESENGRAXANTE;DIELETRICO;WURTH"
31/07/2026;RTG Material Maitenance;723;2.129,07;"OLEO LUBRIF;MOTOR 15W40"
31/07/2026;RTG Material Maitenance;723;94,32;"FILTRO;SEPAR;CUMMINS/FS19763"
31/07/2026;RTG Material Maitenance;723;45,22;"FILTRO;DO OLEO HID;P556005"
31/07/2026;RTG Material Maitenance;723;265,15;"FILTRO;AG;FLEETGUARD/WF2126;DO"
31/07/2026;RTG Material Maitenance;723;233,98;"ELEMENTO FILTR;OLEO DIESEL;FLE"
31/07/2026;RTG Material Maitenance;723;256,27;"FILTRO;F/R:FLEETGUARD/LF9070"
31/07/2026;RTG Material Maitenance;723;379,69;"BOLA;AUTOMATICA;EXTINTORA;INCE"
31/07/2026;RTG Material Maitenance;723;1.537,71;"CHAVE FIM CURS;ACE SCHMERSAL/M"
31/07/2026;RTG Material Maitenance;723;82,42;"PRENSA CABO;PHOENIX/1415125"
31/07/2026;RTG Material Maitenance;723;5.311,56;"CILINDRO;BROMMA/BR1001131"
31/07/2026;RTG Material Maitenance;723;30.383,92;"MODULO;ELETRONICO;CONTROLE;APLICACAO:MOTOR;DIESEL;"
31/07/2026;RTG Material Maitenance;723;1.341,99;"SENSOR;BOSCH/4921473"
31/07/2026;RTG Material Maitenance;723;11.550,43;"ATUADOR;FREIO;ELETRO-HIDRAULIC"
31/07/2026;RTG Material Maitenance;724;1.207,89;"OLEO;HIDIDRAULICO;HVLP 68"
31/07/2026;RTG Material Maitenance;724;40,82;"FLUIDO LIMP CONT;WURTH/3895653"
31/07/2026;RTG Material Maitenance;724;212,91;"OLEO LUBRIF;MOTOR 15W40"
31/07/2026;RTG Material Maitenance;724;2.129,07;"OLEO LUBRIF;MOTOR 15W40"
31/07/2026;RTG Material Maitenance;724;1.048,12;"ADITIVO;P/ RADIADOR;COR:AZUL"
31/07/2026;RTG Material Maitenance;724;94,32;"FILTRO;SEPAR;CUMMINS/FS19763"
31/07/2026;RTG Material Maitenance;724;45,22;"FILTRO;DO OLEO HID;P556005"
31/07/2026;RTG Material Maitenance;724;265,15;"FILTRO;AG;FLEETGUARD/WF2126;DO"
31/07/2026;RTG Material Maitenance;724;233,98;"ELEMENTO FILTR;OLEO DIESEL;FLE"
31/07/2026;RTG Material Maitenance;724;256,27;"FILTRO;F/R:FLEETGUARD/LF9070"
31/07/2026;RTG Material Maitenance;724;185,49;"ELEMENTO FILTR;AR SEC;DONALDSO"
31/07/2026;RTG Material Maitenance;724;332,46;"FILTRO;PRIMAR;AR;DONALDSON/P78"
31/07/2026;RTG Material Maitenance;724;379,69;"BOLA;AUTOMATICA;EXTINTORA;INCE"
31/07/2026;RTG Material Maitenance;724;800,69;"DESENGRAXANTE;50L;HEPTA CLEAN"
31/07/2026;RTG Material Maitenance;724;1.927,07;"SENSOR;INDUTIVO;IFM/IG6567"
31/07/2026;RTG Material Maitenance;724;750,26;"SENSOR PROX INDUT;10MM;NBB1030"
31/07/2026;RTG Material Maitenance;724;80,98;"BUZINA;ELET 24VCC;S/CORNETA;BO"
31/07/2026;RTG Material Maitenance;724;820,99;"TINTA;CINZA;RAL7001;PU;JOTUN"
31/07/2026;RTG Material Maitenance;724;46,28;"QUEROSENE;FR 1L"
31/07/2026;RTG Material Maitenance;724;231,89;"PARAFUSO;SEXTAVADO;M20X80MM;PA"
31/07/2026;RTG Material Maitenance;724;1.012,66;"DESENGRAXANTE;DIELETRICO;WURTH"
31/07/2026;RTG Material Maitenance;724;1.788,32;"FLIPPER;YTS45;APLICACAO;SPREAD"
31/07/2026;RTG Material Maitenance;724;9,96;"TAMPA;TRINK/R5003"
31/07/2026;RTG Material Maitenance;724;117,62;"FIBRA LIMPEZA;BRALIMPIA/FG260"
31/07/2026;RTG Material Maitenance;724;291,82;"LIMPADOR SUPERF;VIDR;LIQ;FR 50"
31/07/2026;RTG Material Maitenance;724;1.537,71;"CHAVE FIM CURS;ACE SCHMERSAL/M"
31/07/2026;RTG Material Maitenance;724;30.329,10;"CORRENTE TRANSM;DU;DIN 16B-2;2"
31/07/2026;RTG Material Maitenance;724;19.593,60;"CAIXA;ENGRENAGEM; RTGS KALMAR"
31/07/2026;RTG Material Maitenance;724;316,22;"EMENDA;CORRENTE;F/R:DAIDO/16-B"
31/07/2026;RTG Material Maitenance;724;82,42;"PRENSA CABO;PHOENIX/1415125"
31/07/2026;RTG Material Maitenance;724;1.250,54;"DESLIZANTE;CORRENTE;CARRO"
31/07/2026;RTG Material Maitenance;724;1.006,58;"OLEO;HIDIDRAULICO;HVLP 68"
31/07/2026;RTG Material Maitenance;724;737,58;"OLEO LUBRIF;TRANS;S1;ATF-TASA"
31/07/2026;RTG Material Maitenance;724;63,08;"GRAXA;NAUTICA;LIT;INGRAX/UNILI"
31/07/2026;RTG Material Maitenance;725;77,30;"PARAFUSO;SEXTAVADO;M20X80MM;PA"
31/07/2026;RTG Material Maitenance;725;167,63;"DISCO CORTE;WURTH/0664115232"
31/07/2026;RTG Material Maitenance;725;753,95;"TINTA;AZUL CLARO;RAL5012;JOTUN"
31/07/2026;RTG Material Maitenance;725;94,32;"FILTRO;SEPAR;CUMMINS/FS19763"
31/07/2026;RTG Material Maitenance;725;58,32;"FRASCO;PLAS;INCOL;CIL;250ML;C/"
31/07/2026;RTG Material Maitenance;725;45,22;"FILTRO;DO OLEO HID;P556005"
31/07/2026;RTG Material Maitenance;725;265,15;"FILTRO;AG;FLEETGUARD/WF2126;DO"
31/07/2026;RTG Material Maitenance;725;233,98;"ELEMENTO FILTR;OLEO DIESEL;FLE"
31/07/2026;RTG Material Maitenance;725;256,27;"FILTRO;F/R:FLEETGUARD/LF9070"
31/07/2026;RTG Material Maitenance;725;1.079,92;"DESENGRAXANTE;20L;CERTIFIED/DA"
31/07/2026;RTG Material Maitenance;725;1.916,75;"BOTAO EMERGENCIA;BANNER/SSA-EB"
31/07/2026;RTG Material Maitenance;725;89,95;"BLOCO;CONTATO;SIEMENS/3SU1400"
31/07/2026;RTG Material Maitenance;725;17,90;"ESTILETE;RETRAT;LARG;AZ/AM;ABS"
31/07/2026;RTG Material Maitenance;725;256,27;"FILTRO;F/R:FLEETGUARD/LF9070"
31/07/2026;RTG Material Maitenance;725;4.901,47;"BOMBA;CUMMINS/5473363"
31/07/2026;RTG Material Maitenance;725;3.774,25;TURBO COMPRESSOR 3104768 QSX15
31/07/2026;RTG Material Maitenance;725;94,32;"FILTRO;SEPAR;CUMMINS/FS19763"
31/07/2026;RTG Material Maitenance;725;94,32;"FILTRO;SEPAR;CUMMINS/FS19763"
31/07/2026;RTG Material Maitenance;725;4.212,96;"OLEO DIESEL;500MG/KG;FR 1L"
31/07/2026;RTG Material Maitenance;725;7.719,60;"CABO ACO PREFORM;IPH/26MM 8X31"
31/07/2026;RTG Material Maitenance;725;7.719,60;"CABO ACO PREFORM;IPH/26MM 8X31"
31/07/2026;RTG Material Maitenance;725;379,69;"BOLA;AUTOMATICA;EXTINTORA;INCE"
31/07/2026;RTG Material Maitenance;725;94,32;"FILTRO;SEPAR;CUMMINS/FS19763"
31/07/2026;RTG Material Maitenance;726;94,32;"FILTRO;SEPAR;CUMMINS/FS19763"
31/07/2026;RTG Material Maitenance;726;559,84;"CONECTOR RED;90GR;SIEMENS/6ES7"
31/07/2026;RTG Material Maitenance;726;4.115,04;"BOBINA;SB17 MX 133 – 380V"
31/07/2026;RTG Material Maitenance;726;4.508,02;OD B S-10 ADITIVADO
31/07/2026;RTG Material Maitenance;726;377,25;"VALVULA;TERM;CUMMINS/4336659"
31/07/2026;RTG Material Maitenance;726;332,46;"FILTRO;PRIMAR;AR;DONALDSON/P78"
31/07/2026;RTG Material Maitenance;726;265,15;"FILTRO;AG;FLEETGUARD/WF2126;DO"
31/07/2026;RTG Material Maitenance;726;94,32;"FILTRO;SEPAR;CUMMINS/FS19763"
31/07/2026;RTG Material Maitenance;726;94,32;"FILTRO;SEPAR;CUMMINS/FS19763"
31/07/2026;RTG Material Maitenance;726;332,46;"FILTRO;PRIMAR;AR;DONALDSON/P78"
31/07/2026;RTG Material Maitenance;726;94,32;"FILTRO;SEPAR;CUMMINS/FS19763"
31/07/2026;RTG Material Maitenance;726;40,49;"BUZINA;ELET 24VCC;S/CORNETA;BO"
31/07/2026;RTG Material Maitenance;726;4.909,57;IHM:OPERADOR:CABINE:RTG-21-30
31/07/2026;RTG Material Maitenance;726;170,19;"JUNTA;CUMMINS/3171368"
31/07/2026;RTG Material Maitenance;726;53,92;"FITA ISOL ELETR;750V;ADES;PVC;"
31/07/2026;RTG Material Maitenance;726;73,66;"FITA ISOL ELETR;69KV;3M/H00021"
31/07/2026;RTG Material Maitenance;726;71,87;"CADEADO;LAT MACIC;25MM;S/INVOL"
31/07/2026;RTG Material Maitenance;727;-173,49;"CONECTOR;MACHO;90º;PROFIBUS;5-"
31/07/2026;RTG Material Maitenance;727;-27.378,15;"MODULO;BROMMA/BR1703273"
31/07/2026;RTG Material Maitenance;727;69,83;"ROLO PINTURA;TIGRE/1383"
31/07/2026;RTG Material Maitenance;727;682,29;"CONECTOR P/CAB COMUNIC RED;6ES"
31/07/2026;RTG Material Maitenance;727;921,62;"SENSOR;PINO;TWISTLOCK;KALMAR/J"
31/07/2026;RTG Material Maitenance;727;7,02;"SACO LIX;PVC;100L;EMBAL C/100"
31/07/2026;RTG Material Maitenance;727;80,88;"FITA ISOL ELETR;750V;ADES;PVC;"
31/07/2026;RTG Material Maitenance;727;173,49;"CONECTOR;MACHO;90º;PROFIBUS;5-"
31/07/2026;RTG Material Maitenance;727;1.179,75;"CONECTOR REDE;PROFIBUS;90 GR;1"
31/07/2026;RTG Material Maitenance;727;94,32;"FILTRO;SEPAR;CUMMINS/FS19763"
31/07/2026;RTG Material Maitenance;727;1.681,90;"CONVERSOR; KALMAR/JP104448"
31/07/2026;RTG Material Maitenance;727;245,02;"CABO CU FLEX;CL 5;1X2,50MM"
31/07/2026;RTG Material Maitenance;727;245,03;"CABO COBRE FLEXIVEL;CL 5; AZUL"
31/07/2026;RTG Material Maitenance;727;61,23;"FLUIDO LIMP CONT;WURTH/3895653"
31/07/2026;RTG Material Maitenance;727;1.499,66;"VALVULA;CUMMINS/3348322"
31/07/2026;RTG Material Maitenance;727;27.378,15;"MODULO;BROMMA/BR1703273"
31/07/2026;RTG Material Maitenance;727;2.077,13;"CABO;F/R: BROMMA/1028280"
31/07/2026;RTG Material Maitenance;727;764,49;"CABO;BROMMA/1016668"
31/07/2026;RTG Material Maitenance;727;2.421,58;"MOTOR PARTID;7,5KW;24VCC;DELCO"
31/07/2026;RTG Material Maitenance;727;469,18;"HASTE;F/R: BROMMA/BR1000810"
31/07/2026;RTG Material Maitenance;727;94,32;"FILTRO;SEPAR;CUMMINS/FS19763"
31/07/2026;RTG Material Maitenance;727;94,32;"FILTRO;SEPAR;CUMMINS/FS19763"
31/07/2026;RTG Material Maitenance;728;-130,50;"TAMPA PROTECAO;F/R:IFM/E73004"
31/07/2026;RTG Material Maitenance;728;-16,76;"DISCO CORTE;WURTH/0664115232"
31/07/2026;RTG Material Maitenance;728;28,61;"GRAMPO P/CAB AC;5/8POL;SAE 102"
31/07/2026;RTG Material Maitenance;728;430,77;"TERMINAL ESF;BROMMA/BR1001580;"
31/07/2026;RTG Material Maitenance;728;50,16;"FITA ADES CREP;BR;19MM;50M"
31/07/2026;RTG Material Maitenance;728;83,81;"DISCO CORTE;WURTH/0664115232"
31/07/2026;RTG Material Maitenance;728;167,89;"TOALHA IND;BR;KIMBERLY CLARK/W"
31/07/2026;RTG Material Maitenance;728;614,07;"PINO;ANTI;TORCAO;FABRICADO"
31/07/2026;RTG Material Maitenance;728;94,32;"FILTRO;SEPAR;CUMMINS/FS19763"
31/07/2026;RTG Material Maitenance;728;94,32;"FILTRO;SEPAR;CUMMINS/FS19763"
31/07/2026;RTG Material Maitenance;728;332,46;"FILTRO;PRIMAR;AR;DONALDSON/P78"
31/07/2026;RTG Material Maitenance;728;340,65;"OLEO LUBRIF;MOTOR 15W40"
31/07/2026;RTG Material Maitenance;728;1.819,02;"LUMINARIA;LATINA/LT.BIL.A050.60"
31/07/2026;RTG Material Maitenance;728;2.129,07;"OLEO LUBRIF;MOTOR 15W40"
31/07/2026;RTG Material Maitenance;728;94,32;"FILTRO;SEPAR;CUMMINS/FS19763"
31/07/2026;RTG Material Maitenance;728;45,22;"FILTRO;DO OLEO HID;P556005"
31/07/2026;RTG Material Maitenance;728;265,15;"FILTRO;AG;FLEETGUARD/WF2126;DO"
31/07/2026;RTG Material Maitenance;728;233,98;"ELEMENTO FILTR;OLEO DIESEL;FLE"
31/07/2026;RTG Material Maitenance;728;256,27;"FILTRO;F/R:FLEETGUARD/LF9070"
31/07/2026;RTG Material Maitenance;728;800,69;"DESENGRAXANTE;50L;HEPTA CLEAN"
31/07/2026;RTG Material Maitenance;728;256,27;"FILTRO;F/R:FLEETGUARD/LF9070"
31/07/2026;RTG Material Maitenance;728;8.580,55;"CORRENTE;SIMPLEX;1.1/2POL;177H"
31/07/2026;RTG Material Maitenance;728;6.655,69;"ESTICADOR;BROMMA/BR61698"
31/07/2026;RTG Material Maitenance;728;1.537,71;"CHAVE FIM CURS;ACE SCHMERSAL/M"
31/07/2026;RTG Material Maitenance;728;5,90;"PRENSA CABO;PHOENIX/1424471"
31/07/2026;RTG Material Maitenance;728;87,67;"TINTA;SPRAY;PRETO; ALTA TEMPER"
31/07/2026;RTG Material Maitenance;729;3.267,00;"ACOPLAMENTO;BROMMA/BR700758"
31/07/2026;RTG Material Maitenance;729;469,18;"HASTE;F/R: BROMMA/BR1000810"
31/07/2026;RTG Material Maitenance;729;9.594,13;"MOTOR;TRIFASICO;10CV;7,5W;IP55;400/690V;60HZ;WEG"
31/07/2026;RTG Material Maitenance;730;94,32;"FILTRO;SEPAR;CUMMINS/FS19763"
31/07/2026;RTG Material Maitenance;730;1.250,54;"DESLIZANTE;CORRENTE;CARRO"
31/07/2026;RTG Material Maitenance;730;349,27;"SENSOR;PINO LOQUEAMENTO;RS KAL"
31/07/2026;RTG Material Maitenance;730;40,82;"FLUIDO LIMP CONT;WURTH/3895653"
31/07/2026;RTG Material Maitenance;730;7,02;"SACO LIX;PVC;100L;EMBAL C/100"
31/07/2026;RTG Material Maitenance;730;30,90;"SILICONE SPRAY;MUNDIAL PRIME/A"
31/07/2026;RTG Material Maitenance;730;81,64;"FLUIDO LIMP CONT;WURTH/3895653"
31/07/2026;RTG Material Maitenance;730;460,81;"SENSOR;PINO;TWISTLOCK;KALMAR/J"
31/07/2026;RTG Material Maitenance;730;80,98;"BUZINA;ELET 24VCC;S/CORNETA;BO"
31/07/2026;RTG Material Maitenance;730;2.129,07;"OLEO LUBRIF;MOTOR 15W40"
31/07/2026;RTG Material Maitenance;730;94,32;"FILTRO;SEPAR;CUMMINS/FS19763"
31/07/2026;RTG Material Maitenance;730;45,22;"FILTRO;DO OLEO HID;P556005"
31/07/2026;RTG Material Maitenance;730;265,15;"FILTRO;AG;FLEETGUARD/WF2126;DO"
31/07/2026;RTG Material Maitenance;730;233,98;"ELEMENTO FILTR;OLEO DIESEL;FLE"
31/07/2026;RTG Material Maitenance;730;256,27;"FILTRO;F/R:FLEETGUARD/LF9070"
31/07/2026;RTG Material Maitenance;730;20,41;"FLUIDO LIMP CONT;WURTH/3895653"
31/07/2026;RTG Material Maitenance;730;10,07;"OLEO DESENGRIP;AEROSSOL 300ML;"
31/07/2026;RTG Material Maitenance;730;12,16;"LIMPADOR SUPERF;VIDR;LIQ;FR 50"
31/07/2026;RTG Material Maitenance;730;233,59;"SINALIZADOR LUM IND;SI;CIL;ACR"
31/07/2026;RTG Material Maitenance;730;1.079,92;"DESENGRAXANTE;20L;CERTIFIED/DA"
31/07/2026;RTG Material Maitenance;730;5.972,26;"BATENTE;KALMAR/DHL/AM-DHL-4075"
31/07/2026;RTG Material Maitenance;730;379,69;"BOLA;AUTOMATICA;EXTINTORA;INCE"
31/07/2026;RTG Material Maitenance;730;379,69;"BOLA;AUTOMATICA;EXTINTORA;INCE"
31/07/2026;RTG Material Maitenance;730;1.533,07;"PROTECAO;FREIO;FIRE/2998"
31/07/2026;RTG Material Maitenance;730;39,04;"VASELINA;SOLID;LAT 1KG"
31/07/2026;RTG Material Maitenance;730;332,46;"FILTRO;PRIMAR;AR;DONALDSON/P78"
31/07/2026;RTG Material Maitenance;730;94,32;"FILTRO;SEPAR;CUMMINS/FS19763"
31/07/2026;RTG Material Maitenance;730;332,46;"FILTRO;PRIMAR;AR;DONALDSON/P78"
31/07/2026;RTG Material Maitenance;731;344,85;"SENSOR;DETECTOR;FUMACA;12/24VDC;APLICACAO;TR;;RTG;"
31/07/2026;RTG Material Maitenance;731;5.266,20;"OLEO DIESEL;500MG/KG;FR 1L"
31/07/2026;RTG Material Maitenance;731;2.448,43;"OLEO LUBRIF;MOTOR 15W40"
31/07/2026;RTG Material Maitenance;731;54,78;"FILTRO;AG;ROSC;FLEETGUARD/WF21"
31/07/2026;RTG Material Maitenance;731;709,50;"FILTRO;OLEO MOTOR LF14000NN"
31/07/2026;RTG Material Maitenance;731;1.015,27;"ELEMENTO;FILTRANTE;FS53015"
31/07/2026;RTG Material Maitenance;731;1.601,56;"FILTRO;COMBUSTIVEL;FF5782NN"
31/07/2026;RTG Material Maitenance;732;167,89;"TOALHA IND;BR;KIMBERLY CLARK/W"
31/07/2026;RTG Material Maitenance;732;58,32;"FRASCO;PLAS;INCOL;CIL;250ML;C/"
31/07/2026;RTG Material Maitenance;732;1.601,56;"FILTRO;COMBUSTIVEL;FF5782NN"
31/07/2026;RTG Material Maitenance;732;709,50;"FILTRO;OLEO MOTOR LF14000NN"
31/07/2026;RTG Material Maitenance;732;1.015,27;"ELEMENTO;FILTRANTE;FS53015"
31/07/2026;RTG Material Maitenance;732;54,78;"FILTRO;AG;ROSC;FLEETGUARD/WF21"
31/07/2026;RTG Material Maitenance;732;739,89;"CABO COBRE FLEXIVEL;CLASSE 5;3"
31/07/2026;RTG Material Maitenance;732;2.448,43;"OLEO LUBRIF;MOTOR 15W40"
31/07/2026;RTG Material Maitenance;732;54,78;"FILTRO;AG;ROSC;FLEETGUARD/WF21"
31/07/2026;RTG Material Maitenance;732;709,50;"FILTRO;OLEO MOTOR LF14000NN"
31/07/2026;RTG Material Maitenance;732;1.015,27;"ELEMENTO;FILTRANTE;FS53015"
31/07/2026;RTG Material Maitenance;732;1.601,56;"FILTRO;COMBUSTIVEL;FF5782NN"
31/07/2026;RTG Material Maitenance;732;2.761,24;"MOTOR;380VCA;60HZ;2KW;PROTECAO; IP55;YEJ;YE2J132S-"
31/07/2026;RTG Material Maitenance;732;691,06;"GRAXA;GADUS S3 V220C 2;20KG"
31/07/2026;RTG Material Maitenance;732;57,45;"FILTRO;ENC;PARKER/2020PMOR30M"
31/07/2026;RTG Material Maitenance;733;-54,78;"FILTRO;AG;ROSC;FLEETGUARD/WF21"
31/07/2026;RTG Material Maitenance;733;191,62;"OLEO LUBRIF;MOTOR 15W40"
31/07/2026;RTG Material Maitenance;733;58,32;"FRASCO;PLAS;INCOL;CIL;250ML;C/"
31/07/2026;RTG Material Maitenance;733;54,78;"FILTRO;AG;ROSC;FLEETGUARD/WF21"
31/07/2026;RTG Material Maitenance;733;709,50;"FILTRO;OLEO MOTOR LF14000NN"
31/07/2026;RTG Material Maitenance;733;1.015,27;"ELEMENTO;FILTRANTE;FS53015"
31/07/2026;RTG Material Maitenance;733;1.601,56;"FILTRO;COMBUSTIVEL;FF5782NN"
31/07/2026;RTG Material Maitenance;733;506,33;"DESENGRAXANTE;DIELETRICO;WURTH"
31/07/2026;RTG Material Maitenance;733;35,64;"LIMPADOR SUPERF;LAVAGEM A SECO"
31/07/2026;RTG Material Maitenance;733;53,92;"FITA ISOL ELETR;750V;ADES;PVC;"
31/07/2026;RTG Material Maitenance;733;107,83;"FITA ISOL ELETR;750V;ADES;PVC;"
31/07/2026;RTG Material Maitenance;733;49,61;"ADESIVO EPOXI;LIQ;BRASCOLA/ARA"
31/07/2026;RTG Material Maitenance;733;31,70;"FITA VED PTFE;18MM;0,70MM;ROL"
31/07/2026;RTG Material Maitenance;733;40,82;"FLUIDO LIMP CONT;WURTH/3895653"
31/07/2026;RTG Material Maitenance;733;451,59;"PROTECAO;CONECTOR;BATERIA;PAR"
31/07/2026;RTG Material Maitenance;733;5.949,40;OD B S-10 ADITIVADO
31/07/2026;RTG Material Maitenance;734;-2.305,34;"GRAXA;SAB LIT;GADUS-S2-V220-2"
31/07/2026;RTG Material Maitenance;734;3.517,97;"OLEO LUBRIFICANTE;P/ COMANDO F"
31/07/2026;RTG Material Maitenance;734;2.305,34;"GRAXA;SAB LIT;GADUS-S2-V220-2"
31/07/2026;RTG Material Maitenance;734;2.448,43;"OLEO LUBRIF;MOTOR 15W40"
31/07/2026;RTG Material Maitenance;734;58,32;"FRASCO;PLAS;INCOL;CIL;250ML;C/"
31/07/2026;RTG Material Maitenance;734;54,78;"FILTRO;AG;ROSC;FLEETGUARD/WF21"
31/07/2026;RTG Material Maitenance;734;709,50;"FILTRO;OLEO MOTOR LF14000NN"
31/07/2026;RTG Material Maitenance;734;1.015,27;"ELEMENTO;FILTRANTE;FS53015"
31/07/2026;RTG Material Maitenance;734;1.601,56;"FILTRO;COMBUSTIVEL;FF5782NN"
31/07/2026;RTG Material Maitenance;734;167,89;"TOALHA IND;BR;KIMBERLY CLARK/W"
31/07/2026;RTG Material Maitenance;734;25,36;"FITA VED PTFE;18MM;0,70MM;ROL"
31/07/2026;RTG Material Maitenance;734;63,08;"GRAXA;NAUTICA;LIT;INGRAX/UNILI"
31/07/2026;RTG Material Maitenance;734;126,56;"GRAXA;F/R WURTH 0893106"
31/07/2026;RTG Material Maitenance;734;1.115,09;"BATERIA;CHUMBO;12V;70AH;175X175X282MM;POLO;DIREITO"
31/07/2026;RTG Material Maitenance;734;94,32;"FILTRO;SEPAR;CUMMINS/FS19763"
31/07/2026;RTG Material Maitenance;734;2.448,43;"OLEO LUBRIF;MOTOR 15W40"
31/07/2026;RTG Material Maitenance;734;54,78;"FILTRO;AG;ROSC;FLEETGUARD/WF21"
31/07/2026;RTG Material Maitenance;734;709,50;"FILTRO;OLEO MOTOR LF14000NN"
31/07/2026;RTG Material Maitenance;734;1.015,27;"ELEMENTO;FILTRANTE;FS53015"
31/07/2026;RTG Material Maitenance;734;1.601,56;"FILTRO;COMBUSTIVEL;FF5782NN"
31/07/2026;RTG Material Maitenance;734;20,14;"OLEO DESENGRIP;AEROSSOL 300ML;"
31/07/2026;RTG Material Maitenance;734;35,79;"ESTILETE;RETRAT;LARG;AZ/AM;ABS"
31/07/2026;RTG Material Maitenance;734;107,83;"FITA ISOL ELETR;750V;ADES;PVC;"
31/07/2026;RTG Material Maitenance;734;2.949,38;"PROTECAO;BOOGIE;APLICACAO;RTG;"
31/07/2026;RTG Material Maitenance;735;245,19;"BLOCO;CONTATO;HEAD;SCHNEIDER/X"
31/07/2026;RTG Material Maitenance;735;4.232,61;"GRAXA;OLEO MINER;ROCOL/RDOFFSH"
31/07/2026;RTG Material Maitenance;735;451,59;"PROTECAO;CONECTOR;BATERIA;PAR"
31/07/2026;RTG Material Maitenance;735;667,33;"BATERIA;ACIDO-CHUMBO;12V;100AH"
31/07/2026;RTG Material Maitenance;735;58,32;"FRASCO;PLAS;INCOL;CIL;250ML;C/"
31/07/2026;RTG Material Maitenance;735;54,78;"FILTRO;AG;ROSC;FLEETGUARD/WF21"
31/07/2026;RTG Material Maitenance;735;709,50;"FILTRO;OLEO MOTOR LF14000NN"
31/07/2026;RTG Material Maitenance;735;1.015,27;"ELEMENTO;FILTRANTE;FS53015"
31/07/2026;RTG Material Maitenance;735;1.601,56;"FILTRO;COMBUSTIVEL;FF5782NN"
31/07/2026;RTG Material Maitenance;735;35,64;"LIMPADOR SUPERF;LAVAGEM A SECO"
31/07/2026;RTG Material Maitenance;735;40,82;"FLUIDO LIMP CONT;WURTH/3895653"
31/07/2026;RTG Material Maitenance;735;3,51;"SACO LIX;PVC;100L;EMBAL C/100"
31/07/2026;RTG Material Maitenance;735;65,16;"LIMPADOR SUPERF;LIMP VIDR;LIQ;"
31/07/2026;RTG Material Maitenance;735;7.189,10;OD B S-10 ADITIVADO
31/07/2026;RTG Material Maitenance;735;777,56;"SENSOR; F/R:IFM/IIT212"
31/07/2026;RTG Material Maitenance;735;2.448,43;"OLEO LUBRIF;MOTOR 15W40"
31/07/2026;RTG Material Maitenance;735;54,78;"FILTRO;AG;ROSC;FLEETGUARD/WF21"
31/07/2026;RTG Material Maitenance;735;709,50;"FILTRO;OLEO MOTOR LF14000NN"
31/07/2026;RTG Material Maitenance;735;1.015,27;"ELEMENTO;FILTRANTE;FS53015"
31/07/2026;RTG Material Maitenance;735;1.601,56;"FILTRO;COMBUSTIVEL;FF5782NN"
31/07/2026;RTG Material Maitenance;735;63,08;"GRAXA;NAUTICA;LIT;INGRAX/UNILI"
31/07/2026;RTG Material Maitenance;735;690,32;"CABO;ACO;P/ CONSOLE;METAGRO"
31/07/2026;RTG Material Maitenance;735;53,92;"FITA ISOL ELETR;750V;ADES;PVC;"
31/07/2026;RTG Material Maitenance;735;71,39;"ISOLANTE LIQ;EPOXI;PT;LAT 200M"
31/07/2026;RTG Material Maitenance;735;4.520,83;"PRISIONEIRO;P/ CILINDRO;METAGR"
31/07/2026;RTG Material Maitenance;735;77,39;"TERMINAL;COMP;120MM2;150MM"
31/07/2026;RTG Material Maitenance;736;319,36;"OLEO LUBRIF;MOTOR 15W40"
31/07/2026;RTG Material Maitenance;736;212,91;"OLEO LUBRIF;MOTOR 15W40"
31/07/2026;RTG Material Maitenance;736;1.015,27;"ELEMENTO;FILTRANTE;FS53015"
31/07/2026;RTG Material Maitenance;736;4.228,95;"DISCO;FREIO;APLICACAO:MICRO;MOTION;HEADBLOCK:AUXIL"
31/07/2026;RTG Material Maitenance;736;8,17;"PLUGUE;FEMEA; P/TOMADA;20 A;25"
31/07/2026;RTG Material Maitenance;736;35,64;"LIMPADOR SUPERF;LAVAGEM A SECO"
31/07/2026;RTG Material Maitenance;736;5,01;"PLUGUE;TOMADA;MACHO;10A;250V;2"
31/07/2026;RTG Material Maitenance;736;53,92;"FITA ISOL ELETR;750V;ADES;PVC;"
31/07/2026;RTG Material Maitenance;736;27,44;"PARAFUSO;ALLEN;M6X80MM;PASSO:1"
31/07/2026;RTG Material Maitenance;736;58,32;"FRASCO;PLAS;INCOL;CIL;250ML;C/"
31/07/2026;RTG Material Maitenance;736;54,78;"FILTRO;AG;ROSC;FLEETGUARD/WF21"
31/07/2026;RTG Material Maitenance;736;709,50;"FILTRO;OLEO MOTOR LF14000NN"
31/07/2026;RTG Material Maitenance;736;1.015,27;"ELEMENTO;FILTRANTE;FS53015"
31/07/2026;RTG Material Maitenance;736;1.601,56;"FILTRO;COMBUSTIVEL;FF5782NN"
31/07/2026;RTG Material Maitenance;736;4.520,82;"CILINDRO;AJUSTE;CONSOLE;METAGR"
31/07/2026;RTG Material Maitenance;736;5.931,60;OD B S-10 ADITIVADO
31/07/2026;RTG Material Maitenance;736;1.012,66;"DESENGRAXANTE;DIELETRICO;WURTH"
31/07/2026;RTG Material Maitenance;736;167,89;"TOALHA IND;BR;KIMBERLY CLARK/W"
31/07/2026;RTG Material Maitenance;736;1.079,92;"DESENGRAXANTE;20L;CERTIFIED/DA"
31/07/2026;RTG Material Maitenance;736;599,90;"FILTRO;PRIMARIO;DIESEL;QSX15;A"
31/07/2026;RTG Material Maitenance;736;2.448,43;"OLEO LUBRIF;MOTOR 15W40"
31/07/2026;RTG Material Maitenance;736;54,78;"FILTRO;AG;ROSC;FLEETGUARD/WF21"
31/07/2026;RTG Material Maitenance;736;709,50;"FILTRO;OLEO MOTOR LF14000NN"
31/07/2026;RTG Material Maitenance;736;1.015,27;"ELEMENTO;FILTRANTE;FS53015"
31/07/2026;RTG Material Maitenance;736;1.601,56;"FILTRO;COMBUSTIVEL;FF5782NN"
31/07/2026;RTG Material Maitenance;736;2.159,85;"DESENGRAXANTE;20L;CERTIFIED/DA"
31/07/2026;RTG Material Maitenance;736;35,79;"ESTILETE;RETRAT;LARG;AZ/AM;ABS"
31/07/2026;RTG Material Maitenance;736;71,39;"ISOLANTE LIQ;EPOXI;PT;LAT 200M"
31/07/2026;RTG Material Maitenance;736;40,82;"FLUIDO LIMP CONT;WURTH/3895653"
31/07/2026;RTG Material Maitenance;736;10,07;"OLEO DESENGRIP;AEROSSOL 300ML;"
31/07/2026;RTG Material Maitenance;736;4.520,83;"PRISIONEIRO;P/ CILINDRO;METAGR"
31/07/2026;RTG Material Maitenance;736;167,89;"TOALHA IND;BR;KIMBERLY CLARK/W"
31/07/2026;RTG Material Maitenance;737;1.601,39;"DESENGRAXANTE;50L;HEPTA CLEAN"
31/07/2026;RTG Material Maitenance;737;60,11;"FITA ADES DU FACE;ESP ACRIL;LI"
31/07/2026;RTG Material Maitenance;737;40,49;"BUZINA;ELET 24VCC;S/CORNETA;BO"
31/07/2026;RTG Material Maitenance;737;2.448,43;"OLEO LUBRIF;MOTOR 15W40"
31/07/2026;RTG Material Maitenance;737;1.048,12;"ADITIVO;P/ RADIADOR;COR:AZUL"
31/07/2026;RTG Material Maitenance;737;54,78;"FILTRO;AG;ROSC;FLEETGUARD/WF21"
31/07/2026;RTG Material Maitenance;737;709,50;"FILTRO;OLEO MOTOR LF14000NN"
31/07/2026;RTG Material Maitenance;737;1.015,27;"ELEMENTO;FILTRANTE;FS53015"
31/07/2026;RTG Material Maitenance;737;1.601,56;"FILTRO;COMBUSTIVEL;FF5782NN"
31/07/2026;RTG Material Maitenance;737;1.012,66;"DESENGRAXANTE;DIELETRICO;WURTH"
31/07/2026;RTG Material Maitenance;737;40,26;"LAMINA P/ESTIL;LARG;100X18X0,5;18MM"
31/07/2026;RTG Material Maitenance;737;17,90;"ESTILETE;RETRAT;LARG;AZ/AM;ABS"
31/07/2026;RTG Material Maitenance;737;2.159,85;"DESENGRAXANTE;20L;CERTIFIED/DA"
31/07/2026;RTG Material Maitenance;737;451,59;"PROTECAO;CONECTOR;BATERIA;PAR"
31/07/2026;RTG Material Maitenance;737;2.949,38;"PROTECAO;BOOGIE;APLICACAO;RTG;"
31/07/2026;RTG Material Maitenance;738;5.117,20;"CABO;ACO;26MM;8X31WS;42;MTS;TORCAO:LD;RTG;ZPMC"
31/07/2026;RTG Material Maitenance;738;64,07;"GRAMPO P/CAB AC;LEV;1 1/4POL;S"
31/07/2026;RTG Material Maitenance;738;147,88;"CONTATOR AUX INST;24VCC;SIEMEN"
31/07/2026;RTG Material Maitenance;738;167,70;"BLOCO CONT AUX INST;SIEMENS/3R"
31/07/2026;RTG Material Maitenance;738;92,57;"QUEROSENE;FR 1L"
31/07/2026;RTG Material Maitenance;738;5.350,30;OD B S-10 ADITIVADO
31/07/2026;RTG Material Maitenance;738;2.448,43;"OLEO LUBRIF;MOTOR 15W40"
31/07/2026;RTG Material Maitenance;738;54,78;"FILTRO;AG;ROSC;FLEETGUARD/WF21"
31/07/2026;RTG Material Maitenance;738;1.015,27;"ELEMENTO;FILTRANTE;FS53015"
31/07/2026;RTG Material Maitenance;738;1.601,56;"FILTRO;COMBUSTIVEL;FF5782NN"
31/07/2026;RTG Material Maitenance;738;1.334,66;"BATERIA;ACIDO-CHUMBO;12V;100AH"
31/07/2026;RTG Material Maitenance;739;58,32;"FRASCO;PLAS;INCOL;CIL;250ML;C/"
31/07/2026;RTG Material Maitenance;739;54,78;"FILTRO;AG;ROSC;FLEETGUARD/WF21"
31/07/2026;RTG Material Maitenance;739;709,50;"FILTRO;OLEO MOTOR LF14000NN"
31/07/2026;RTG Material Maitenance;739;1.015,27;"ELEMENTO;FILTRANTE;FS53015"
31/07/2026;RTG Material Maitenance;739;1.601,56;"FILTRO;COMBUSTIVEL;FF5782NN"
31/07/2026;RTG Material Maitenance;739;20,14;"OLEO DESENGRIP;AEROSSOL 300ML;"
31/07/2026;RTG Material Maitenance;739;40,82;"FLUIDO LIMP CONT;WURTH/3895653"
31/07/2026;RTG Material Maitenance;739;82,32;"PARAFUSO;ALLEN;M6X80MM;PASSO:1"
31/07/2026;RTG Material Maitenance;739;1.442,92;"FILTRO;GERADOR;STAMFORD;FABRICADO;APLICACAO;RTG;ZP"
31/07/2026;RTG Material Maitenance;739;1.322,19;"KIT;ELEMENTOS;FLEETGUARD AA296"
31/07/2026;RTG Material Maitenance;739;124,02;"BLOCO CONT CHAV FIM CURS;SCHNE"
31/07/2026;RTG Material Maitenance;740;58,32;"FRASCO;PLAS;INCOL;CIL;250ML;C/"
31/07/2026;RTG Material Maitenance;740;54,78;"FILTRO;AG;ROSC;FLEETGUARD/WF21"
31/07/2026;RTG Material Maitenance;740;1.015,27;"ELEMENTO;FILTRANTE;FS53015"
31/07/2026;RTG Material Maitenance;740;1.601,56;"FILTRO;COMBUSTIVEL;FF5782NN"
31/07/2026;RTG Material Maitenance;740;1.012,66;"DESENGRAXANTE;DIELETRICO;WURTH"
31/07/2026;RTG Material Maitenance;740;1.040,55;"PUXADOR;TRAVA;AMARELO;METAGRO"
31/07/2026;RTG Material Maitenance;740;220,52;"TERMINAL;OLH;FR 17,50MM;240MM2"
31/07/2026;RTG Material Maitenance;740;265,15;"FILTRO;AG;FLEETGUARD/WF2126;DO"
31/07/2026;RTG Material Maitenance;740;2.949,38;"PROTECAO;BOOGIE;APLICACAO;RTG;"
31/07/2026;RTG Material Maitenance;740;2.448,43;"OLEO LUBRIF;MOTOR 15W40"
31/07/2026;RTG Material Maitenance;740;709,50;"FILTRO;OLEO MOTOR LF14000NN"
31/07/2026;RTG Material Maitenance;741;-520,71;"OLEO;HIDRAULICO;TITAN CHF 11S"
31/07/2026;RTG Material Maitenance;741;-800,78;"FILTRO;COMBUSTIVEL;FF5782NN"
31/07/2026;RTG Material Maitenance;741;1.921,79;"BATERIA AUTO;SELAD;12V;180A"
31/07/2026;RTG Material Maitenance;741;163,08;"CORREIA;V;RANHURADA;MOTOR;DIES"
31/07/2026;RTG Material Maitenance;741;1.015,27;"ELEMENTO;FILTRANTE;FS53015"
31/07/2026;RTG Material Maitenance;741;1.301,78;"OLEO;HIDRAULICO;TITAN CHF 11S"
31/07/2026;RTG Material Maitenance;741;1.015,27;"ELEMENTO;FILTRANTE;FS53015"
31/07/2026;RTG Material Maitenance;741;6.394,27;OD B S-10 ADITIVADO
31/07/2026;RTG Material Maitenance;741;58,32;"FRASCO;PLAS;INCOL;CIL;250ML;C/"
31/07/2026;RTG Material Maitenance;741;54,78;"FILTRO;AG;ROSC;FLEETGUARD/WF21"
31/07/2026;RTG Material Maitenance;741;1.015,27;"ELEMENTO;FILTRANTE;FS53015"
31/07/2026;RTG Material Maitenance;741;1.601,56;"FILTRO;COMBUSTIVEL;FF5782NN"
31/07/2026;RTG Material Maitenance;741;2.448,43;"OLEO LUBRIF;MOTOR 15W40"
31/07/2026;RTG Material Maitenance;741;1.015,27;"ELEMENTO;FILTRANTE;FS53015"
31/07/2026;RTG Material Maitenance;741;167,89;"TOALHA IND;BR;KIMBERLY CLARK/W"
31/07/2026;RTG Material Maitenance;741;167,89;"TOALHA IND;BR;KIMBERLY CLARK/W"
31/07/2026;RTG Material Maitenance;741;93,68;"LUBRIFICANTE;MOLYGRAFIT/ACAERO"
31/07/2026;RTG Material Maitenance;741;709,50;"FILTRO;OLEO MOTOR LF14000NN"
31/07/2026;RTG Material Maitenance;741;1.015,27;"ELEMENTO;FILTRANTE;FS53015"
31/07/2026;RTG Material Maitenance;741;800,78;"FILTRO;COMBUSTIVEL;FF5782NN"
31/07/2026;RTG Material Maitenance;741;31.623,33;"BICO;INJETOR;APLICACAO;MOTOR;D"
31/07/2026;RTG Material Maitenance;F316;11.233,31;"CONJ./COMPLETO;MOTOREDUTOR;SEW"
04/08/2026;RTG Material Maitenance;;2.027,32;
04/08/2026;RTG Material Maitenance;;1.272,11;
06/08/2026;RTG Maintenance Services;;810,00;
06/08/2026;RTG Maintenance Services;;900,00;
06/08/2026;RTG Maintenance Services;;1.070,00;
06/08/2026;RTG Maintenance Services;;980,00;
06/08/2026;RTG Maintenance Services;;1.070,00;
06/08/2026;RTG Material Maitenance;;10.915,29;
07/08/2026;RTG Maintenance Services;;1.495,00;
10/08/2026;RTG Maintenance Services;;4.000,00;
11/08/2026;RTG Maintenance Services;;400,00;
12/08/2026;RTG Maintenance Services;;750,00;
12/08/2026;RTG Maintenance Services;;1.440,00;
18/08/2026;RTG Maintenance Services;;6.800,00;
18/08/2026;RTG Maintenance Services;;1.590,00;
18/08/2026;RTG Maintenance Services;;4.700,00;
18/08/2026;RTG Maintenance Services;;5.900,00;
18/08/2026;RTG Maintenance Services;;1.920,00;
19/08/2026;RTG Material Maitenance;713;710,69;
20/08/2026;RTG Maintenance Services;;15.500,00;
20/08/2026;RTG Maintenance Services;;1.840,00;
21/08/2026;RTG Maintenance Services;;3.600,00;
24/08/2026;RTG Material Maitenance;;7.172,00;
28/08/2026;RTG Maintenance Services;;4.380,00;
28/08/2026;RTG Maintenance Services;;8.750,00;
31/08/2026;RTG Material Maitenance;;33.011,21;
31/08/2026;RTG Material Maitenance;701;-48.964,16;"RODA;COMPLETA;TROLLEY;ESQUERDA;LHJ4-101-2-86-061-L"
31/08/2026;RTG Material Maitenance;701;51.260,14;"RODA;COMPLETA;TROLLEY;DIREITA;LHJ4-101-1-125-061-R"
31/08/2026;RTG Material Maitenance;701;48.964,16;"RODA;COMPLETA;TROLLEY;ESQUERDA;LHJ4-101-2-86-061-L"
31/08/2026;RTG Material Maitenance;701;48.964,16;"RODA;COMPLETA;TROLLEY;DIREITA;LHJ4-101-2-86-061-R;"
31/08/2026;RTG Material Maitenance;701;126,13;"PARAFUSO;SEXTAVADO;M16X200MM"
31/08/2026;RTG Material Maitenance;701;1.120,40;"COXIM;REDUTOR;F/R;DHL/BTB2587"
31/08/2026;RTG Material Maitenance;701;5.049,33;"ACOPLAMENTO ENGR;25,40-78MM;FA"
31/08/2026;RTG Material Maitenance;701;7.033,02;"MOTOR;ELETRICO;TROLLEY;"
31/08/2026;RTG Material Maitenance;701;48.964,16;"RODA;COMPLETA;TROLLEY;ESQUERDA;LHJ4-101-2-86-061-L"
31/08/2026;RTG Material Maitenance;701;51.260,14;"RODA;COMPLETA;TROLLEY;ESQUERDA;LHJ4-101-1-125-061-"
31/08/2026;RTG Material Maitenance;701;167,89;"TOALHA IND;BR;KIMBERLY CLARK/W"
31/08/2026;RTG Material Maitenance;701;560,20;"COXIM;REDUTOR;F/R;DHL/BTB2587"
31/08/2026;RTG Material Maitenance;701;379,69;"BOLA;AUTOMATICA;EXTINTORA;INCE"
31/08/2026;RTG Material Maitenance;701;585,21;"PROTETOR;CAMARA DE AR;ARO 24 P"
31/08/2026;RTG Material Maitenance;701;2.666,45;"TINTA;AZUL;RAL5002;PU;JOTUN"
31/08/2026;RTG Material Maitenance;701;1.161,60;"ENGRENAGEM;GRUPO ARMENIO/12546"
31/08/2026;RTG Material Maitenance;702;95,43;"PLUG;3P+T;MACH;32A;(3H)380/440"
31/08/2026;RTG Material Maitenance;702;153,45;"PLUG;FEM;3H;FAMATEL/24308"
31/08/2026;RTG Material Maitenance;702;1.079,92;"DESENGRAXANTE;20L;CERTIFIED/DA"
31/08/2026;RTG Material Maitenance;702;996,69;"SENSOR PROX INDUT;15MM;CIL;1NA"
31/08/2026;RTG Material Maitenance;703;243,20;PINO APALPADOR SPREADER
31/08/2026;RTG Material Maitenance;703;10,00;MOLA APALPADOR SPREADER BROMMA
31/08/2026;RTG Material Maitenance;703;273,64;"ACOPLAMENTO FLEX;ALU;28-38MM;6"
31/08/2026;RTG Material Maitenance;703;777,55;"SENSOR; F/R:IFM/IIT212"
31/08/2026;RTG Material Maitenance;703;4.034,64;"CODIFICADOR;INCR;BID;LEINE E L"
31/08/2026;RTG Material Maitenance;704;938,00;"OLEO LUBRIF;MOTOR 15W40"
31/08/2026;RTG Material Maitenance;704;94,32;"FILTRO;SEPAR;CUMMINS/FS19763"
31/08/2026;RTG Material Maitenance;704;124,61;"FILTRO;CART;AG;11/16-16UN;BALD"
31/08/2026;RTG Material Maitenance;704;218,48;"FILTRO;P/ OLEO LUBRIFICANTE;FI"
31/08/2026;RTG Material Maitenance;704;638,60;"BUCHA;KONECRANES/KM2108V3"
31/08/2026;RTG Material Maitenance;704;5.972,61;"BOBINA;COMPLETA;P/FREIO;GANTRY"
31/08/2026;RTG Material Maitenance;704;998,25;"MODULO;KONE/V0003740"
31/08/2026;RTG Material Maitenance;704;3.703,11;"CABO ACO PREFORM;IPH/16MM6X41W"
31/08/2026;RTG Material Maitenance;704;1.998,48;"CABO ACO PREFORM;IPH/16MM6X41W"
31/08/2026;RTG Material Maitenance;704;68,61;"GRAMPO P/CAB AC;LEV;1POL;SAE 1"
31/08/2026;RTG Material Maitenance;704;36,38;"PARA-BARRO;RANDON/208006606"
31/08/2026;RTG Material Maitenance;704;22,23;"PASTILHA;AROMATIZANTE;P/AR CON"
31/08/2026;RTG Material Maitenance;704;220,68;"DESENGRAXANTE;UNIVERSAL;ECO-W;"
31/08/2026;RTG Material Maitenance;704;161,60;"BACTERICIDA;METASIL/DESIX TALC"
31/08/2026;RTG Material Maitenance;704;43,56;"GAS BUTANO;VOLCANO CLIPPER"
31/08/2026;RTG Material Maitenance;704;46,02;PILHA(AAA) CONJUNTO 2 UNIDADES
31/08/2026;RTG Material Maitenance;704;1.727,68;"CAMERA;WIRELESS;CABINE;300MTS;"
31/08/2026;RTG Material Maitenance;704;376,90;"ELEMENTO FILTR;AR;FLEETGUARD/A"
31/08/2026;RTG Material Maitenance;704;94,32;"FILTRO;SEPAR;CUMMINS/FS19763"
31/08/2026;RTG Material Maitenance;705;-124,61;"FILTRO;CART;AG;11/16-16UN;BALD"
31/08/2026;RTG Material Maitenance;705;9,87;"LIMPADOR SUPERF;MULTI-USO;AZULIM;500ML"
31/08/2026;RTG Material Maitenance;705;3.703,11;"CABO ACO PREFORM;IPH/16MM6X41W"
31/08/2026;RTG Material Maitenance;705;1.998,48;"CABO ACO PREFORM;IPH/16MM6X41W"
31/08/2026;RTG Material Maitenance;705;3.500,85;BOBINA FREIO ANTIBALANCO/ AUX
31/08/2026;RTG Material Maitenance;705;4.398,45;"RETIFICADOR;KONECRANES/V002141"
31/08/2026;RTG Material Maitenance;705;379,69;"BOLA;AUTOMATICA;EXTINTORA;INCE"
31/08/2026;RTG Material Maitenance;705;670,46;"FONTE ALIM CC;CHAV;24V;13,8V;J"
31/08/2026;RTG Material Maitenance;705;117,25;"OLEO LUBRIF;MOTOR 15W40"
31/08/2026;RTG Material Maitenance;705;680,63;"BLOCO CONT AUX TEMPORIZ;SCHNEI"
31/08/2026;RTG Material Maitenance;705;5.972,61;"BOBINA;COMPLETA;P/FREIO;GANTRY"
31/08/2026;RTG Material Maitenance;705;3.504,55;ASSENTO/BANCO OPERADOR TRs KON
31/08/2026;RTG Material Maitenance;705;426,12;"ESPACADOR;ROL;CUMMINS/217011"
31/08/2026;RTG Material Maitenance;705;389,10;"ESPACADOR;ROL;CUMMINS/217008"
31/08/2026;RTG Material Maitenance;705;938,00;"OLEO LUBRIF;MOTOR 15W40"
31/08/2026;RTG Material Maitenance;705;1.048,14;"ADITIVO;P/ RADIADOR;COR:AZUL"
31/08/2026;RTG Material Maitenance;705;491,53;"ROLAMENTO;MOTOR;NTA855;F/R:CUM"
31/08/2026;RTG Material Maitenance;705;94,32;"FILTRO;SEPAR;CUMMINS/FS19763"
31/08/2026;RTG Material Maitenance;705;58,86;"FRASCO;PLAS;INCOL;CIL;250ML;C/"
31/08/2026;RTG Material Maitenance;705;124,61;"FILTRO;CART;AG;11/16-16UN;BALD"
31/08/2026;RTG Material Maitenance;705;218,48;"FILTRO;P/ OLEO LUBRIFICANTE;FI"
31/08/2026;RTG Material Maitenance;705;35,66;"PORCA;CUMMINS/142176"
31/08/2026;RTG Material Maitenance;705;250,38;"RETENTOR;CUMMINS/200307"
31/08/2026;RTG Material Maitenance;705;21,48;"TAMPA;CUMMINS/200310"
31/08/2026;RTG Material Maitenance;705;376,90;"ELEMENTO FILTR;AR;FLEETGUARD/A"
31/08/2026;RTG Material Maitenance;705;126,40;"CORREIA;KONECRANES/200549"
31/08/2026;RTG Material Maitenance;705;103,99;"CORREIA MIC V PF;COMP 1110MM;6"
31/08/2026;RTG Material Maitenance;705;1.160,61;"SACO;AR;PNEU;12.00X24;EV;KONEC"
31/08/2026;RTG Material Maitenance;705;351,12;"PROTETOR;CAMARA DE AR;ARO 24 P"
31/08/2026;RTG Material Maitenance;705;184,67;"CORREIA;CUMMINS/178682"
31/08/2026;RTG Material Maitenance;705;5.972,61;"BOBINA;COMPLETA;P/FREIO;GANTRY"
31/08/2026;RTG Material Maitenance;705;1.482,20;"SINALIZADOR LED;BANNER/K50BCLX"
31/08/2026;RTG Material Maitenance;705;35.770,04;GERADOR ELETRICO DE CORRENTE A
31/08/2026;RTG Material Maitenance;706;2.080,90;"PNEU 1400X24;RECAPADO; ARO:24;"
31/08/2026;RTG Material Maitenance;706;123,32;"LIMPADOR SUPERF;MULTI-USO;AZULIM;500ML"
31/08/2026;RTG Material Maitenance;706;938,00;"OLEO LUBRIF;MOTOR 15W40"
31/08/2026;RTG Material Maitenance;706;94,32;"FILTRO;SEPAR;CUMMINS/FS19763"
31/08/2026;RTG Material Maitenance;706;124,61;"FILTRO;CART;AG;11/16-16UN;BALD"
31/08/2026;RTG Material Maitenance;706;218,48;"FILTRO;P/ OLEO LUBRIFICANTE;FI"
31/08/2026;RTG Material Maitenance;706;140,70;"PARAFUSO; ALLEN; CAB CILINDRIC"
31/08/2026;RTG Material Maitenance;706;1.452,00;"MODULO;RETIFICADOR;RGM100"
31/08/2026;RTG Material Maitenance;706;1.452,00;"MODULO;RETIFICADOR;RGM100"
31/08/2026;RTG Material Maitenance;706;5.972,61;"BOBINA;COMPLETA;P/FREIO;GANTRY"
31/08/2026;RTG Material Maitenance;706;5.972,61;"BOBINA;COMPLETA;P/FREIO;GANTRY"
31/08/2026;RTG Material Maitenance;706;94,32;"FILTRO;SEPAR;CUMMINS/FS19763"
31/08/2026;RTG Material Maitenance;706;5.972,61;"BOBINA;COMPLETA;P/FREIO;GANTRY"
31/08/2026;RTG Material Maitenance;706;11.945,22;"BOBINA;COMPLETA;P/FREIO;GANTRY"
31/08/2026;RTG Material Maitenance;706;1.996,50;"MODULO;KONE/V0003740"
31/08/2026;RTG Material Maitenance;706;233,59;"SINALIZADOR LUM IND;SI;CIL;ACR"
31/08/2026;RTG Material Maitenance;709;-43.854,57;"JOYSTICK;KALMAR/N5773830"
31/08/2026;RTG Material Maitenance;709;-97,40;"LUBRIFICANTE;MOLYGRAFIT/ACAERO"
31/08/2026;RTG Material Maitenance;709;-538,12;"FILTRO;AR;CUMMINS/AF25708M"
31/08/2026;RTG Material Maitenance;709;2.406,17;"MOTOR PARTID;7,5KW;24VCC;DELCO"
31/08/2026;RTG Material Maitenance;709;224,60;"ADITIVO;P/ RADIADOR;COR:AZUL"
31/08/2026;RTG Material Maitenance;709;538,12;"FILTRO;AR;CUMMINS/AF25708M"
31/08/2026;RTG Material Maitenance;709;94,32;"FILTRO;SEPAR;CUMMINS/FS19763"
31/08/2026;RTG Material Maitenance;709;91,52;"VASELINA;SOLID;LAT 1KG"
31/08/2026;RTG Material Maitenance;709;2,45;"ANEL;ELASTICO;M12;DIAMETRO;NÃO;TENSIONADO;11MM;DAE"
31/08/2026;RTG Material Maitenance;709;43.854,57;"JOYSTICK;KALMAR/N5773830"
31/08/2026;RTG Material Maitenance;709;109,39;"FITA ISOL ELETR;750V;ADES;PVC;"
31/08/2026;RTG Material Maitenance;709;27,00;"FITA DEMARC PISO;ADES;PT/AM;PV"
31/08/2026;RTG Material Maitenance;709;70,69;"LIMPADOR SUPERF;LAVAGEM A SECO"
31/08/2026;RTG Material Maitenance;709;18,15;"SILICA GEL;2-5MM;BR;SACHE 10G"
31/08/2026;RTG Material Maitenance;709;1.079,92;"DESENGRAXANTE;20L;CERTIFIED/DA"
31/08/2026;RTG Material Maitenance;709;383,88;"ANEL;LEINE E LINDE/66451901"
31/08/2026;RTG Material Maitenance;709;909,51;"LUMINARIA;LATINA/LT.BIL.A050.60"
31/08/2026;RTG Material Maitenance;709;2.868,34;"SAPATA;FREIO;UNITARIO; ESPESSU"
31/08/2026;RTG Material Maitenance;709;80,98;"BUZINA;ELET 24VCC;S/CORNETA;BO"
31/08/2026;RTG Material Maitenance;709;42,07;SIRENE RE BIVOLT 12-24V DNI402
31/08/2026;RTG Material Maitenance;709;25,22;"TINTA;SPRAY;PRETO; ALTA TEMPER"
31/08/2026;RTG Material Maitenance;709;38,50;"DISCO FLAP;115X22MM;WURTH"
31/08/2026;RTG Material Maitenance;709;97,40;"LUBRIFICANTE;MOLYGRAFIT/ACAERO"
31/08/2026;RTG Material Maitenance;709;2.345,00;"OLEO LUBRIF;MOTOR 15W40"
31/08/2026;RTG Material Maitenance;709;94,32;"FILTRO;SEPAR;CUMMINS/FS19763"
31/08/2026;RTG Material Maitenance;709;58,86;"FRASCO;PLAS;INCOL;CIL;250ML;C/"
31/08/2026;RTG Material Maitenance;709;268,60;"FILTRO;AG;FLEETGUARD/WF2126;DO"
31/08/2026;RTG Material Maitenance;709;1.038,47;"FILTRO;DIESEL;CUMMINS/FF63010"
31/08/2026;RTG Material Maitenance;709;258,08;"FILTRO;F/R:FLEETGUARD/LF9070"
31/08/2026;RTG Material Maitenance;709;288,58;"OLEO LUBRIFICANTE;P/ ENGRENAGE"
31/08/2026;RTG Material Maitenance;709;290,40;"ELEMENTO FILTR;OLEO HIDR;PARKE"
31/08/2026;RTG Material Maitenance;709;427,36;"ELEMENTO FILTR;25MICRA;PARKER/"
31/08/2026;RTG Material Maitenance;709;58,86;"FRASCO;PLAS;INCOL;CIL;250ML;C/"
31/08/2026;RTG Material Maitenance;709;1.079,92;"DESENGRAXANTE;20L;CERTIFIED/DA"
31/08/2026;RTG Material Maitenance;709;167,89;"TOALHA IND;BR;KIMBERLY CLARK/W"
31/08/2026;RTG Material Maitenance;709;27,23;"CAIXA;110X110X60MM;PASSAGEM;PV"
31/08/2026;RTG Material Maitenance;709;43.854,57;"JOYSTICK;KALMAR/N5773830"
31/08/2026;RTG Material Maitenance;709;4.739,91;"CABO ACO PREFORM;IPH/26MM6X41W"
31/08/2026;RTG Material Maitenance;709;5.100,59;"CABO ACO PREFORM;IPH/26MM6X41W"
31/08/2026;RTG Material Maitenance;709;1.166,36;"ELASTOMERO;ROTEX/GR65"
31/08/2026;RTG Material Maitenance;709;3.001,23;"OLEO LUBRIFICANTE;P/ ENGRENAGE"
31/08/2026;RTG Material Maitenance;709;2.350,79;"OLEO;HIDIDRAULICO;HVLP 68"
31/08/2026;RTG Material Maitenance;709;21,92;"TINTA;SPRAY;PRETO;BRILHANTE"
31/08/2026;RTG Material Maitenance;709;48,81;"PARA-BARRO;FACCHINI/0313001409"
31/08/2026;RTG Material Maitenance;709;36,38;"PARA-BARRO;RANDON/208006606"
31/08/2026;RTG Material Maitenance;709;401,12;"SENSOR PROX INDUT;8MM;CIL;KALM"
31/08/2026;RTG Material Maitenance;709;802,24;"SENSOR PROX INDUT;8MM;CIL;KALM"
31/08/2026;RTG Material Maitenance;709;4.264,35;"OLEO LUBRIFICANTE;P/ COMANDO F"
31/08/2026;RTG Material Maitenance;709;4.264,35;"OLEO LUBRIFICANTE;P/ COMANDO F"
31/08/2026;RTG Material Maitenance;709;4.264,35;"OLEO LUBRIFICANTE;P/ COMANDO F"
31/08/2026;RTG Material Maitenance;709;10.146,48;"OLEO LUBRIFICANTE;P/ ENGRENAGE"
31/08/2026;RTG Material Maitenance;709;105,41;"EMENDA;CORRENTE;F/R:DAIDO/16-B"
31/08/2026;RTG Material Maitenance;709;105,41;"EMENDA;CORRENTE;F/R:DAIDO/16-B"
31/08/2026;RTG Material Maitenance;710;379,69;"BOLA;AUTOMATICA;EXTINTORA;INCE"
31/08/2026;RTG Material Maitenance;710;456,68;"LONA PLAST PROT;PT;PVC;8X100M;"
31/08/2026;RTG Material Maitenance;710;6.653,64;"ROLAMENTO;AXIAL;ESFERAS;APLICACAO;GIRO;BOOGIE;RTG;"
31/08/2026;RTG Material Maitenance;710;6.653,64;"ROLAMENTO;AXIAL;ESFERAS;APLICACAO;GIRO;BOOGIE;RTG;"
31/08/2026;RTG Material Maitenance;710;51,31;"FILME PLAS;PE;INCOL;500MM;BOB"
31/08/2026;RTG Material Maitenance;710;94,25;"FITA ISOL TERM;PT;ESP ELASTOM;"
31/08/2026;RTG Material Maitenance;711;94,32;"FILTRO;SEPAR;CUMMINS/FS19763"
31/08/2026;RTG Material Maitenance;711;117,25;"OLEO LUBRIF;MOTOR 15W40"
31/08/2026;RTG Material Maitenance;711;2.406,17;"MOTOR PARTID;7,5KW;24VCC;DELCO"
31/08/2026;RTG Material Maitenance;711;2.345,00;"OLEO LUBRIF;MOTOR 15W40"
31/08/2026;RTG Material Maitenance;711;94,32;"FILTRO;SEPAR;CUMMINS/FS19763"
31/08/2026;RTG Material Maitenance;711;268,60;"FILTRO;AG;FLEETGUARD/WF2126;DO"
31/08/2026;RTG Material Maitenance;711;233,98;"ELEMENTO FILTR;OLEO DIESEL;FLE"
31/08/2026;RTG Material Maitenance;711;258,08;"FILTRO;F/R:FLEETGUARD/LF9070"
31/08/2026;RTG Material Maitenance;711;9,87;"LIMPADOR SUPERF;MULTI-USO;AZULIM;500ML"
31/08/2026;RTG Material Maitenance;711;167,89;"TOALHA IND;BR;KIMBERLY CLARK/W"
31/08/2026;RTG Material Maitenance;711;118,38;"LIMPADOR SUPERF;MULTI-USO;AZULIM;500ML"
31/08/2026;RTG Material Maitenance;711;117,25;"OLEO LUBRIF;MOTOR 15W40"
31/08/2026;RTG Material Maitenance;711;325,19;"FILTRO;PRIMAR;AR;DONALDSON/P78"
31/08/2026;RTG Material Maitenance;711;94,32;"FILTRO;SEPAR;CUMMINS/FS19763"
31/08/2026;RTG Material Maitenance;711;94,32;"FILTRO;SEPAR;CUMMINS/FS19763"
31/08/2026;RTG Material Maitenance;711;2.027,04;"BATERIA AUTO;SELAD;12V;180A"
31/08/2026;RTG Material Maitenance;711;13,47;"RELE AUTOMOT;C/SUPORT;24V;4PIN"
31/08/2026;RTG Material Maitenance;711;167,89;"TOALHA IND;BR;KIMBERLY CLARK/W"
31/08/2026;RTG Material Maitenance;712;-9.102,47;"CODIFICADOR;ABS;LEINE & LINDE/"
31/08/2026;RTG Material Maitenance;712;-8.114,06;"FREIO;GANTRY/TRANSLADO;TR-11-2"
31/08/2026;RTG Material Maitenance;712;3.001,23;"OLEO LUBRIFICANTE;P/ ENGRENAGE"
31/08/2026;RTG Material Maitenance;712;2.350,79;"OLEO;HIDIDRAULICO;HVLP 68"
31/08/2026;RTG Material Maitenance;712;119,90;"COXIM;BORR;CIL;PORC;SUPORTE RE"
31/08/2026;RTG Material Maitenance;712;378,98;"RELE;AUXILIAR;ENCAIXE;RELECO/C"
31/08/2026;RTG Material Maitenance;712;2.345,00;"OLEO LUBRIF;MOTOR 15W40"
31/08/2026;RTG Material Maitenance;712;1.048,14;"ADITIVO;P/ RADIADOR;COR:AZUL"
31/08/2026;RTG Material Maitenance;712;94,32;"FILTRO;SEPAR;CUMMINS/FS19763"
31/08/2026;RTG Material Maitenance;712;268,60;"FILTRO;AG;FLEETGUARD/WF2126;DO"
31/08/2026;RTG Material Maitenance;712;233,98;"ELEMENTO FILTR;OLEO DIESEL;FLE"
31/08/2026;RTG Material Maitenance;712;258,08;"FILTRO;F/R:FLEETGUARD/LF9070"
31/08/2026;RTG Material Maitenance;712;185,49;"ELEMENTO FILTR;AR SEC;DONALDSO"
31/08/2026;RTG Material Maitenance;712;325,19;"FILTRO;PRIMAR;AR;DONALDSON/P78"
31/08/2026;RTG Material Maitenance;712;519,44;"OLEO LUBRIFICANTE;P/ ENGRENAGE"
31/08/2026;RTG Material Maitenance;712;485,31;"FILTRO;OLEO HIDR;PARKER/FTBE2A"
31/08/2026;RTG Material Maitenance;712;55,76;"INSETICIDA;RECKITT/SBPMULTIINS"
31/08/2026;RTG Material Maitenance;712;68,91;"ADESIVO VED; INCOLOR;WURTH/089"
31/08/2026;RTG Material Maitenance;712;526,35;"CONTATOR AUX INST;24VCC;SCHNEI"
31/08/2026;RTG Material Maitenance;712;3.239,77;"DESENGRAXANTE;20L;CERTIFIED/DA"
31/08/2026;RTG Material Maitenance;712;1.499,66;"VALVULA;CUMMINS/3348322"
31/08/2026;RTG Material Maitenance;712;526,76;"TEMPORIZADOR;ELET DIGIT;ABB/CT"
31/08/2026;RTG Material Maitenance;712;117,89;ALCOOL ISOPROPILICO 5 LT GALAO
31/08/2026;RTG Material Maitenance;712;181,05;"ARRUELA;ESTR;M10;DIN-25201"
31/08/2026;RTG Material Maitenance;712;2.406,17;"MOTOR PARTID;7,5KW;24VCC;DELCO"
31/08/2026;RTG Material Maitenance;712;334,16;"ARRUELA;ESTR;M12;DIN-25201"
31/08/2026;RTG Material Maitenance;712;2.406,17;"MOTOR PARTID;7,5KW;24VCC;DELCO"
31/08/2026;RTG Material Maitenance;712;90,96;"CHAVE COMUT;12/24V;250A;MARILI"
31/08/2026;RTG Material Maitenance;712;5.616,41;"BOMBA;CUMMINS/4089431RX"
31/08/2026;RTG Material Maitenance;712;100,69;ARRUELA ESTRIADA M10
31/08/2026;RTG Material Maitenance;712;27.214,38;"GERADOR;STANFORD/HCI534D1 G 95"
31/08/2026;RTG Material Maitenance;712;124,99;"PRENSA CABO;PHOENIX/1424474"
31/08/2026;RTG Material Maitenance;712;13.663,28;"CONVERSOR P/INTERF;24VCC;PHOEN"
31/08/2026;RTG Material Maitenance;712;682,29;"CONECTOR P/CAB COMUNIC RED;6ES"
31/08/2026;RTG Material Maitenance;712;9.102,47;"CODIFICADOR;ABS;LEINE & LINDE/"
31/08/2026;RTG Material Maitenance;712;167,89;"TOALHA IND;BR;KIMBERLY CLARK/W"
31/08/2026;RTG Material Maitenance;712;4.034,64;"CODIFICADOR;INCR;BID;LEINE E L"
31/08/2026;RTG Material Maitenance;712;2.634,78;"PROTECAO;BOOGIE;KONECRANES/KM3"
31/08/2026;RTG Material Maitenance;712;26,91;"BARRA;CHATA;ALUMINIO;N/ANODIZA"
31/08/2026;RTG Material Maitenance;712;188,63;"FILTRO;SEPAR;CUMMINS/FS19763"
31/08/2026;RTG Material Maitenance;712;299,47;"ADITIVO;P/ RADIADOR;COR:AZUL"
31/08/2026;RTG Material Maitenance;712;4.690,00;"OLEO LUBRIF;MOTOR 15W40"
31/08/2026;RTG Material Maitenance;712;234,50;"OLEO LUBRIF;MOTOR 15W40"
31/08/2026;RTG Material Maitenance;712;188,63;"FILTRO;SEPAR;CUMMINS/FS19763"
31/08/2026;RTG Material Maitenance;712;149,73;"ADITIVO;P/ RADIADOR;COR:AZUL"
31/08/2026;RTG Material Maitenance;712;2.406,17;"MOTOR PARTID;7,5KW;24VCC;DELCO"
31/08/2026;RTG Material Maitenance;712;40,82;"FLUIDO LIMP CONT;WURTH/3895653"
31/08/2026;RTG Material Maitenance;712;8.114,06;"FREIO;GANTRY/TRANSLADO;TR-11-2"
31/08/2026;RTG Material Maitenance;712;998,25;"MODULO;KONE/V0003740"
31/08/2026;RTG Material Maitenance;712;8.114,06;"FREIO;GANTRY/TRANSLADO;TR-11-2"
31/08/2026;RTG Material Maitenance;712;187,60;"OLEO LUBRIF;MOTOR 15W40"
31/08/2026;RTG Material Maitenance;712;9.102,47;"CODIFICADOR;ABS;LEINE & LINDE/"
31/08/2026;RTG Material Maitenance;712;7,67;PILHA(AAA) CONJUNTO 2 UNIDADES
31/08/2026;RTG Material Maitenance;712;13,28;"LIMPADOR SUPERF;VIDR;LIQ;FR 50"
31/08/2026;RTG Material Maitenance;712;2.042,08;"CREMALHEIRA;CUMMINS/3680913"
31/08/2026;RTG Material Maitenance;712;1.689,41;"DESENGRAXANTE;50L;HEPTA CLEAN"
31/08/2026;RTG Material Maitenance;712;286,15;PARAFUSO F/R:DHL/PAR-2581
31/08/2026;RTG Material Maitenance;712;54,27;"LIMPADOR SUPERF;LIMP VIDR;LIQ;"
31/08/2026;RTG Material Maitenance;712;2.904,00;"FLEXPLATE;PLACA;APLICACAO;RTG"
31/08/2026;RTG Material Maitenance;712;19,62;"PARAFUSO;SEXTAVADO;1/2-13 X1.1"
31/08/2026;RTG Material Maitenance;712;167,89;"TOALHA IND;BR;KIMBERLY CLARK/W"
31/08/2026;RTG Material Maitenance;712;1.079,92;"DESENGRAXANTE;20L;CERTIFIED/DA"
31/08/2026;RTG Material Maitenance;712;16,29;"TERMINAL P/BAT;APERT;NEG;LAT;C"
31/08/2026;RTG Material Maitenance;712;15,89;"TERMINAL P/BATERIA; APERTO; PO"
31/08/2026;RTG Material Maitenance;712;8.114,06;"FREIO;GANTRY/TRANSLADO;TR-11-2"
31/08/2026;RTG Material Maitenance;712;998,25;"MODULO;KONE/V0003740"
31/08/2026;RTG Material Maitenance;712;526,76;"TEMPORIZADOR;ELET DIGIT;ABB/CT"
31/08/2026;RTG Material Maitenance;712;134,30;"CONECTOR SENSOR;TAMANHO:5M;M12"
31/08/2026;RTG Material Maitenance;712;686,96;"SIRENE;BC-8;NANHUA;TENSAO 24V"
31/08/2026;RTG Material Maitenance;712;254,10;"PARAFUSO CAB SEXTAVADA;ANSI/AS"
31/08/2026;RTG Material Maitenance;713;-185,49;"ELEMENTO FILTR;AR SEC;DONALDSO"
31/08/2026;RTG Material Maitenance;713;-325,19;"FILTRO;PRIMAR;AR;DONALDSON/P78"
31/08/2026;RTG Material Maitenance;713;-2.658,50;"CONTATOR;TETRAPOLAR;60A;LC1DT60AF7"
31/08/2026;RTG Material Maitenance;713;-16.924,87;"RETIFICADOR FREIO;KONECRANES/5"
31/08/2026;RTG Material Maitenance;713;577,16;"OLEO LUBRIFICANTE;P/ ENGRENAGE"
31/08/2026;RTG Material Maitenance;713;469,00;"OLEO LUBRIF;MOTOR 15W40"
31/08/2026;RTG Material Maitenance;713;15,55;"PORCA;SEXT;M20X2,50;16MM;SAE10"
31/08/2026;RTG Material Maitenance;713;487,41;"BUCHA;KONECRANES/52490100"
31/08/2026;RTG Material Maitenance;713;2.345,00;"OLEO LUBRIF;MOTOR 15W40"
31/08/2026;RTG Material Maitenance;713;94,32;"FILTRO;SEPAR;CUMMINS/FS19763"
31/08/2026;RTG Material Maitenance;713;268,60;"FILTRO;AG;FLEETGUARD/WF2126;DO"
31/08/2026;RTG Material Maitenance;713;233,98;"ELEMENTO FILTR;OLEO DIESEL;FLE"
31/08/2026;RTG Material Maitenance;713;258,08;"FILTRO;F/R:FLEETGUARD/LF9070"
31/08/2026;RTG Material Maitenance;713;94,32;"FILTRO;SEPAR;CUMMINS/FS19763"
31/08/2026;RTG Material Maitenance;713;1.013,52;"BATERIA AUTO;SELAD;12V;180A"
31/08/2026;RTG Material Maitenance;713;1.013,52;"BATERIA AUTO;SELAD;12V;180A"
31/08/2026;RTG Material Maitenance;713;185,49;"ELEMENTO FILTR;AR SEC;DONALDSO"
31/08/2026;RTG Material Maitenance;713;325,19;"FILTRO;PRIMAR;AR;DONALDSON/P78"
31/08/2026;RTG Material Maitenance;713;94,32;"FILTRO;SEPAR;CUMMINS/FS19763"
31/08/2026;RTG Material Maitenance;713;594,08;"ELEMENTO FILTR;AR;FLEETGUARD/A"
31/08/2026;RTG Material Maitenance;713;2.159,12;ALTERNADOR 24V 4936879
31/08/2026;RTG Material Maitenance;713;2.027,04;"BATERIA AUTO;SELAD;12V;180A"
31/08/2026;RTG Material Maitenance;713;94,32;"FILTRO;SEPAR;CUMMINS/FS19763"
31/08/2026;RTG Material Maitenance;713;379,69;"BOLA;AUTOMATICA;EXTINTORA;INCE"
31/08/2026;RTG Material Maitenance;713;183,05;"VASELINA;SOLID;LAT 1KG"
31/08/2026;RTG Material Maitenance;713;4.796,69;"BOBINA;KONECRANES/60/891.080.1"
31/08/2026;RTG Material Maitenance;713;2.345,00;"OLEO LUBRIF;MOTOR 15W40"
31/08/2026;RTG Material Maitenance;713;94,32;"FILTRO;SEPAR;CUMMINS/FS19763"
31/08/2026;RTG Material Maitenance;713;58,86;"FRASCO;PLAS;INCOL;CIL;250ML;C/"
31/08/2026;RTG Material Maitenance;713;268,60;"FILTRO;AG;FLEETGUARD/WF2126;DO"
31/08/2026;RTG Material Maitenance;713;233,98;"ELEMENTO FILTR;OLEO DIESEL;FLE"
31/08/2026;RTG Material Maitenance;713;258,08;"FILTRO;F/R:FLEETGUARD/LF9070"
31/08/2026;RTG Material Maitenance;713;670,46;"FONTE ALIM CC;CHAV;24V;13,8V;J"
31/08/2026;RTG Material Maitenance;713;2.159,12;ALTERNADOR 24V 4936879
31/08/2026;RTG Material Maitenance;713;1.013,52;"BATERIA AUTO;SELAD;12V;180A"
31/08/2026;RTG Material Maitenance;713;1.013,52;"BATERIA AUTO;SELAD;12V;180A"
31/08/2026;RTG Material Maitenance;713;2.658,50;"CONTATOR;TETRAPOLAR;60A;LC1DT60AF7"
31/08/2026;RTG Material Maitenance;713;432,32;"CONTATOR TRIP;32A;60HZ;1NA;ABB"
31/08/2026;RTG Material Maitenance;713;30.655,35;"JOYSTICK;RTG;KONECRANES/524203"
31/08/2026;RTG Material Maitenance;713;43,56;"BUZZER;SINALIZADOR;LUMINOSO;AD"
31/08/2026;RTG Material Maitenance;713;16.924,87;"RETIFICADOR FREIO;KONECRANES/5"
31/08/2026;RTG Material Maitenance;713;1.452,00;"MODULO;RETIFICADOR;RGM100"
31/08/2026;RTG Material Maitenance;714;673,81;"ADITIVO;P/ RADIADOR;COR:AZUL"
31/08/2026;RTG Material Maitenance;714;224,60;"ADITIVO;P/ RADIADOR;COR:AZUL"
31/08/2026;RTG Material Maitenance;714;140,70;"OLEO LUBRIF;MOTOR 15W40"
31/08/2026;RTG Material Maitenance;714;224,60;"ADITIVO;P/ RADIADOR;COR:AZUL"
31/08/2026;RTG Material Maitenance;714;211,05;"OLEO LUBRIF;MOTOR 15W40"
31/08/2026;RTG Material Maitenance;714;1.088,99;"TINTA;AMARELA;RAL1003;PU;JOTUN"
31/08/2026;RTG Material Maitenance;714;149,73;"ADITIVO;P/ RADIADOR;COR:AZUL"
31/08/2026;RTG Material Maitenance;714;117,25;"OLEO LUBRIF;MOTOR 15W40"
31/08/2026;RTG Material Maitenance;714;74,87;"ADITIVO;P/ RADIADOR;COR:AZUL"
31/08/2026;RTG Material Maitenance;714;53,12;"LIMPADOR SUPERF;VIDR;LIQ;FR 50"
31/08/2026;RTG Material Maitenance;714;77,92;"RETENTOR;45X72X9,50MM;SABO/015"
31/08/2026;RTG Material Maitenance;714;2.345,00;"OLEO LUBRIF;MOTOR 15W40"
31/08/2026;RTG Material Maitenance;714;94,32;"FILTRO;SEPAR;CUMMINS/FS19763"
31/08/2026;RTG Material Maitenance;714;58,86;"FRASCO;PLAS;INCOL;CIL;250ML;C/"
31/08/2026;RTG Material Maitenance;714;268,60;"FILTRO;AG;FLEETGUARD/WF2126;DO"
31/08/2026;RTG Material Maitenance;714;1.038,47;"FILTRO;DIESEL;CUMMINS/FF63010"
31/08/2026;RTG Material Maitenance;714;258,08;"FILTRO;F/R:FLEETGUARD/LF9070"
31/08/2026;RTG Material Maitenance;714;167,89;"TOALHA IND;BR;KIMBERLY CLARK/W"
31/08/2026;RTG Material Maitenance;714;299,95;"FILTRO;PRIMARIO;DIESEL;QSX15;A"
31/08/2026;RTG Material Maitenance;714;299,95;"FILTRO;PRIMARIO;DIESEL;QSX15;A"
31/08/2026;RTG Material Maitenance;714;16.228,12;"FREIO;GANTRY/TRANSLADO;TR-11-2"
31/08/2026;RTG Material Maitenance;714;998,25;"MODULO;KONE/V0003740"
31/08/2026;RTG Material Maitenance;714;3.613,08;"DISPOSITIVO;ABERTURA;BUBENZER/"
31/08/2026;RTG Material Maitenance;714;429,23;PARAFUSO F/R:DHL/PAR-2581
31/08/2026;RTG Material Maitenance;714;2.383,17;"GRAXA;OLEO MINER;ROCOL/RDOFFSH"
31/08/2026;RTG Material Maitenance;714;10,40;"ADESIVO VED;BRASCOLA/BRASCOVED"
31/08/2026;RTG Material Maitenance;714;8.114,06;"FREIO;GANTRY/TRANSLADO;TR-11-2"
31/08/2026;RTG Material Maitenance;714;998,25;"MODULO;KONE/V0003740"
31/08/2026;RTG Material Maitenance;714;998,25;"MODULO;KONE/V0003740"
31/08/2026;RTG Material Maitenance;714;323,98;"EIXO;APLICACAO;ENCODER;MOTOR;H"
31/08/2026;RTG Material Maitenance;714;559,61;"SUPORTE;LEINE LINDE/534184-01"
31/08/2026;RTG Material Maitenance;714;4.034,64;"CODIFICADOR;INCR;BID;LEINE E L"
31/08/2026;RTG Material Maitenance;714;149,73;"ADITIVO;P/ RADIADOR;COR:AZUL"
31/08/2026;RTG Material Maitenance;714;12.931,87;"RODA LE CARRO/TROLLEY;53213852"
31/08/2026;RTG Material Maitenance;714;25,39;"OLEO DESENGRIP;AEROSSOL 300ML;"
31/08/2026;RTG Material Maitenance;714;40,49;"BUZINA;ELET 24VCC;S/CORNETA;BO"
31/08/2026;RTG Material Maitenance;714;224,60;"ADITIVO;P/ RADIADOR;COR:AZUL"
31/08/2026;RTG Material Maitenance;715;-70,51;LAMPADA LED TUBULAR LEDMAX T5
31/08/2026;RTG Material Maitenance;715;117,25;"OLEO LUBRIF;MOTOR 15W40"
31/08/2026;RTG Material Maitenance;715;998,25;"MODULO;KONE/V0003740"
31/08/2026;RTG Material Maitenance;715;8.114,06;"FREIO;GANTRY/TRANSLADO;TR-11-2"
31/08/2026;RTG Material Maitenance;715;325,19;"FILTRO;PRIMAR;AR;DONALDSON/P78"
31/08/2026;RTG Material Maitenance;715;268,60;"FILTRO;AG;FLEETGUARD/WF2126;DO"
31/08/2026;RTG Material Maitenance;715;94,32;"FILTRO;SEPAR;CUMMINS/FS19763"
31/08/2026;RTG Material Maitenance;715;299,47;"ADITIVO;P/ RADIADOR;COR:AZUL"
31/08/2026;RTG Material Maitenance;715;107.082,85;"ESTEIRA;BREVETTI/M80PEX470400"
31/08/2026;RTG Material Maitenance;715;94,32;"FILTRO;SEPAR;CUMMINS/FS19763"
31/08/2026;RTG Material Maitenance;715;5.517,01;"SAPATA;DESLIZANTE;IGUS/93.20B."
31/08/2026;RTG Material Maitenance;715;199,98;"GRAFITE PO;PCT 5KG;VONDER/5199"
31/08/2026;RTG Material Maitenance;715;2.345,00;"OLEO LUBRIF;MOTOR 15W40"
31/08/2026;RTG Material Maitenance;715;94,32;"FILTRO;SEPAR;CUMMINS/FS19763"
31/08/2026;RTG Material Maitenance;715;268,60;"FILTRO;AG;FLEETGUARD/WF2126;DO"
31/08/2026;RTG Material Maitenance;715;233,98;"ELEMENTO FILTR;OLEO DIESEL;FLE"
31/08/2026;RTG Material Maitenance;715;258,08;"FILTRO;F/R:FLEETGUARD/LF9070"
31/08/2026;RTG Material Maitenance;715;209,58;"SENSOR;TEMPERATURA;AGUA;DO MOTOR;CUMMINS QSL9 ROSC"
31/08/2026;RTG Material Maitenance;715;4.767,77;"CABO ACO PREFORM;IPH/26MM6X41W"
31/08/2026;RTG Material Maitenance;715;4.890,15;"CABO ACO PREFORM;IPH/26MM6X41W"
31/08/2026;RTG Material Maitenance;715;164,10;"JUNTA;COLETOR;CUMMINS/4907446"
31/08/2026;RTG Material Maitenance;715;139,68;"TELA;CUMMINS/4076598"
31/08/2026;RTG Material Maitenance;715;511,72;"JUNTA;COLETOR;CUMMINS/4907447"
31/08/2026;RTG Material Maitenance;715;347,74;"FILTRO;TELA;CUMMINS/3090769"
31/08/2026;RTG Material Maitenance;715;72,51;"DESENGRAXANTE;P/MAOS;GEL;WURTH"
31/08/2026;RTG Material Maitenance;715;347,74;"FILTRO;TELA;CUMMINS/3090769"
31/08/2026;RTG Material Maitenance;715;101,73;"ESPACADOR;CUMMINS/3092250"
31/08/2026;RTG Material Maitenance;715;106,03;"LIMPADOR SUPERF;LAVAGEM A SECO"
31/08/2026;RTG Material Maitenance;715;998,25;"MODULO;KONE/V0003740"
31/08/2026;RTG Material Maitenance;715;8.114,06;"FREIO;GANTRY/TRANSLADO;TR-11-2"
31/08/2026;RTG Material Maitenance;715;35,34;"LIMPADOR SUPERF;LAVAGEM A SECO"
31/08/2026;RTG Material Maitenance;715;4.796,69;"BOBINA;KONECRANES/60/891.080.1"
31/08/2026;RTG Material Maitenance;715;40,49;"BUZINA;ELET 24VCC;S/CORNETA;BO"
31/08/2026;RTG Material Maitenance;715;519,44;"OLEO LUBRIFICANTE;P/ ENGRENAGE"
31/08/2026;RTG Material Maitenance;715;119,30;"RELE AUX ENC;SOQ;24VCC;FINDER/"
31/08/2026;RTG Material Maitenance;715;33,28;"BASE RELE;FINDER SER 6013;SOQ;"
31/08/2026;RTG Material Maitenance;715;272,25;"CABO COBRE FLEXIVEL;CL 5;CZ"
31/08/2026;RTG Material Maitenance;715;94,32;"FILTRO;SEPAR;CUMMINS/FS19763"
31/08/2026;RTG Material Maitenance;715;94,32;"FILTRO;SEPAR;CUMMINS/FS19763"
31/08/2026;RTG Material Maitenance;715;325,19;"FILTRO;PRIMAR;AR;DONALDSON/P78"
31/08/2026;RTG Material Maitenance;715;234,08;"PROTETOR;CAMARA DE AR;ARO 24 P"
31/08/2026;RTG Material Maitenance;715;104,81;"ADITIVO;P/ RADIADOR;COR:AZUL"
31/08/2026;RTG Material Maitenance;715;379,69;"BOLA;AUTOMATICA;EXTINTORA;INCE"
31/08/2026;RTG Material Maitenance;715;8.070,93;"MOTOR;KONECRANES/MFXP200212BB5"
31/08/2026;RTG Material Maitenance;715;4.796,69;"BOBINA;KONECRANES/60/891.080.1"
31/08/2026;RTG Material Maitenance;715;572,30;PARAFUSO F/R:DHL/PAR-2581
31/08/2026;RTG Material Maitenance;715;94,32;"FILTRO;SEPAR;CUMMINS/FS19763"
31/08/2026;RTG Material Maitenance;715;325,19;"FILTRO;PRIMAR;AR;DONALDSON/P78"
31/08/2026;RTG Material Maitenance;715;224,60;"ADITIVO;P/ RADIADOR;COR:AZUL"
31/08/2026;RTG Material Maitenance;716;-538,12;"FILTRO;AR;CUMMINS/AF25708M"
31/08/2026;RTG Material Maitenance;716;-110,49;"FITA ISOL ELETR;69KV;3M/H00021"
31/08/2026;RTG Material Maitenance;716;-159,65;"BUCHA;KONECRANES/KM2108V3"
31/08/2026;RTG Material Maitenance;716;-538,12;"FILTRO;AR;CUMMINS/AF25708M"
31/08/2026;RTG Material Maitenance;716;2.383,17;"GRAXA;OLEO MINER;ROCOL/RDOFFSH"
31/08/2026;RTG Material Maitenance;716;2.534,12;"DESENGRAXANTE;50L;HEPTA CLEAN"
31/08/2026;RTG Material Maitenance;716;167,89;"TOALHA IND;BR;KIMBERLY CLARK/W"
31/08/2026;RTG Material Maitenance;716;4.796,69;"BOBINA;KONECRANES/60/891.080.1"
31/08/2026;RTG Material Maitenance;716;998,25;"MODULO;KONE/V0003740"
31/08/2026;RTG Material Maitenance;716;8.070,93;"MOTOR;KONECRANES/MFXP200212BB5"
31/08/2026;RTG Material Maitenance;716;8.070,93;"MOTOR;KONECRANES/MFXP200212BB5"
31/08/2026;RTG Material Maitenance;716;998,25;"MODULO;KONE/V0003740"
31/08/2026;RTG Material Maitenance;716;8.070,93;"MOTOR;KONECRANES/MFXP200212BB5"
31/08/2026;RTG Material Maitenance;716;572,30;PARAFUSO F/R:DHL/PAR-2581
31/08/2026;RTG Material Maitenance;716;559,61;"SUPORTE;LEINE LINDE/534184-01"
31/08/2026;RTG Material Maitenance;716;4.034,64;"CODIFICADOR;INCR;BID;LEINE E L"
31/08/2026;RTG Material Maitenance;716;162,47;"BUCHA;KONECRANES/52490100"
31/08/2026;RTG Material Maitenance;716;162,47;"BUCHA;KONECRANES/52490100"
31/08/2026;RTG Material Maitenance;716;323,98;"EIXO;APLICACAO;ENCODER;MOTOR;H"
31/08/2026;RTG Material Maitenance;716;559,61;"SUPORTE;LEINE LINDE/534184-01"
31/08/2026;RTG Material Maitenance;716;110,49;"FITA ISOL ELETR;69KV;3M/H00021"
31/08/2026;RTG Material Maitenance;716;318,35;"TC;MEDIDOR;CORRENTE;5A;APLICAC"
31/08/2026;RTG Material Maitenance;716;538,12;"FILTRO;AR;CUMMINS/AF25708M"
31/08/2026;RTG Material Maitenance;716;538,12;"FILTRO;AR;CUMMINS/AF25708M"
31/08/2026;RTG Material Maitenance;716;74,87;"ADITIVO;P/ RADIADOR;COR:AZUL"
31/08/2026;RTG Material Maitenance;716;31,54;"GRAXA;NAUTICA;LIT;INGRAX/UNILI"
31/08/2026;RTG Material Maitenance;716;379,69;"BOLA;AUTOMATICA;EXTINTORA;INCE"
31/08/2026;RTG Material Maitenance;716;4.034,64;"CODIFICADOR;INCR;BID;LEINE E L"
31/08/2026;RTG Material Maitenance;716;559,61;"SUPORTE;LEINE LINDE/534184-01"
31/08/2026;RTG Material Maitenance;716;383,88;"ANEL;LEINE E LINDE/66451901"
31/08/2026;RTG Material Maitenance;716;559,61;"SUPORTE;LEINE LINDE/534184-01"
31/08/2026;RTG Material Maitenance;716;323,98;"EIXO;APLICACAO;ENCODER;MOTOR;H"
31/08/2026;RTG Material Maitenance;716;149,73;"ADITIVO;P/ RADIADOR;COR:AZUL"
31/08/2026;RTG Material Maitenance;716;234,50;"OLEO LUBRIF;MOTOR 15W40"
31/08/2026;RTG Material Maitenance;716;94,32;"FILTRO;SEPAR;CUMMINS/FS19763"
31/08/2026;RTG Material Maitenance;716;23,01;PILHA(AAA) CONJUNTO 2 UNIDADES
31/08/2026;RTG Material Maitenance;716;159,65;"BUCHA;KONECRANES/KM2108V3"
31/08/2026;RTG Material Maitenance;716;162,47;"BUCHA;KONECRANES/52490100"
31/08/2026;RTG Material Maitenance;717;-4.796,69;"BOBINA;KONECRANES/60/891.080.1"
31/08/2026;RTG Material Maitenance;717;-11.574,76;"ACOPLAMENTO;KONECRANES/5G4408"
31/08/2026;RTG Material Maitenance;717;-61.936,81;"BICO;INJETOR;COMBUSTIVEL;APLIC"
31/08/2026;RTG Material Maitenance;717;-1.038,47;"FILTRO;DIESEL;CUMMINS/FF63010"
31/08/2026;RTG Material Maitenance;717;-258,08;"FILTRO;F/R:FLEETGUARD/LF9070"
31/08/2026;RTG Material Maitenance;717;-538,12;"FILTRO;AR;CUMMINS/AF25708M"
31/08/2026;RTG Material Maitenance;717;64.912,49;"FREIO;GANTRY/TRANSLADO;TR-11-2"
31/08/2026;RTG Material Maitenance;717;23,14;"QUEROSENE;FR 1L"
31/08/2026;RTG Material Maitenance;717;48.425,60;"MOTOR;KONECRANES/MFXP200212BB5"
31/08/2026;RTG Material Maitenance;717;26,60;"ANEL ELASTICO;FURO;35MM;DOBER"
31/08/2026;RTG Material Maitenance;717;1.446,96;"TUBO;DENTADO;ALUMINIO;VEDACAO;"
31/08/2026;RTG Material Maitenance;717;3.433,80;PARAFUSO F/R:DHL/PAR-2581
31/08/2026;RTG Material Maitenance;717;41,60;"ADESIVO VED;BRASCOLA/BRASCOVED"
31/08/2026;RTG Material Maitenance;717;46.299,02;"ACOPLAMENTO;KONECRANES/5G4408"
31/08/2026;RTG Material Maitenance;717;167,89;"TOALHA IND;BR;KIMBERLY CLARK/W"
31/08/2026;RTG Material Maitenance;717;24,72;"BARRA ROSC AC INOX;AISI 304;M6"
31/08/2026;RTG Material Maitenance;717;53,19;"ANEL ELASTICO;FURO;35MM;DOBER"
31/08/2026;RTG Material Maitenance;717;83,49;"ANEL;ELASTICO;FURO;32MM;DOBER"
31/08/2026;RTG Material Maitenance;717;2.345,00;"OLEO LUBRIF;MOTOR 15W40"
31/08/2026;RTG Material Maitenance;717;94,32;"FILTRO;SEPAR;CUMMINS/FS19763"
31/08/2026;RTG Material Maitenance;717;58,86;"FRASCO;PLAS;INCOL;CIL;250ML;C/"
31/08/2026;RTG Material Maitenance;717;268,60;"FILTRO;AG;FLEETGUARD/WF2126;DO"
31/08/2026;RTG Material Maitenance;717;1.038,47;"FILTRO;DIESEL;CUMMINS/FF63010"
31/08/2026;RTG Material Maitenance;717;258,08;"FILTRO;F/R:FLEETGUARD/LF9070"
31/08/2026;RTG Material Maitenance;717;38.373,56;"BOBINA;KONECRANES/60/891.080.1"
31/08/2026;RTG Material Maitenance;717;4.034,64;"CODIFICADOR;INCR;BID;LEINE E L"
31/08/2026;RTG Material Maitenance;717;24,72;"BARRA ROSC AC INOX;AISI 304;M6"
31/08/2026;RTG Material Maitenance;717;862,07;CORPO CHAVE FIM CURSO
31/08/2026;RTG Material Maitenance;717;403,21;CONECTOR SENSOR MACHO RETO
31/08/2026;RTG Material Maitenance;717;403,21;CONECTOR SENSOR MACHO RETO
31/08/2026;RTG Material Maitenance;717;724,50;"CHAVE FIM CURS;1NA1NF;SCHNEIDE"
31/08/2026;RTG Material Maitenance;717;82,42;"PRENSA CABO;PHOENIX/1415125"
31/08/2026;RTG Material Maitenance;717;72,27;"HASTE;VARETA;ACO;INOX;3.0MM;TA"
31/08/2026;RTG Material Maitenance;717;61.936,81;"BICO;INJETOR;COMBUSTIVEL;APLIC"
31/08/2026;RTG Material Maitenance;717;258,08;"FILTRO;F/R:FLEETGUARD/LF9070"
31/08/2026;RTG Material Maitenance;717;94,32;"FILTRO;SEPAR;CUMMINS/FS19763"
31/08/2026;RTG Material Maitenance;717;1.038,47;"FILTRO;DIESEL;CUMMINS/FF63010"
31/08/2026;RTG Material Maitenance;717;268,60;"FILTRO;AG;FLEETGUARD/WF2126;DO"
31/08/2026;RTG Material Maitenance;717;5.980,33;"VALVULA;REGULADORA,ATUADOR;DA;BOMBA;DE;COMBUSTIVEL"
31/08/2026;RTG Material Maitenance;717;538,12;"FILTRO;AR;CUMMINS/AF25708M"
31/08/2026;RTG Material Maitenance;717;748,67;"ADITIVO;P/ RADIADOR;COR:AZUL"
31/08/2026;RTG Material Maitenance;718;-94,32;"FILTRO;SEPAR;CUMMINS/FS19763"
31/08/2026;RTG Material Maitenance;718;-538,12;"FILTRO;AR;CUMMINS/AF25708M"
31/08/2026;RTG Material Maitenance;718;35,94;"CADEADO;LAT MACIC;25MM;S/INVOL"
31/08/2026;RTG Material Maitenance;718;2.345,00;"OLEO LUBRIF;MOTOR 15W40"
31/08/2026;RTG Material Maitenance;718;94,32;"FILTRO;SEPAR;CUMMINS/FS19763"
31/08/2026;RTG Material Maitenance;718;268,60;"FILTRO;AG;FLEETGUARD/WF2126;DO"
31/08/2026;RTG Material Maitenance;718;1.038,47;"FILTRO;DIESEL;CUMMINS/FF63010"
31/08/2026;RTG Material Maitenance;718;258,08;"FILTRO;F/R:FLEETGUARD/LF9070"
31/08/2026;RTG Material Maitenance;718;686,96;"SIRENE;BC-8;NANHUA;TENSAO 24V"
31/08/2026;RTG Material Maitenance;718;35,34;"LIMPADOR SUPERF;LAVAGEM A SECO"
31/08/2026;RTG Material Maitenance;718;1.998,48;"CABO ACO PREFORM;IPH/16MM6X41W"
31/08/2026;RTG Material Maitenance;718;9.535,54;"CABO ACO PREFORM;IPH/26MM6X41W"
31/08/2026;RTG Material Maitenance;718;9.780,29;"CABO ACO PREFORM;IPH/26MM6X41W"
31/08/2026;RTG Material Maitenance;718;329,02;"COMUTADOR/SELETOR;SCHNEIDER;VD"
31/08/2026;RTG Material Maitenance;718;46.600,13;"RODA;DIREITA;TROLLEY;53205098"
31/08/2026;RTG Material Maitenance;718;8.114,06;"FREIO;GANTRY/TRANSLADO;TR-11-2"
31/08/2026;RTG Material Maitenance;718;998,25;"MODULO;KONE/V0003740"
31/08/2026;RTG Material Maitenance;718;149,73;"ADITIVO;P/ RADIADOR;COR:AZUL"
31/08/2026;RTG Material Maitenance;718;190,73;PORCA SEXT OSCILANTE M22X1,5
31/08/2026;RTG Material Maitenance;718;333,47;"PARAFUSO ESTOJ;M22X1,5X42MM;PA"
31/08/2026;RTG Material Maitenance;718;94,32;"FILTRO;SEPAR;CUMMINS/FS19763"
31/08/2026;RTG Material Maitenance;719;-2.406,17;"MOTOR PARTID;7,5KW;24VCC;DELCO"
31/08/2026;RTG Material Maitenance;719;234,50;"OLEO LUBRIF;MOTOR 15W40"
31/08/2026;RTG Material Maitenance;719;2.345,00;"OLEO LUBRIF;MOTOR 15W40"
31/08/2026;RTG Material Maitenance;719;94,32;"FILTRO;SEPAR;CUMMINS/FS19763"
31/08/2026;RTG Material Maitenance;719;268,60;"FILTRO;AG;FLEETGUARD/WF2126;DO"
31/08/2026;RTG Material Maitenance;719;233,98;"ELEMENTO FILTR;OLEO DIESEL;FLE"
31/08/2026;RTG Material Maitenance;719;258,08;"FILTRO;F/R:FLEETGUARD/LF9070"
31/08/2026;RTG Material Maitenance;719;1.239,22;"FONTE ALIM;100/240VCA;24VCC;PH"
31/08/2026;RTG Material Maitenance;719;757,96;"RELE;AUXILIAR;ENCAIXE;RELECO/C"
31/08/2026;RTG Material Maitenance;719;217,80;"BASE RELE;RELECO C7;SOQ;KUHN/S"
31/08/2026;RTG Material Maitenance;719;909,51;"LUMINARIA;LATINA/LT.BIL.A050.60"
31/08/2026;RTG Material Maitenance;719;599,90;"FILTRO;PRIMARIO;DIESEL;QSX15;A"
31/08/2026;RTG Material Maitenance;719;8.070,93;"MOTOR;KONECRANES/MFXP200212BB5"
31/08/2026;RTG Material Maitenance;719;572,30;PARAFUSO F/R:DHL/PAR-2581
31/08/2026;RTG Material Maitenance;719;39,06;"ADESIVO SIL ACETICO;BRANCO"
31/08/2026;RTG Material Maitenance;719;680,63;"BLOCO CONT AUX TEMPORIZ;SCHNEI"
31/08/2026;RTG Material Maitenance;719;1.998,48;"CABO ACO PREFORM;IPH/16MM6X41W"
31/08/2026;RTG Material Maitenance;719;1.851,55;"CABO ACO PREFORM;IPH/16MM6X41W"
31/08/2026;RTG Material Maitenance;719;1.998,48;"CABO ACO PREFORM;IPH/16MM6X41W"
31/08/2026;RTG Material Maitenance;719;8.070,93;"MOTOR;KONECRANES/MFXP200212BB5"
31/08/2026;RTG Material Maitenance;719;4.034,64;"CODIFICADOR;INCR;BID;LEINE E L"
31/08/2026;RTG Material Maitenance;719;8.070,93;"MOTOR;KONECRANES/MFXP200212BB5"
31/08/2026;RTG Material Maitenance;719;2.406,17;"MOTOR PARTID;7,5KW;24VCC;DELCO"
31/08/2026;RTG Material Maitenance;719;234,50;"OLEO LUBRIF;MOTOR 15W40"
31/08/2026;RTG Material Maitenance;719;8.114,06;"FREIO;GANTRY/TRANSLADO;TR-11-2"
31/08/2026;RTG Material Maitenance;719;998,25;"MODULO;KONE/V0003740"
31/08/2026;RTG Material Maitenance;719;469,00;"OLEO LUBRIF;MOTOR 15W40"
31/08/2026;RTG Material Maitenance;719;149,73;"ADITIVO;P/ RADIADOR;COR:AZUL"
31/08/2026;RTG Material Maitenance;719;224,60;"ADITIVO;P/ RADIADOR;COR:AZUL"
31/08/2026;RTG Material Maitenance;719;224,60;"ADITIVO;P/ RADIADOR;COR:AZUL"
31/08/2026;RTG Material Maitenance;720;3.416,34;"VENTILADOR(01);KONECRANES"
31/08/2026;RTG Material Maitenance;720;2.700,25;"FONTE ALIM;100-240VCA;24VCC;PH"
31/08/2026;RTG Material Maitenance;720;6.503,83;"SWITCH;ETH;SI;7PORT;RJ45;PHOEN"
31/08/2026;RTG Material Maitenance;720;1.364,58;"CONECTOR P/CAB COMUNIC RED;6ES"
31/08/2026;RTG Material Maitenance;720;183,87;"ADAPTADOR P/PLU CONECT;Y;TPU;P"
31/08/2026;RTG Material Maitenance;720;964,04;"CABO CON;PUR CZ;2M;PEPPERL FUC"
31/08/2026;RTG Material Maitenance;720;1.654,93;"CABO CON;EXTENS;PUR PT;5M;IFM/"
31/08/2026;RTG Material Maitenance;720;44,97;"BLOCO;CONTATO;SIEMENS/3SU1400"
31/08/2026;RTG Material Maitenance;720;1.089,00;"SENSOR MAGN;RET;250VCA;ALU;SCH"
31/08/2026;RTG Material Maitenance;720;323,98;"EIXO;APLICACAO;ENCODER;MOTOR;H"
31/08/2026;RTG Material Maitenance;720;5.226,42;"RESISTENCIA;120W;GINO AG/63463"
31/08/2026;RTG Material Maitenance;720;58,08;"CABECOTE BOT COM;COG;VM;PT;STE"
31/08/2026;RTG Material Maitenance;720;18,15;"BLOCO CONT BOT COM;1NF;10A;660"
31/08/2026;RTG Material Maitenance;720;495,50;"ALAVANCA;AJUSTAVEL;APLICACAO;L"
31/08/2026;RTG Material Maitenance;720;4.034,64;"CODIFICADOR;INCR;BID;LEINE E L"
31/08/2026;RTG Material Maitenance;720;634,26;"RELE;POTENCIA;24V;DC;VF4-45H11-S05;:CIRCUITO;ELETR"
31/08/2026;RTG Material Maitenance;720;25,39;"OLEO DESENGRIP;AEROSSOL 300ML;"
31/08/2026;RTG Material Maitenance;720;40,82;"FLUIDO LIMP CONT;WURTH/3895653"
31/08/2026;RTG Material Maitenance;720;54,69;"FITA ISOL ELETR;750V;ADES;PVC;"
31/08/2026;RTG Material Maitenance;721;117,25;"OLEO LUBRIF;MOTOR 15W40"
31/08/2026;RTG Material Maitenance;721;325,19;"FILTRO;PRIMAR;AR;DONALDSON/P78"
31/08/2026;RTG Material Maitenance;721;94,32;"FILTRO;SEPAR;CUMMINS/FS19763"
31/08/2026;RTG Material Maitenance;721;94,32;"FILTRO;SEPAR;CUMMINS/FS19763"
31/08/2026;RTG Material Maitenance;721;94,32;"FILTRO;SEPAR;CUMMINS/FS19763"
31/08/2026;RTG Material Maitenance;721;41,60;"ADESIVO VED;BRASCOLA/BRASCOVED"
31/08/2026;RTG Material Maitenance;721;80,98;"BUZINA;ELET 24VCC;S/CORNETA;BO"
31/08/2026;RTG Material Maitenance;721;3.613,08;"DISPOSITIVO;ABERTURA;BUBENZER/"
31/08/2026;RTG Material Maitenance;721;220,68;"DESENGRAXANTE;UNIVERSAL;ECO-W;"
31/08/2026;RTG Material Maitenance;721;20,80;"ADESIVO VED;BRASCOLA/BRASCOVED"
31/08/2026;RTG Material Maitenance;721;58,86;"FRASCO;PLAS;INCOL;CIL;250ML;C/"
31/08/2026;RTG Material Maitenance;721;2.345,00;"OLEO LUBRIF;MOTOR 15W40"
31/08/2026;RTG Material Maitenance;721;1.048,14;"ADITIVO;P/ RADIADOR;COR:AZUL"
31/08/2026;RTG Material Maitenance;721;94,32;"FILTRO;SEPAR;CUMMINS/FS19763"
31/08/2026;RTG Material Maitenance;721;58,86;"FRASCO;PLAS;INCOL;CIL;250ML;C/"
31/08/2026;RTG Material Maitenance;721;44,79;"FILTRO;DO OLEO HID;P556005"
31/08/2026;RTG Material Maitenance;721;268,60;"FILTRO;AG;FLEETGUARD/WF2126;DO"
31/08/2026;RTG Material Maitenance;721;233,98;"ELEMENTO FILTR;OLEO DIESEL;FLE"
31/08/2026;RTG Material Maitenance;721;258,08;"FILTRO;F/R:FLEETGUARD/LF9070"
31/08/2026;RTG Material Maitenance;721;185,49;"ELEMENTO FILTR;AR SEC;DONALDSO"
31/08/2026;RTG Material Maitenance;721;325,19;"FILTRO;PRIMAR;AR;DONALDSON/P78"
31/08/2026;RTG Material Maitenance;721;43,56;"DISJUNTOR;20A;SCHNEIDER/EZ9F33"
31/08/2026;RTG Material Maitenance;721;3.613,08;"DISPOSITIVO;ABERTURA;BUBENZER/"
31/08/2026;RTG Material Maitenance;721;231,89;"PARAFUSO;SEXTAVADO;M20X80MM;PA"
31/08/2026;RTG Material Maitenance;721;38,72;PORCA AUTO TRAVANTE  M20 PASSO
31/08/2026;RTG Material Maitenance;721;846,19;"CONECTOR REDE;PROFIBUS;90 GR;1"
31/08/2026;RTG Material Maitenance;721;1.079,92;"DESENGRAXANTE;20L;CERTIFIED/DA"
31/08/2026;RTG Material Maitenance;721;894,16;"FLIPPER;YTS45;APLICACAO;SPREAD"
31/08/2026;RTG Material Maitenance;721;2.422,59;"TENSOR;KONECRANES/3104029"
31/08/2026;RTG Material Maitenance;721;2.383,17;"GRAXA;OLEO MINER;ROCOL/RDOFFSH"
31/08/2026;RTG Material Maitenance;721;94,32;"FILTRO;SEPAR;CUMMINS/FS19763"
31/08/2026;RTG Material Maitenance;721;4.690,00;"OLEO LUBRIF;MOTOR 15W40"
31/08/2026;RTG Material Maitenance;721;4.690,00;"OLEO LUBRIF;MOTOR 15W40"
31/08/2026;RTG Material Maitenance;722;1.079,92;"DESENGRAXANTE;20L;CERTIFIED/DA"
31/08/2026;RTG Material Maitenance;722;504,81;"DESENGRAXANTE;DIELETRICO;WURTH"
31/08/2026;RTG Material Maitenance;722;2.345,00;"OLEO LUBRIF;MOTOR 15W40"
31/08/2026;RTG Material Maitenance;722;94,32;"FILTRO;SEPAR;CUMMINS/FS19763"
31/08/2026;RTG Material Maitenance;722;44,79;"FILTRO;DO OLEO HID;P556005"
31/08/2026;RTG Material Maitenance;722;268,60;"FILTRO;AG;FLEETGUARD/WF2126;DO"
31/08/2026;RTG Material Maitenance;722;233,98;"ELEMENTO FILTR;OLEO DIESEL;FLE"
31/08/2026;RTG Material Maitenance;722;258,08;"FILTRO;F/R:FLEETGUARD/LF9070"
31/08/2026;RTG Material Maitenance;722;2.868,34;"SAPATA;FREIO;UNITARIO; ESPESSU"
31/08/2026;RTG Material Maitenance;722;80,98;"BUZINA;ELET 24VCC;S/CORNETA;BO"
31/08/2026;RTG Material Maitenance;722;1.819,02;"LUMINARIA;LATINA/LT.BIL.A050.60"
31/08/2026;RTG Material Maitenance;722;94,32;"FILTRO;SEPAR;CUMMINS/FS19763"
31/08/2026;RTG Material Maitenance;722;4.126,87;"ACOPLADOR P/RED;PROFIBUS DP;24"
31/08/2026;RTG Material Maitenance;722;234,50;"OLEO LUBRIF;MOTOR 15W40"
31/08/2026;RTG Material Maitenance;722;94,32;"FILTRO;SEPAR;CUMMINS/FS19763"
31/08/2026;RTG Material Maitenance;722;94,32;"FILTRO;SEPAR;CUMMINS/FS19763"
31/08/2026;RTG Material Maitenance;722;94,32;"FILTRO;SEPAR;CUMMINS/FS19763"
31/08/2026;RTG Material Maitenance;722;325,19;"FILTRO;PRIMAR;AR;DONALDSON/P78"
31/08/2026;RTG Material Maitenance;722;2.406,17;"MOTOR PARTID;7,5KW;24VCC;DELCO"
31/08/2026;RTG Material Maitenance;722;188,63;"FILTRO;SEPAR;CUMMINS/FS19763"
31/08/2026;RTG Material Maitenance;722;8.660,82;"CABO ACO PREFORM;IPH/26MM 8X31"
31/08/2026;RTG Material Maitenance;722;2.345,00;"OLEO LUBRIF;MOTOR 15W40"
31/08/2026;RTG Material Maitenance;722;117,25;"OLEO LUBRIF;MOTOR 15W40"
31/08/2026;RTG Material Maitenance;722;233,59;"SINALIZADOR LUM IND;SI;CIL;ACR"
31/08/2026;RTG Material Maitenance;722;5.383,35;"GRAXA;COMP LIT;GADUS-S3-V220C2"
31/08/2026;RTG Material Maitenance;722;1.048,14;"ADITIVO;P/ RADIADOR;COR:AZUL"
31/08/2026;RTG Material Maitenance;722;94,32;"FILTRO;SEPAR;CUMMINS/FS19763"
31/08/2026;RTG Material Maitenance;722;58,86;"FRASCO;PLAS;INCOL;CIL;250ML;C/"
31/08/2026;RTG Material Maitenance;722;44,79;"FILTRO;DO OLEO HID;P556005"
31/08/2026;RTG Material Maitenance;722;268,60;"FILTRO;AG;FLEETGUARD/WF2126;DO"
31/08/2026;RTG Material Maitenance;722;233,98;"ELEMENTO FILTR;OLEO DIESEL;FLE"
31/08/2026;RTG Material Maitenance;722;258,08;"FILTRO;F/R:FLEETGUARD/LF9070"
31/08/2026;RTG Material Maitenance;722;185,49;"ELEMENTO FILTR;AR SEC;DONALDSO"
31/08/2026;RTG Material Maitenance;722;325,19;"FILTRO;PRIMAR;AR;DONALDSON/P78"
31/08/2026;RTG Material Maitenance;722;22,23;"PASTILHA;AROMATIZANTE;P/AR CON"
31/08/2026;RTG Material Maitenance;722;1.468,29;"CORREIA;CUMMINS/3106099"
31/08/2026;RTG Material Maitenance;722;66,86;"CADEADO;LAT MACIC;50MM;S/INVOL"
31/08/2026;RTG Material Maitenance;723;-28.368,45;"ATUADOR;FREIO;ELETRO-HIDR;EMH/"
31/08/2026;RTG Material Maitenance;723;94,32;"FILTRO;SEPAR;CUMMINS/FS19763"
31/08/2026;RTG Material Maitenance;723;94,32;"FILTRO;SEPAR;CUMMINS/FS19763"
31/08/2026;RTG Material Maitenance;723;777,55;"SENSOR; F/R:IFM/IIT212"
31/08/2026;RTG Material Maitenance;723;11.550,43;"ATUADOR;FREIO;ELETRO-HIDRAULIC"
31/08/2026;RTG Material Maitenance;723;921,06;"CORRENTE;CERELLO/10B-3"
31/08/2026;RTG Material Maitenance;723;101,94;"ELO;CERELLO/EMENDA TIPO 25 10B"
31/08/2026;RTG Material Maitenance;723;167,89;"TOALHA IND;BR;KIMBERLY CLARK/W"
31/08/2026;RTG Material Maitenance;723;3.116,67;"OLEO LUBRIFICANTE;P/ ENGRENAGE"
31/08/2026;RTG Material Maitenance;723;2.350,79;"OLEO;HIDIDRAULICO;HVLP 68"
31/08/2026;RTG Material Maitenance;723;2.345,00;"OLEO LUBRIF;MOTOR 15W40"
31/08/2026;RTG Material Maitenance;723;1.048,14;"ADITIVO;P/ RADIADOR;COR:AZUL"
31/08/2026;RTG Material Maitenance;723;94,32;"FILTRO;SEPAR;CUMMINS/FS19763"
31/08/2026;RTG Material Maitenance;723;58,86;"FRASCO;PLAS;INCOL;CIL;250ML;C/"
31/08/2026;RTG Material Maitenance;723;44,79;"FILTRO;DO OLEO HID;P556005"
31/08/2026;RTG Material Maitenance;723;268,60;"FILTRO;AG;FLEETGUARD/WF2126;DO"
31/08/2026;RTG Material Maitenance;723;233,98;"ELEMENTO FILTR;OLEO DIESEL;FLE"
31/08/2026;RTG Material Maitenance;723;258,08;"FILTRO;F/R:FLEETGUARD/LF9070"
31/08/2026;RTG Material Maitenance;723;185,49;"ELEMENTO FILTR;AR SEC;DONALDSO"
31/08/2026;RTG Material Maitenance;723;325,19;"FILTRO;PRIMAR;AR;DONALDSON/P78"
31/08/2026;RTG Material Maitenance;723;288,58;"OLEO LUBRIFICANTE;P/ ENGRENAGE"
31/08/2026;RTG Material Maitenance;723;58,86;"FRASCO;PLAS;INCOL;CIL;250ML;C/"
31/08/2026;RTG Material Maitenance;723;621,00;"ELEMENTO FILTR;OLEO;VIDR;SCHRO"
31/08/2026;RTG Material Maitenance;723;63,08;"GRAXA;NAUTICA;LIT;INGRAX/UNILI"
31/08/2026;RTG Material Maitenance;723;54,45;"SILICA GEL;2-5MM;BR;SACHE 10G"
31/08/2026;RTG Material Maitenance;723;844,71;"DESENGRAXANTE;50L;HEPTA CLEAN"
31/08/2026;RTG Material Maitenance;723;28.368,45;"ATUADOR;FREIO;ELETRO-HIDR;EMH/"
31/08/2026;RTG Material Maitenance;723;11.550,43;"ATUADOR;FREIO;ELETRO-HIDRAULIC"
31/08/2026;RTG Material Maitenance;723;4.264,35;"OLEO LUBRIFICANTE;P/ COMANDO F"
31/08/2026;RTG Material Maitenance;724;-776,29;FILTRO TELA DE ACO INOX MALHA
31/08/2026;RTG Material Maitenance;724;94,32;"FILTRO;SEPAR;CUMMINS/FS19763"
31/08/2026;RTG Material Maitenance;724;17,97;"CADEADO;LAT MACIC;25MM;S/INVOL"
31/08/2026;RTG Material Maitenance;724;2.345,00;"OLEO LUBRIF;MOTOR 15W40"
31/08/2026;RTG Material Maitenance;724;94,32;"FILTRO;SEPAR;CUMMINS/FS19763"
31/08/2026;RTG Material Maitenance;724;44,79;"FILTRO;DO OLEO HID;P556005"
31/08/2026;RTG Material Maitenance;724;268,60;"FILTRO;AG;FLEETGUARD/WF2126;DO"
31/08/2026;RTG Material Maitenance;724;233,98;"ELEMENTO FILTR;OLEO DIESEL;FLE"
31/08/2026;RTG Material Maitenance;724;258,08;"FILTRO;F/R:FLEETGUARD/LF9070"
31/08/2026;RTG Material Maitenance;724;1.079,92;"DESENGRAXANTE;20L;CERTIFIED/DA"
31/08/2026;RTG Material Maitenance;724;1.594,22;"VALVULA;REGULADORA;PRESSAO;QSX15;APLICACAO:TR;KONE"
31/08/2026;RTG Material Maitenance;724;1.499,66;"VALVULA;CUMMINS/3348322"
31/08/2026;RTG Material Maitenance;724;1.476,50;"VALVULA;CUMMINS/3348322"
31/08/2026;RTG Material Maitenance;724;776,29;FILTRO TELA DE ACO INOX MALHA
31/08/2026;RTG Material Maitenance;724;2.383,17;"GRAXA;OLEO MINER;ROCOL/RDOFFSH"
31/08/2026;RTG Material Maitenance;724;347,74;"FILTRO;TELA;CUMMINS/3090769"
31/08/2026;RTG Material Maitenance;724;58,86;"FRASCO;PLAS;INCOL;CIL;250ML;C/"
31/08/2026;RTG Material Maitenance;724;40,49;"BUZINA;ELET 24VCC;S/CORNETA;BO"
31/08/2026;RTG Material Maitenance;724;854,83;"OLEO;HIDIDRAULICO;HVLP 68"
31/08/2026;RTG Material Maitenance;724;1.027,60;"CORREIA;CUMMINS/3681636"
31/08/2026;RTG Material Maitenance;724;94,32;"FILTRO;SEPAR;CUMMINS/FS19763"
31/08/2026;RTG Material Maitenance;724;117,25;"OLEO LUBRIF;MOTOR 15W40"
31/08/2026;RTG Material Maitenance;724;94,32;"FILTRO;SEPAR;CUMMINS/FS19763"
31/08/2026;RTG Material Maitenance;724;325,19;"FILTRO;PRIMAR;AR;DONALDSON/P78"
31/08/2026;RTG Material Maitenance;724;1.917,60;"CABO;P/SENSOR;NIVEL;RTG;KALMAR"
31/08/2026;RTG Material Maitenance;725;167,89;"TOALHA IND;BR;KIMBERLY CLARK/W"
31/08/2026;RTG Material Maitenance;725;15,32;"SILICONE SPRAY;MUNDIAL PRIME/A"
31/08/2026;RTG Material Maitenance;725;75,87;"TINTA;PRATA;SPR 200ML;MUNDIAL"
31/08/2026;RTG Material Maitenance;725;2.302,63;"CJ LAMINAS P/ ACOPL;90MM;132MM"
31/08/2026;RTG Material Maitenance;725;620,12;"PINO;ANTI;TORCAO;FABRICADO"
31/08/2026;RTG Material Maitenance;725;378,48;"MICROTECLADO;VIGIA/X1120A1328"
31/08/2026;RTG Material Maitenance;725;762,61;"MANGOTE;TURBINA;APLICACAO;RTG;"
31/08/2026;RTG Material Maitenance;725;3.774,25;TURBO COMPRESSOR 3104768 QSX15
31/08/2026;RTG Material Maitenance;725;2.383,17;"GRAXA;OLEO MINER;ROCOL/RDOFFSH"
31/08/2026;RTG Material Maitenance;725;1.738,84;"ARGODIODE;DIVISOR DE CARGA;ARG"
31/08/2026;RTG Material Maitenance;725;225,79;"PROTECAO;CONECTOR;BATERIA;PAR"
31/08/2026;RTG Material Maitenance;725;15,89;"TERMINAL P/BATERIA; APERTO; PO"
31/08/2026;RTG Material Maitenance;725;50,44;"TINTA;SPRAY;PRETO; ALTA TEMPER"
31/08/2026;RTG Material Maitenance;725;63,08;"GRAXA;NAUTICA;LIT;INGRAX/UNILI"
31/08/2026;RTG Material Maitenance;725;194,80;"LUBRIFICANTE;MOLYGRAFIT/ACAERO"
31/08/2026;RTG Material Maitenance;725;167,89;"TOALHA IND;BR;KIMBERLY CLARK/W"
31/08/2026;RTG Material Maitenance;725;2.345,00;"OLEO LUBRIF;MOTOR 15W40"
31/08/2026;RTG Material Maitenance;725;94,32;"FILTRO;SEPAR;CUMMINS/FS19763"
31/08/2026;RTG Material Maitenance;725;325,19;"FILTRO;PRIMAR;AR;DONALDSON/P78"
31/08/2026;RTG Material Maitenance;725;3.490,30;"CODIFICADOR/ENCODER;INCREMENT"
31/08/2026;RTG Material Maitenance;726;70,69;"LIMPADOR SUPERF;LAVAGEM A SECO"
31/08/2026;RTG Material Maitenance;726;63,08;"GRAXA;NAUTICA;LIT;INGRAX/UNILI"
31/08/2026;RTG Material Maitenance;726;167,89;"TOALHA IND;BR;KIMBERLY CLARK/W"
31/08/2026;RTG Material Maitenance;726;7.707,67;"CABO ACO PREFORM;IPH/26MM 8X31"
31/08/2026;RTG Material Maitenance;726;64,43;"GRAMPO P/CAB AC;LEV;1 1/4POL;S"
31/08/2026;RTG Material Maitenance;726;2.345,00;"OLEO LUBRIF;MOTOR 15W40"
31/08/2026;RTG Material Maitenance;726;94,32;"FILTRO;SEPAR;CUMMINS/FS19763"
31/08/2026;RTG Material Maitenance;726;44,79;"FILTRO;DO OLEO HID;P556005"
31/08/2026;RTG Material Maitenance;726;268,60;"FILTRO;AG;FLEETGUARD/WF2126;DO"
31/08/2026;RTG Material Maitenance;726;233,98;"ELEMENTO FILTR;OLEO DIESEL;FLE"
31/08/2026;RTG Material Maitenance;726;258,08;"FILTRO;F/R:FLEETGUARD/LF9070"
31/08/2026;RTG Material Maitenance;726;94,32;"FILTRO;SEPAR;CUMMINS/FS19763"
31/08/2026;RTG Material Maitenance;726;94,32;"FILTRO;SEPAR;CUMMINS/FS19763"
31/08/2026;RTG Material Maitenance;726;149,73;"ADITIVO;P/ RADIADOR;COR:AZUL"
31/08/2026;RTG Material Maitenance;726;3,74;"ANEL ELAST;EI;8MM;0,80MM;AC MO"
31/08/2026;RTG Material Maitenance;726;3,74;"ANEL ELAST;EI;8MM;0,80MM;AC MO"
31/08/2026;RTG Material Maitenance;726;85,03;"SUPORTE MANGUEIRA;STD/38"
31/08/2026;RTG Material Maitenance;726;94,32;"FILTRO;SEPAR;CUMMINS/FS19763"
31/08/2026;RTG Material Maitenance;726;401,12;"SENSOR PROX INDUT;8MM;CIL;KALM"
31/08/2026;RTG Material Maitenance;726;117,25;"OLEO LUBRIF;MOTOR 15W40"
31/08/2026;RTG Material Maitenance;726;224,60;"ADITIVO;P/ RADIADOR;COR:AZUL"
31/08/2026;RTG Material Maitenance;726;94,32;"FILTRO;SEPAR;CUMMINS/FS19763"
31/08/2026;RTG Material Maitenance;726;325,19;"FILTRO;PRIMAR;AR;DONALDSON/P78"
31/08/2026;RTG Material Maitenance;726;94,32;"FILTRO;SEPAR;CUMMINS/FS19763"
31/08/2026;RTG Material Maitenance;726;4.690,00;"OLEO LUBRIF;MOTOR 15W40"
31/08/2026;RTG Material Maitenance;726;55,06;"FITA ADES DU FACE;ESP ACRIL;LI"
31/08/2026;RTG Material Maitenance;726;39,06;"ADESIVO SIL ACETICO;BRANCO"
31/08/2026;RTG Material Maitenance;726;94,32;"FILTRO;SEPAR;CUMMINS/FS19763"
31/08/2026;RTG Material Maitenance;726;58,86;"FRASCO;PLAS;INCOL;CIL;250ML;C/"
31/08/2026;RTG Material Maitenance;726;44,79;"FILTRO;DO OLEO HID;P556005"
31/08/2026;RTG Material Maitenance;726;268,60;"FILTRO;AG;FLEETGUARD/WF2126;DO"
31/08/2026;RTG Material Maitenance;726;233,98;"ELEMENTO FILTR;OLEO DIESEL;FLE"
31/08/2026;RTG Material Maitenance;726;258,08;"FILTRO;F/R:FLEETGUARD/LF9070"
31/08/2026;RTG Material Maitenance;726;55,06;"FITA ADES DU FACE;ESP ACRIL;LI"
31/08/2026;RTG Material Maitenance;726;2.345,00;"OLEO LUBRIF;MOTOR 15W40"
31/08/2026;RTG Material Maitenance;727;-94,32;"FILTRO;SEPAR;CUMMINS/FS19763"
31/08/2026;RTG Material Maitenance;727;-258,08;"FILTRO;F/R:FLEETGUARD/LF9070"
31/08/2026;RTG Material Maitenance;727;-185,49;"ELEMENTO FILTR;AR SEC;DONALDSO"
31/08/2026;RTG Material Maitenance;727;2.159,85;"DESENGRAXANTE;20L;CERTIFIED/DA"
31/08/2026;RTG Material Maitenance;727;2.383,17;"GRAXA;OLEO MINER;ROCOL/RDOFFSH"
31/08/2026;RTG Material Maitenance;727;2.345,00;"OLEO LUBRIF;MOTOR 15W40"
31/08/2026;RTG Material Maitenance;727;94,32;"FILTRO;SEPAR;CUMMINS/FS19763"
31/08/2026;RTG Material Maitenance;727;44,79;"FILTRO;DO OLEO HID;P556005"
31/08/2026;RTG Material Maitenance;727;268,60;"FILTRO;AG;FLEETGUARD/WF2126;DO"
31/08/2026;RTG Material Maitenance;727;233,98;"ELEMENTO FILTR;OLEO DIESEL;FLE"
31/08/2026;RTG Material Maitenance;727;258,08;"FILTRO;F/R:FLEETGUARD/LF9070"
31/08/2026;RTG Material Maitenance;727;40,49;"BUZINA;ELET 24VCC;S/CORNETA;BO"
31/08/2026;RTG Material Maitenance;727;19,53;"ADESIVO SIL ACETICO;BRANCO"
31/08/2026;RTG Material Maitenance;727;3,51;"SILICA GEL;2-5MM;BR;SACHE 100G"
31/08/2026;RTG Material Maitenance;727;2.655,78;"CILINDRO;BROMMA/BR1001131"
31/08/2026;RTG Material Maitenance;727;4,69;"SILICA GEL;2-5MM;BR;SACHE 100G"
31/08/2026;RTG Material Maitenance;727;94,32;"FILTRO;SEPAR;CUMMINS/FS19763"
31/08/2026;RTG Material Maitenance;727;299,47;"ADITIVO;P/ RADIADOR;COR:AZUL"
31/08/2026;RTG Material Maitenance;727;94,32;"FILTRO;SEPAR;CUMMINS/FS19763"
31/08/2026;RTG Material Maitenance;727;6.693,00;"MOTOR;LEROY SOMER; 7.5KW-P4-B5"
31/08/2026;RTG Material Maitenance;727;117,25;"OLEO LUBRIF;MOTOR 15W40"
31/08/2026;RTG Material Maitenance;727;74,87;"ADITIVO;P/ RADIADOR;COR:AZUL"
31/08/2026;RTG Material Maitenance;727;460,81;"SENSOR;PINO;TWISTLOCK;KALMAR/J"
31/08/2026;RTG Material Maitenance;727;27,35;"FITA ISOL ELETR;750V;ADES;PVC;"
31/08/2026;RTG Material Maitenance;727;94,32;"FILTRO;SEPAR;CUMMINS/FS19763"
31/08/2026;RTG Material Maitenance;727;325,19;"FILTRO;PRIMAR;AR;DONALDSON/P78"
31/08/2026;RTG Material Maitenance;727;94,32;"FILTRO;SEPAR;CUMMINS/FS19763"
31/08/2026;RTG Material Maitenance;727;4.690,00;"OLEO LUBRIF;MOTOR 15W40"
31/08/2026;RTG Material Maitenance;727;94,32;"FILTRO;SEPAR;CUMMINS/FS19763"
31/08/2026;RTG Material Maitenance;727;158,11;"EMENDA;CORRENTE;F/R:DAIDO/16-B"
31/08/2026;RTG Material Maitenance;727;5.809,43;"CORRENTE TRANSM;DU;DIN 16B-2;2"
31/08/2026;RTG Material Maitenance;727;94,32;"FILTRO;SEPAR;CUMMINS/FS19763"
31/08/2026;RTG Material Maitenance;727;436,93;"BOTAO P/JOYSTICK;CIRC;TERMOPL;"
31/08/2026;RTG Material Maitenance;727;1.048,14;"ADITIVO;P/ RADIADOR;COR:AZUL"
31/08/2026;RTG Material Maitenance;727;94,32;"FILTRO;SEPAR;CUMMINS/FS19763"
31/08/2026;RTG Material Maitenance;727;58,86;"FRASCO;PLAS;INCOL;CIL;250ML;C/"
31/08/2026;RTG Material Maitenance;727;44,79;"FILTRO;DO OLEO HID;P556005"
31/08/2026;RTG Material Maitenance;727;268,60;"FILTRO;AG;FLEETGUARD/WF2126;DO"
31/08/2026;RTG Material Maitenance;727;233,98;"ELEMENTO FILTR;OLEO DIESEL;FLE"
31/08/2026;RTG Material Maitenance;727;258,08;"FILTRO;F/R:FLEETGUARD/LF9070"
31/08/2026;RTG Material Maitenance;727;185,49;"ELEMENTO FILTR;AR SEC;DONALDSO"
31/08/2026;RTG Material Maitenance;727;325,19;"FILTRO;PRIMAR;AR;DONALDSON/P78"
31/08/2026;RTG Material Maitenance;727;18,84;"INTERRUPTOR;SI;1 TECL;LEGRAND"
31/08/2026;RTG Material Maitenance;727;218,48;"FILTRO;P/ OLEO LUBRIFICANTE;FI"
31/08/2026;RTG Material Maitenance;728;-185,49;"ELEMENTO FILTR;AR SEC;DONALDSO"
31/08/2026;RTG Material Maitenance;728;-7.499,27;"CHICOTE;QSX15/CUMMINS/3101579"
31/08/2026;RTG Material Maitenance;728;656,60;"OLEO LUBRIF;MOTOR 15W40"
31/08/2026;RTG Material Maitenance;728;94,32;"FILTRO;SEPAR;CUMMINS/FS19763"
31/08/2026;RTG Material Maitenance;728;94,32;"FILTRO;SEPAR;CUMMINS/FS19763"
31/08/2026;RTG Material Maitenance;728;187,60;"OLEO LUBRIF;MOTOR 15W40"
31/08/2026;RTG Material Maitenance;728;74,87;"ADITIVO;P/ RADIADOR;COR:AZUL"
31/08/2026;RTG Material Maitenance;728;401,12;"SENSOR PROX INDUT;8MM;CIL;KALM"
31/08/2026;RTG Material Maitenance;728;94,32;"FILTRO;SEPAR;CUMMINS/FS19763"
31/08/2026;RTG Material Maitenance;728;13,33;ACENDEDOR MACARICO
31/08/2026;RTG Material Maitenance;728;379,69;"BOLA;AUTOMATICA;EXTINTORA;INCE"
31/08/2026;RTG Material Maitenance;728;17,32;"ESTILETE;RETRAT;LARG;AZ/AM;ABS"
31/08/2026;RTG Material Maitenance;728;40,49;"BUZINA;ELET 24VCC;S/CORNETA;BO"
31/08/2026;RTG Material Maitenance;728;17,97;"CADEADO;LAT MACIC;25MM;S/INVOL"
31/08/2026;RTG Material Maitenance;728;7,72;"FITA ISOLANTE;3M/IMPERIAL AZUL"
31/08/2026;RTG Material Maitenance;728;7,61;"FITA ISOLANTE;3M/IMPERIAL BRAN"
31/08/2026;RTG Material Maitenance;728;27,35;"FITA ISOL ELETR;750V;ADES;PVC;"
31/08/2026;RTG Material Maitenance;728;40,82;"FLUIDO LIMP CONT;WURTH/3895653"
31/08/2026;RTG Material Maitenance;728;104,23;"ISOLANTE LIQ;EPOXI;PT;LAT 200M"
31/08/2026;RTG Material Maitenance;728;20,80;"ADESIVO VED;BRASCOLA/BRASCOVED"
31/08/2026;RTG Material Maitenance;728;70,69;"LIMPADOR SUPERF;LAVAGEM A SECO"
31/08/2026;RTG Material Maitenance;728;347,74;"FILTRO;TELA;CUMMINS/3090769"
31/08/2026;RTG Material Maitenance;728;45,76;"VASELINA;SOLID;LAT 1KG"
31/08/2026;RTG Material Maitenance;728;2.383,17;"GRAXA;OLEO MINER;ROCOL/RDOFFSH"
31/08/2026;RTG Material Maitenance;728;2.345,00;"OLEO LUBRIF;MOTOR 15W40"
31/08/2026;RTG Material Maitenance;728;94,32;"FILTRO;SEPAR;CUMMINS/FS19763"
31/08/2026;RTG Material Maitenance;728;58,86;"FRASCO;PLAS;INCOL;CIL;250ML;C/"
31/08/2026;RTG Material Maitenance;728;44,79;"FILTRO;DO OLEO HID;P556005"
31/08/2026;RTG Material Maitenance;728;268,60;"FILTRO;AG;FLEETGUARD/WF2126;DO"
31/08/2026;RTG Material Maitenance;728;233,98;"ELEMENTO FILTR;OLEO DIESEL;FLE"
31/08/2026;RTG Material Maitenance;728;258,08;"FILTRO;F/R:FLEETGUARD/LF9070"
31/08/2026;RTG Material Maitenance;728;378,48;"MICROTECLADO;VIGIA/X1120A1328"
31/08/2026;RTG Material Maitenance;728;1.079,92;"DESENGRAXANTE;20L;CERTIFIED/DA"
31/08/2026;RTG Material Maitenance;728;621,00;"ELEMENTO FILTR;OLEO;VIDR;SCHRO"
31/08/2026;RTG Material Maitenance;728;164,10;"JUNTA;COLETOR;CUMMINS/4907446"
31/08/2026;RTG Material Maitenance;728;164,10;"JUNTA;COLETOR;CUMMINS/4907446"
31/08/2026;RTG Material Maitenance;728;170,57;"JUNTA;COLETOR;CUMMINS/4907447"
31/08/2026;RTG Material Maitenance;728;170,57;"JUNTA;COLETOR;CUMMINS/4907447"
31/08/2026;RTG Material Maitenance;728;18,61;"ROLAMENTO FIX ESF;1 CAR;30X55X"
31/08/2026;RTG Material Maitenance;728;4.668,15;"SUPORTE;FILTRO;RETORNO;1 POL;A"
31/08/2026;RTG Material Maitenance;728;185,49;"ELEMENTO FILTR;AR SEC;DONALDSO"
31/08/2026;RTG Material Maitenance;728;94,32;"FILTRO;SEPAR;CUMMINS/FS19763"
31/08/2026;RTG Material Maitenance;728;325,19;"FILTRO;PRIMAR;AR;DONALDSON/P78"
31/08/2026;RTG Material Maitenance;729;63,08;"GRAXA;NAUTICA;LIT;INGRAX/UNILI"
31/08/2026;RTG Material Maitenance;730;-27.378,15;"MODULO;BROMMA/BR1703273"
31/08/2026;RTG Material Maitenance;730;112,89;"BOTAO P/JOYSTICK;CIRC;TERMOPL;"
31/08/2026;RTG Material Maitenance;730;132,31;"BOTAO P/JOYSTICK;CIRC;TERMOPL;"
31/08/2026;RTG Material Maitenance;730;3.116,67;"OLEO LUBRIFICANTE;P/ ENGRENAGE"
31/08/2026;RTG Material Maitenance;730;288,58;"OLEO LUBRIFICANTE;P/ ENGRENAGE"
31/08/2026;RTG Material Maitenance;730;2.350,79;"OLEO;HIDIDRAULICO;HVLP 68"
31/08/2026;RTG Material Maitenance;730;27.378,15;"MODULO;BROMMA/BR1703273"
31/08/2026;RTG Material Maitenance;730;491,86;"TRAVA;TERBERG/T24043874"
31/08/2026;RTG Material Maitenance;730;532,15;"TRAVA;KONECRANES/6063001"
31/08/2026;RTG Material Maitenance;730;263,65;"FECHADURA;L;TERBERG/24052088"
31/08/2026;RTG Material Maitenance;730;460,81;"SENSOR;PINO;TWISTLOCK;KALMAR/J"
31/08/2026;RTG Material Maitenance;730;2.345,00;"OLEO LUBRIF;MOTOR 15W40"
31/08/2026;RTG Material Maitenance;730;94,32;"FILTRO;SEPAR;CUMMINS/FS19763"
31/08/2026;RTG Material Maitenance;730;58,86;"FRASCO;PLAS;INCOL;CIL;250ML;C/"
31/08/2026;RTG Material Maitenance;730;44,79;"FILTRO;DO OLEO HID;P556005"
31/08/2026;RTG Material Maitenance;730;268,60;"FILTRO;AG;FLEETGUARD/WF2126;DO"
31/08/2026;RTG Material Maitenance;730;233,98;"ELEMENTO FILTR;OLEO DIESEL;FLE"
31/08/2026;RTG Material Maitenance;730;258,08;"FILTRO;F/R:FLEETGUARD/LF9070"
31/08/2026;RTG Material Maitenance;730;94,62;"GRAXA;NAUTICA;LIT;INGRAX/UNILI"
31/08/2026;RTG Material Maitenance;730;139,68;"TELA;CUMMINS/4076598"
31/08/2026;RTG Material Maitenance;730;1.079,92;"DESENGRAXANTE;20L;CERTIFIED/DA"
31/08/2026;RTG Material Maitenance;730;167,89;"TOALHA IND;BR;KIMBERLY CLARK/W"
31/08/2026;RTG Material Maitenance;731;-57,45;"FILTRO;ENC;PARKER/2020PMOR30M"
31/08/2026;RTG Material Maitenance;731;3.038,63;"CORREIA;V;ESTRIADA;VENTILADOR;APLICACAO;MOTOR;DIES"
31/08/2026;RTG Material Maitenance;731;2.696,75;"OLEO LUBRIF;MOTOR 15W40"
31/08/2026;RTG Material Maitenance;731;1.048,14;"ADITIVO;P/ RADIADOR;COR:AZUL"
31/08/2026;RTG Material Maitenance;731;1.037,49;"ELEMENTO;FILTRANTE;FS53015"
31/08/2026;RTG Material Maitenance;731;764,15;"FILTRO;OLEO MOTOR LF14000NN"
31/08/2026;RTG Material Maitenance;731;55,06;"FITA ADES DU FACE;ESP ACRIL;LI"
31/08/2026;RTG Material Maitenance;731;3.038,63;"CORREIA;V;ESTRIADA;VENTILADOR;APLICACAO;MOTOR;DIES"
31/08/2026;RTG Material Maitenance;731;58,86;"FRASCO;PLAS;INCOL;CIL;250ML;C/"
31/08/2026;RTG Material Maitenance;731;1.582,16;"FILTRO;COMBUSTIVEL;FF5782NN"
31/08/2026;RTG Material Maitenance;731;4.690,00;"OLEO LUBRIF;MOTOR 15W40"
31/08/2026;RTG Material Maitenance;731;2.773,49;"KIT;ELEMENTOS;FLEETGUARD AA296"
31/08/2026;RTG Material Maitenance;731;4.077,79;"VENTILADOR;9PAS.;MOTOR;DIESEL;"
31/08/2026;RTG Material Maitenance;732;-45,76;"VASELINA;SOLID;LAT 1KG"
31/08/2026;RTG Material Maitenance;732;-57,45;"FILTRO;ENC;PARKER/2020PMOR30M"
31/08/2026;RTG Material Maitenance;732;140,70;"OLEO LUBRIF;MOTOR 15W40"
31/08/2026;RTG Material Maitenance;732;47,71;"ESPELHO;UNIVERSAL;LD/LE;LS316"
31/08/2026;RTG Material Maitenance;732;2.696,75;"OLEO LUBRIF;MOTOR 15W40"
31/08/2026;RTG Material Maitenance;732;58,86;"FRASCO;PLAS;INCOL;CIL;250ML;C/"
31/08/2026;RTG Material Maitenance;732;54,23;"FILTRO;AG;ROSC;FLEETGUARD/WF21"
31/08/2026;RTG Material Maitenance;732;764,15;"FILTRO;OLEO MOTOR LF14000NN"
31/08/2026;RTG Material Maitenance;732;1.582,16;"FILTRO;COMBUSTIVEL;FF5782NN"
31/08/2026;RTG Material Maitenance;732;1.079,92;"DESENGRAXANTE;20L;CERTIFIED/DA"
31/08/2026;RTG Material Maitenance;732;2.027,04;"BATERIA AUTO;SELAD;12V;180A"
31/08/2026;RTG Material Maitenance;732;45,76;"VASELINA;SOLID;LAT 1KG"
31/08/2026;RTG Material Maitenance;732;1.037,49;"ELEMENTO;FILTRANTE;FS53015"
31/08/2026;RTG Material Maitenance;733;234,50;"OLEO LUBRIF;MOTOR 15W40"
31/08/2026;RTG Material Maitenance;733;25,36;"FITA VED PTFE;18MM;0,70MM;ROL"
31/08/2026;RTG Material Maitenance;733;13,61;"SILICA GEL;2-5MM;BR;SACHE 10G"
31/08/2026;RTG Material Maitenance;733;11,95;"SILICA GEL;2-5MM;BR;SACHE 250G"
31/08/2026;RTG Material Maitenance;733;2,34;"SILICA GEL;2-5MM;BR;SACHE 100G"
31/08/2026;RTG Material Maitenance;733;2.696,75;"OLEO LUBRIF;MOTOR 15W40"
31/08/2026;RTG Material Maitenance;733;54,23;"FILTRO;AG;ROSC;FLEETGUARD/WF21"
31/08/2026;RTG Material Maitenance;733;764,15;"FILTRO;OLEO MOTOR LF14000NN"
31/08/2026;RTG Material Maitenance;733;1.037,49;"ELEMENTO;FILTRANTE;FS53015"
31/08/2026;RTG Material Maitenance;733;2.696,75;"OLEO LUBRIF;MOTOR 15W40"
31/08/2026;RTG Material Maitenance;733;58,86;"FRASCO;PLAS;INCOL;CIL;250ML;C/"
31/08/2026;RTG Material Maitenance;733;54,23;"FILTRO;AG;ROSC;FLEETGUARD/WF21"
31/08/2026;RTG Material Maitenance;733;764,15;"FILTRO;OLEO MOTOR LF14000NN"
31/08/2026;RTG Material Maitenance;733;1.582,16;"FILTRO;COMBUSTIVEL;FF5782NN"
31/08/2026;RTG Material Maitenance;734;149,73;"ADITIVO;P/ RADIADOR;COR:AZUL"
31/08/2026;RTG Material Maitenance;734;281,40;"OLEO LUBRIF;MOTOR 15W40"
31/08/2026;RTG Material Maitenance;734;2.696,75;"OLEO LUBRIF;MOTOR 15W40"
31/08/2026;RTG Material Maitenance;734;58,86;"FRASCO;PLAS;INCOL;CIL;250ML;C/"
31/08/2026;RTG Material Maitenance;734;764,15;"FILTRO;OLEO MOTOR LF14000NN"
31/08/2026;RTG Material Maitenance;734;1.079,92;"DESENGRAXANTE;20L;CERTIFIED/DA"
31/08/2026;RTG Material Maitenance;734;1.582,16;"FILTRO;COMBUSTIVEL;FF5782NN"
31/08/2026;RTG Material Maitenance;734;234,50;"OLEO LUBRIF;MOTOR 15W40"
31/08/2026;RTG Material Maitenance;734;54,23;"FILTRO;AG;ROSC;FLEETGUARD/WF21"
31/08/2026;RTG Material Maitenance;734;1.115,09;"BATERIA;CHUMBO;12V;70AH;175X175X282MM;POLO;DIREITO"
31/08/2026;RTG Material Maitenance;735;-1.386,75;"KIT;ELEMENTOS;FLEETGUARD AA296"
31/08/2026;RTG Material Maitenance;735;-1.386,75;"KIT;ELEMENTOS;FLEETGUARD AA296"
31/08/2026;RTG Material Maitenance;735;2.773,49;"KIT;ELEMENTOS;FLEETGUARD AA296"
31/08/2026;RTG Material Maitenance;735;351,75;"OLEO LUBRIF;MOTOR 15W40"
31/08/2026;RTG Material Maitenance;735;2.249,82;"BOBINA;FREIO;COMPLETA;ZPMC/TJU"
31/08/2026;RTG Material Maitenance;735;707,37;"BATERIA;ACIDO-CHUMBO;12V;100AH"
31/08/2026;RTG Material Maitenance;735;234,50;"OLEO LUBRIF;MOTOR 15W40"
31/08/2026;RTG Material Maitenance;735;2.696,75;"OLEO LUBRIF;MOTOR 15W40"
31/08/2026;RTG Material Maitenance;735;66,86;"CADEADO;LAT MACIC;50MM;S/INVOL"
31/08/2026;RTG Material Maitenance;735;27,35;"FITA ISOL ELETR;750V;ADES;PVC;"
31/08/2026;RTG Material Maitenance;735;45,73;"PARAFUSO;ALLEN;M6X80MM;PASSO:1"
31/08/2026;RTG Material Maitenance;735;1.442,92;"FILTRO;GERADOR;STAMFORD;FABRICADO;APLICACAO;RTG;ZP"
31/08/2026;RTG Material Maitenance;735;40,82;"FLUIDO LIMP CONT;WURTH/3895653"
31/08/2026;RTG Material Maitenance;735;2.159,85;"DESENGRAXANTE;20L;CERTIFIED/DA"
31/08/2026;RTG Material Maitenance;735;1.048,14;"ADITIVO;P/ RADIADOR;COR:AZUL"
31/08/2026;RTG Material Maitenance;735;58,86;"FRASCO;PLAS;INCOL;CIL;250ML;C/"
31/08/2026;RTG Material Maitenance;735;54,23;"FILTRO;AG;ROSC;FLEETGUARD/WF21"
31/08/2026;RTG Material Maitenance;735;764,15;"FILTRO;OLEO MOTOR LF14000NN"
31/08/2026;RTG Material Maitenance;735;1.582,16;"FILTRO;COMBUSTIVEL;FF5782NN"
31/08/2026;RTG Material Maitenance;735;2.773,49;"KIT;ELEMENTOS;FLEETGUARD AA296"
31/08/2026;RTG Material Maitenance;735;1.037,49;"ELEMENTO;FILTRANTE;FS53015"
31/08/2026;RTG Material Maitenance;735;108,90;"BLOCO;CONTATOR;AUXILIAR;APLICACAO;HEADBLOCK;RTG;ZP"
31/08/2026;RTG Material Maitenance;736;-1.907,61;"CABO;SENSOR;BROMMA;MR+F90"
31/08/2026;RTG Material Maitenance;736;1.079,92;"DESENGRAXANTE;20L;CERTIFIED/DA"
31/08/2026;RTG Material Maitenance;736;1.582,16;"FILTRO;COMBUSTIVEL;FF5782NN"
31/08/2026;RTG Material Maitenance;736;2.696,75;"OLEO LUBRIF;MOTOR 15W40"
31/08/2026;RTG Material Maitenance;736;58,86;"FRASCO;PLAS;INCOL;CIL;250ML;C/"
31/08/2026;RTG Material Maitenance;736;764,15;"FILTRO;OLEO MOTOR LF14000NN"
31/08/2026;RTG Material Maitenance;736;41,60;"ADESIVO VED;BRASCOLA/BRASCOVED"
31/08/2026;RTG Material Maitenance;736;54,23;"FILTRO;AG;ROSC;FLEETGUARD/WF21"
31/08/2026;RTG Material Maitenance;737;-57,45;"FILTRO;ENC;PARKER/2020PMOR30M"
31/08/2026;RTG Material Maitenance;737;164,15;"OLEO LUBRIF;MOTOR 15W40"
31/08/2026;RTG Material Maitenance;737;234,50;"OLEO LUBRIF;MOTOR 15W40"
31/08/2026;RTG Material Maitenance;737;46,28;"QUEROSENE;FR 1L"
31/08/2026;RTG Material Maitenance;737;235,44;"FRASCO;PLAS;INCOL;CIL;250ML;C/"
31/08/2026;RTG Material Maitenance;737;2.696,75;"OLEO LUBRIF;MOTOR 15W40"
31/08/2026;RTG Material Maitenance;737;58,86;"FRASCO;PLAS;INCOL;CIL;250ML;C/"
31/08/2026;RTG Material Maitenance;737;764,15;"FILTRO;OLEO MOTOR LF14000NN"
31/08/2026;RTG Material Maitenance;737;1.582,16;"FILTRO;COMBUSTIVEL;FF5782NN"
31/08/2026;RTG Material Maitenance;737;398,37;"LIMPADOR SUPERF;VIDR;LIQ;FR 50"
31/08/2026;RTG Material Maitenance;737;2.350,79;"OLEO;HIDIDRAULICO;HVLP 68"
31/08/2026;RTG Material Maitenance;737;13.527,73;"OLEO;HIDIDRAULICO;HVLP 68"
31/08/2026;RTG Material Maitenance;737;2.267,42;"OLEO MOTOR; CAMINHAO FORD; 200"
31/08/2026;RTG Material Maitenance;737;8.933,00;"OLEO;HIDIDRAULICO;HVLP 68"
31/08/2026;RTG Material Maitenance;737;5.152,54;"OLEO LUBRIF;TRANS;S3 ATF-MD3"
31/08/2026;RTG Material Maitenance;737;11.889,15;"OLEO LUBRIF;MOTOR 15W40"
31/08/2026;RTG Material Maitenance;737;4.789,33;"OLEO LUBRIF;TRANS;S1;ATF-TASA"
31/08/2026;RTG Material Maitenance;737;1.289,44;"OLEO LUBRIFICANTE;10W30;VISCOS"
31/08/2026;RTG Material Maitenance;737;4.690,00;"OLEO LUBRIF;MOTOR 15W40"
31/08/2026;RTG Material Maitenance;737;54,23;"FILTRO;AG;ROSC;FLEETGUARD/WF21"
31/08/2026;RTG Material Maitenance;738;-57,45;"FILTRO;ENC;PARKER/2020PMOR30M"
31/08/2026;RTG Material Maitenance;738;1.037,49;"ELEMENTO;FILTRANTE;FS53015"
31/08/2026;RTG Material Maitenance;738;82,38;"FILTRO;ENC;PARKER/2020PMOR30M"
31/08/2026;RTG Material Maitenance;738;791,08;"FILTRO;COMBUSTIVEL;FF5782NN"
31/08/2026;RTG Material Maitenance;738;2.773,49;"KIT;ELEMENTOS;FLEETGUARD AA296"
31/08/2026;RTG Material Maitenance;738;2.074,98;"ELEMENTO;FILTRANTE;FS53015"
31/08/2026;RTG Material Maitenance;738;31.623,33;"BICO;INJETOR;APLICACAO;MOTOR;D"
31/08/2026;RTG Material Maitenance;738;189.566,59;"BOMBA;COMBUSTIVEL;INJETORA;APL"
31/08/2026;RTG Material Maitenance;738;167,89;"TOALHA IND;BR;KIMBERLY CLARK/W"
31/08/2026;RTG Material Maitenance;738;47,57;"ORING;APLICACAO:REPARO FREIO;E"
31/08/2026;RTG Material Maitenance;738;54,23;"FILTRO;AG;ROSC;FLEETGUARD/WF21"
31/08/2026;RTG Material Maitenance;738;2.696,75;"OLEO LUBRIF;MOTOR 15W40"
31/08/2026;RTG Material Maitenance;738;1.048,14;"ADITIVO;P/ RADIADOR;COR:AZUL"
31/08/2026;RTG Material Maitenance;738;764,15;"FILTRO;OLEO MOTOR LF14000NN"
31/08/2026;RTG Material Maitenance;738;2.773,49;"KIT;ELEMENTOS;FLEETGUARD AA296"
31/08/2026;RTG Material Maitenance;738;368,05;"BOTOEIRA MONT;1 BOT;SIEMENS/3S"
31/08/2026;RTG Material Maitenance;738;686,96;"SIRENE;BC-8;NANHUA;TENSAO 24V"
31/08/2026;RTG Material Maitenance;738;144,53;"HASTE;VARETA;ACO;INOX;3.0MM;TA"
31/08/2026;RTG Material Maitenance;738;17,32;"ESTILETE;RETRAT;LARG;AZ/AM;ABS"
31/08/2026;RTG Material Maitenance;738;14,80;"LIMPADOR SUPERF;MULTI-USO;AZULIM;500ML"
31/08/2026;RTG Material Maitenance;738;11.543,21;"OLEO LUBRIFICANTE;P/ ENGRENAGE"
31/08/2026;RTG Material Maitenance;738;1.037,49;"ELEMENTO;FILTRANTE;FS53015"
31/08/2026;RTG Material Maitenance;738;1.582,16;"FILTRO;COMBUSTIVEL;FF5782NN"
31/08/2026;RTG Material Maitenance;738;4.690,00;"OLEO LUBRIF;MOTOR 15W40"
31/08/2026;RTG Material Maitenance;738;4.690,00;"OLEO LUBRIF;MOTOR 15W40"
31/08/2026;RTG Material Maitenance;738;2.696,75;"OLEO LUBRIF;MOTOR 15W40"
31/08/2026;RTG Material Maitenance;738;58,86;"FRASCO;PLAS;INCOL;CIL;250ML;C/"
31/08/2026;RTG Material Maitenance;738;54,23;"FILTRO;AG;ROSC;FLEETGUARD/WF21"
31/08/2026;RTG Material Maitenance;738;764,15;"FILTRO;OLEO MOTOR LF14000NN"
31/08/2026;RTG Material Maitenance;738;1.582,16;"FILTRO;COMBUSTIVEL;FF5782NN"
31/08/2026;RTG Material Maitenance;738;4.746,23;"MODULO;RETIFICADOR;FREIO;GIRO;"
31/08/2026;RTG Material Maitenance;738;1.037,49;"ELEMENTO;FILTRANTE;FS53015"
31/08/2026;RTG Material Maitenance;739;-57,45;"FILTRO;ENC;PARKER/2020PMOR30M"
31/08/2026;RTG Material Maitenance;739;194,80;"LUBRIFICANTE;MOLYGRAFIT/ACAERO"
31/08/2026;RTG Material Maitenance;739;2.696,75;"OLEO LUBRIF;MOTOR 15W40"
31/08/2026;RTG Material Maitenance;739;54,23;"FILTRO;AG;ROSC;FLEETGUARD/WF21"
31/08/2026;RTG Material Maitenance;739;764,15;"FILTRO;OLEO MOTOR LF14000NN"
31/08/2026;RTG Material Maitenance;739;1.037,49;"ELEMENTO;FILTRANTE;FS53015"
31/08/2026;RTG Material Maitenance;739;257,73;"BACTERICIDA;METASIL/DESIX AIR"
31/08/2026;RTG Material Maitenance;739;167,89;"TOALHA IND;BR;KIMBERLY CLARK/W"
31/08/2026;RTG Material Maitenance;739;172,63;"LIMPADOR SUPERF;VIDR;LIQ;FR 50"
31/08/2026;RTG Material Maitenance;739;117,25;"OLEO LUBRIF;MOTOR 15W40"
31/08/2026;RTG Material Maitenance;739;2.696,75;"OLEO LUBRIF;MOTOR 15W40"
31/08/2026;RTG Material Maitenance;739;1.048,14;"ADITIVO;P/ RADIADOR;COR:AZUL"
31/08/2026;RTG Material Maitenance;739;58,86;"FRASCO;PLAS;INCOL;CIL;250ML;C/"
31/08/2026;RTG Material Maitenance;739;54,23;"FILTRO;AG;ROSC;FLEETGUARD/WF21"
31/08/2026;RTG Material Maitenance;739;764,15;"FILTRO;OLEO MOTOR LF14000NN"
31/08/2026;RTG Material Maitenance;739;1.582,16;"FILTRO;COMBUSTIVEL;FF5782NN"
31/08/2026;RTG Material Maitenance;739;331,98;"LIMPADOR SUPERF;VIDR;LIQ;FR 50"
31/08/2026;RTG Material Maitenance;739;2.773,49;"KIT;ELEMENTOS;FLEETGUARD AA296"
31/08/2026;RTG Material Maitenance;739;1.037,49;"ELEMENTO;FILTRANTE;FS53015"
31/08/2026;RTG Material Maitenance;740;-562,05;"COIFA;PARA MANIPULADOR;COMANDO"
31/08/2026;RTG Material Maitenance;740;-1.386,75;"KIT;ELEMENTOS;FLEETGUARD AA296"
31/08/2026;RTG Material Maitenance;740;2.696,75;"OLEO LUBRIF;MOTOR 15W40"
31/08/2026;RTG Material Maitenance;740;1.048,14;"ADITIVO;P/ RADIADOR;COR:AZUL"
31/08/2026;RTG Material Maitenance;740;54,23;"FILTRO;AG;ROSC;FLEETGUARD/WF21"
31/08/2026;RTG Material Maitenance;740;764,15;"FILTRO;OLEO MOTOR LF14000NN"
31/08/2026;RTG Material Maitenance;740;2.773,49;"KIT;ELEMENTOS;FLEETGUARD AA296"
31/08/2026;RTG Material Maitenance;740;167,89;"TOALHA IND;BR;KIMBERLY CLARK/W"
31/08/2026;RTG Material Maitenance;740;129,82;"CAIXA;PASSAGEM;QUADRADA;100X10"
31/08/2026;RTG Material Maitenance;740;129,82;"CAIXA;PASSAGEM;QUADRADA;100X10"
31/08/2026;RTG Material Maitenance;740;368,05;"BOTOEIRA MONT;1 BOT;SIEMENS/3S"
31/08/2026;RTG Material Maitenance;740;63,08;"GRAXA;NAUTICA;LIT;INGRAX/UNILI"
31/08/2026;RTG Material Maitenance;740;68,65;"BARRA ROSC AC INOX;AISI 304;M1"
31/08/2026;RTG Material Maitenance;740;1.037,49;"ELEMENTO;FILTRANTE;FS53015"
31/08/2026;RTG Material Maitenance;740;1.582,16;"FILTRO;COMBUSTIVEL;FF5782NN"
31/08/2026;RTG Material Maitenance;740;146,96;"VASELINA;SOLID;GL 3KG"
31/08/2026;RTG Material Maitenance;740;40,26;"LAMINA P/ESTIL;LARG;100X18X0,5;18MM"
31/08/2026;RTG Material Maitenance;740;81,64;"FLUIDO LIMP CONT;WURTH/3895653"
31/08/2026;RTG Material Maitenance;740;72,51;"DESENGRAXANTE;P/MAOS;GEL;WURTH"
31/08/2026;RTG Material Maitenance;740;38,09;"OLEO DESENGRIP;AEROSSOL 300ML;"
31/08/2026;RTG Material Maitenance;740;2.696,75;"OLEO LUBRIF;MOTOR 15W40"
31/08/2026;RTG Material Maitenance;740;58,86;"FRASCO;PLAS;INCOL;CIL;250ML;C/"
31/08/2026;RTG Material Maitenance;740;54,23;"FILTRO;AG;ROSC;FLEETGUARD/WF21"
31/08/2026;RTG Material Maitenance;740;764,15;"FILTRO;OLEO MOTOR LF14000NN"
31/08/2026;RTG Material Maitenance;740;1.582,16;"FILTRO;COMBUSTIVEL;FF5782NN"
31/08/2026;RTG Material Maitenance;740;368,05;"BOTOEIRA MONT;1 BOT;SIEMENS/3S"
31/08/2026;RTG Material Maitenance;740;279,51;"TERMINAL;OLH;FR 17,50MM;240MM2"
31/08/2026;RTG Material Maitenance;740;40,82;"FLUIDO LIMP CONT;WURTH/3895653"
31/08/2026;RTG Material Maitenance;740;12,70;"OLEO DESENGRIP;AEROSSOL 300ML;"
31/08/2026;RTG Material Maitenance;740;1.124,11;"COIFA;PARA MANIPULADOR;COMANDO"
31/08/2026;RTG Material Maitenance;740;38,09;"OLEO DESENGRIP;AEROSSOL 300ML;"
31/08/2026;RTG Material Maitenance;740;61,23;"FLUIDO LIMP CONT;WURTH/3895653"
31/08/2026;RTG Material Maitenance;740;1.037,49;"ELEMENTO;FILTRANTE;FS53015"
31/08/2026;RTG Material Maitenance;740;1.386,75;"KIT;ELEMENTOS;FLEETGUARD AA296"
31/08/2026;RTG Material Maitenance;740;1.386,75;"KIT;ELEMENTOS;FLEETGUARD AA296"
31/08/2026;RTG Material Maitenance;741;194,80;"LUBRIFICANTE;MOLYGRAFIT/ACAERO"
31/08/2026;RTG Material Maitenance;741;2.696,75;"OLEO LUBRIF;MOTOR 15W40"
31/08/2026;RTG Material Maitenance;741;58,86;"FRASCO;PLAS;INCOL;CIL;250ML;C/"
31/08/2026;RTG Material Maitenance;741;764,15;"FILTRO;OLEO MOTOR LF14000NN"
31/08/2026;RTG Material Maitenance;741;1.037,49;"ELEMENTO;FILTRANTE;FS53015"
31/08/2026;RTG Material Maitenance;741;124,61;"FILTRO;CART;AG;11/16-16UN;BALD"
31/08/2026;RTG Material Maitenance;741;1.582,16;"FILTRO;COMBUSTIVEL;FF5782NN"
31/08/2026;RTG Material Maitenance;741;4.690,00;"OLEO LUBRIF;MOTOR 15W40"
31/08/2026;RTG Material Maitenance;W900;7.096,28;"PNEU;140024IND428LONAS"
31/08/2026;RTG Material Maitenance;W900;2.080,90;"PNEU 1400X24;RECAPADO; ARO:24;"
